# vsim -vopt work.top -voptargs="+acc=npr" -assertdebug -l simulation.log -coverage -c -do "coverage save -onexit -assert -directive -cvg -codeAll coverage.ucdb; run -all; coverage report -detail; exit" 
# Start time: 11:53:40 on May 27,2025
# ** Note: (vsim-3813) Design is being optimized due to module recompilation...
# ** Note: (vopt-143) Recognized 1 FSM in module "master_bridge(fast)".
# ** Warning: ApbTop.sv(12): (vopt-2685) [TFMPC] - Too few port connections for 'dut'.  Expected 9, found 8.
# ** Warning: ApbTop.sv(12): (vopt-2718) [TFMPC] - Missing connection for port 'PSLVERR'.
# //  Questa Sim
# //  Version 10.6c linux Jul 25 2017
# //
# //  Copyright 1991-2017 Mentor Graphics Corporation
# //  All Rights Reserved.
# //
# //  QuestaSim and its associated documentation contain trade
# //  secrets and commercial or financial information that are the property of
# //  Mentor Graphics Corporation and are privileged, confidential,
# //  and exempt from disclosure under the Freedom of Information Act,
# //  5 U.S.C. Section 552. Furthermore, this information
# //  is prohibited from disclosure under the Trade Secrets Act,
# //  18 U.S.C. Section 1905.
# //
# Loading sv_std.std
# Loading mtiUvm.uvm_pkg
# Loading work.ApbTop_sv_unit(fast)
# Loading work.top(fast)
# Loading work.APB_Protocol(fast)
# Loading work.master_bridge(fast)
# Loading work.slave1(fast)
# Loading work.slave2(fast)
# Loading work.ApbInterface(fast)
# Loading mtiUvm.questa_uvm_pkg(fast)
# Loading work.ApbInterface(fast)
# Loading /tools/mentor/questasim_10.6c/questasim/uvm-1.1d/linux/uvm_dpi.so
# coverage save -onexit -assert -directive -cvg -codeAll coverage.ucdb
#  run -all
# ----------------------------------------------------------------
# UVM-1.1d
# (C) 2007-2013 Mentor Graphics Corporation
# (C) 2007-2013 Cadence Design Systems, Inc.
# (C) 2006-2013 Synopsys, Inc.
# (C) 2011-2013 Cypress Semiconductor Corp.
# ----------------------------------------------------------------
# 
#   ***********       IMPORTANT RELEASE NOTES         ************
# 
#   You are using a version of the UVM library that has been compiled
#   with `UVM_NO_DEPRECATED undefined.
#   See http://www.eda.org/svdb/view.php?id=3313 for more details.
# 
#   You are using a version of the UVM library that has been compiled
#   with `UVM_OBJECT_MUST_HAVE_CONSTRUCTOR undefined.
#   See http://www.eda.org/svdb/view.php?id=3770 for more details.
# 
#       (Specify +UVM_NO_RELNOTES to turn off this notice)
# 
# UVM_INFO verilog_src/questa_uvm_pkg-1.2/src/questa_uvm_pkg.sv(215) @ 0: reporter [Questa UVM] QUESTA_UVM-1.2.3
# UVM_INFO verilog_src/questa_uvm_pkg-1.2/src/questa_uvm_pkg.sv(217) @ 0: reporter [Questa UVM]  questa_uvm::init(+struct)
# UVM_INFO @ 0: reporter [RNTST] Running test ApbRegressionTest...
# ------------------------------------------------------------------
# Name                         Type                      Size  Value
# ------------------------------------------------------------------
# uvm_test_top                 ApbRegressionTest         -     @471 
#   env_h                      ApbEnvironment            -     @478 
#     act_h                    ApbActiveAgent            -     @509 
#       drv_h                  ApbDriver                 -     @561 
#         rsp_port             uvm_analysis_port         -     @576 
#         seq_item_port        uvm_seq_item_pull_port    -     @568 
#       ip_mon_h               ApbIpMonitor              -     @693 
#         item_collected_port  uvm_analysis_port         -     @700 
#       seqr_h                 ApbSequencer              -     @584 
#         rsp_export           uvm_analysis_export       -     @591 
#         seq_item_export      uvm_seq_item_pull_imp     -     @685 
#         arbitration_queue    array                     0     -    
#         lock_queue           array                     0     -    
#         num_last_reqs        integral                  32    'd1  
#         num_last_rsps        integral                  32    'd1  
#     cov_h                    ApbCoverage               -     @530 
#       analysis_imp           uvm_analysis_imp          -     @537 
#       ip_mon_imp             uvm_analysis_imp_ip_mon   -     @545 
#       op_mon_imp             uvm_analysis_imp_op_mon   -     @553 
#     pass_h                   ApbPassiveAgent           -     @516 
#       op_mon_h               ApbOpMonitor              -     @719 
#         item_collected_port  uvm_analysis_port         -     @726 
#     scb_h                    ApbScoreboard             -     @523 
#       in_mon_port            uvm_analysis_imp_in_mon   -     @739 
#       out_mon_port           uvm_analysis_imp_out_mon  -     @747 
# ------------------------------------------------------------------
# UVM_INFO ApbScoreboard.sv(39) @ 5: uvm_test_top.env_h.scb_h [SB] EXPECTED TRANSACTION: size = 1 | TRANSFER = 0 | RW = 0 | WDATA = 0 | WPADDR = 0 | RPADDR = 0
# ----------------------------------------------INPUT MONITOR-------------------------------------------------------
# --------------------------------------------
# Name                 Type        Size  Value
# --------------------------------------------
# ip_mon_h             ApbSeqItem  -     @709 
#   apb_write_paddr    integral    9     'h0  
#   apb_read_paddr     integral    9     'h0  
#   apb_write_data     integral    8     'h0  
#   transfer           integral    1     'h0  
#   READ_WRITE         integral    1     'h0  
#   apb_read_data_out  integral    8     'h0  
# --------------------------------------------
# WRITE ADDRESS = 000000000  READ ADDRESS =000000000 || WRITE DATA =0
# THE RESET IS 0
# ----------------------------------------------INPUT MONITOR-------------------------------------------------------
# UVM_INFO ApbScoreboard.sv(46) @ 5: uvm_test_top.env_h.scb_h [SB] ACTUAL TRANSACTION: size = 1 | TRANSFER = 0 | RW = 0 | WPADDR = 0 | WDATA = 0 | RDATA = 0 | RPADDR = 0
# ----------------------------------------------OUTPUT MONITOR-------------------------------------------------------
# --------------------------------------------
# Name                 Type        Size  Value
# --------------------------------------------
# op_mon_h             ApbSeqItem  -     @734 
#   apb_write_paddr    integral    9     'h0  
#   apb_read_paddr     integral    9     'h0  
#   apb_write_data     integral    8     'h0  
#   transfer           integral    1     'h0  
#   READ_WRITE         integral    1     'h0  
#   apb_read_data_out  integral    8     'h0  
# --------------------------------------------
# ----------------------------------------------OUTPUT MONITOR-------------------------------------------------------
# UVM_INFO ApbScoreboard.sv(39) @ 15: uvm_test_top.env_h.scb_h [SB] EXPECTED TRANSACTION: size = 1 | TRANSFER = 0 | RW = 0 | WDATA = 0 | WPADDR = 0 | RPADDR = 0
# ----------------------------------------------INPUT MONITOR-------------------------------------------------------
# --------------------------------------------
# Name                 Type        Size  Value
# --------------------------------------------
# ip_mon_h             ApbSeqItem  -     @709 
#   apb_write_paddr    integral    9     'h0  
#   apb_read_paddr     integral    9     'h0  
#   apb_write_data     integral    8     'h0  
#   transfer           integral    1     'h0  
#   READ_WRITE         integral    1     'h0  
#   apb_read_data_out  integral    8     'h0  
# --------------------------------------------
# WRITE ADDRESS = 000000000  READ ADDRESS =000000000 || WRITE DATA =0
# THE RESET IS 0
# ----------------------------------------------INPUT MONITOR-------------------------------------------------------
# ---------------------------------DRIVER-------------------
# ------------------------------------------------------------------------------------------------
# Name                           Type        Size  Value                                          
# ------------------------------------------------------------------------------------------------
# txn                            ApbSeqItem  -     @759                                           
#   apb_write_paddr              integral    9     'h8                                            
#   apb_read_paddr               integral    9     'h10f                                          
#   apb_write_data               integral    8     'h50                                           
#   transfer                     integral    1     'h1                                            
#   READ_WRITE                   integral    1     'h0                                            
#   apb_read_data_out            integral    8     'h0                                            
#   begin_time                   time        64    15                                             
#   depth                        int         32    'd2                                            
#   parent sequence (name)       string      15    writereadseq1_h                                
#   parent sequence (full name)  string      47    uvm_test_top.env_h.act_h.seqr_h.writereadseq1_h
#   sequencer                    string      31    uvm_test_top.env_h.act_h.seqr_h                
# ------------------------------------------------------------------------------------------------
# --------------------------------------DRIVER----------------------------------
# UVM_INFO ApbScoreboard.sv(39) @ 25: uvm_test_top.env_h.scb_h [SB] EXPECTED TRANSACTION: size = 2 | TRANSFER = 0 | RW = 0 | WDATA = 0 | WPADDR = 0 | RPADDR = 0
# ----------------------------------------------INPUT MONITOR-------------------------------------------------------
# --------------------------------------------
# Name                 Type        Size  Value
# --------------------------------------------
# ip_mon_h             ApbSeqItem  -     @709 
#   apb_write_paddr    integral    9     'h0  
#   apb_read_paddr     integral    9     'h0  
#   apb_write_data     integral    8     'h0  
#   transfer           integral    1     'h0  
#   READ_WRITE         integral    1     'h0  
#   apb_read_data_out  integral    8     'h0  
# --------------------------------------------
# WRITE ADDRESS = 000000000  READ ADDRESS =000000000 || WRITE DATA =0
# THE RESET IS 1
# ----------------------------------------------INPUT MONITOR-------------------------------------------------------
# UVM_INFO ApbScoreboard.sv(46) @ 25: uvm_test_top.env_h.scb_h [SB] ACTUAL TRANSACTION: size = 1 | TRANSFER = 0 | RW = 0 | WPADDR = 0 | WDATA = 0 | RDATA = 0 | RPADDR = 0
# ----------------------------------------------OUTPUT MONITOR-------------------------------------------------------
# --------------------------------------------
# Name                 Type        Size  Value
# --------------------------------------------
# op_mon_h             ApbSeqItem  -     @734 
#   apb_write_paddr    integral    9     'h0  
#   apb_read_paddr     integral    9     'h0  
#   apb_write_data     integral    8     'h0  
#   transfer           integral    1     'h0  
#   READ_WRITE         integral    1     'h0  
#   apb_read_data_out  integral    8     'h0  
# --------------------------------------------
# ----------------------------------------------OUTPUT MONITOR-------------------------------------------------------
# ---------------------------------DRIVER-------------------
# ------------------------------------------------------------------------------------------------
# Name                           Type        Size  Value                                          
# ------------------------------------------------------------------------------------------------
# txn                            ApbSeqItem  -     @759                                           
#   apb_write_paddr              integral    9     'h8                                            
#   apb_read_paddr               integral    9     'h10f                                          
#   apb_write_data               integral    8     'h50                                           
#   transfer                     integral    1     'h1                                            
#   READ_WRITE                   integral    1     'h0                                            
#   apb_read_data_out            integral    8     'h0                                            
#   begin_time                   time        64    25                                             
#   end_time                     time        64    25                                             
#   depth                        int         32    'd2                                            
#   parent sequence (name)       string      15    writereadseq1_h                                
#   parent sequence (full name)  string      47    uvm_test_top.env_h.act_h.seqr_h.writereadseq1_h
#   sequencer                    string      31    uvm_test_top.env_h.act_h.seqr_h                
# ------------------------------------------------------------------------------------------------
# --------------------------------------DRIVER----------------------------------
# UVM_INFO ApbScoreboard.sv(39) @ 35: uvm_test_top.env_h.scb_h [SB] EXPECTED TRANSACTION: size = 2 | TRANSFER = 1 | RW = 0 | WDATA = 50 | WPADDR = 8 | RPADDR = 0
# ----------------------------------------------INPUT MONITOR-------------------------------------------------------
# --------------------------------------------
# Name                 Type        Size  Value
# --------------------------------------------
# ip_mon_h             ApbSeqItem  -     @709 
#   apb_write_paddr    integral    9     'h8  
#   apb_read_paddr     integral    9     'h0  
#   apb_write_data     integral    8     'h50 
#   transfer           integral    1     'h1  
#   READ_WRITE         integral    1     'h0  
#   apb_read_data_out  integral    8     'h0  
# --------------------------------------------
# WRITE ADDRESS = 000001000  READ ADDRESS =000000000 || WRITE DATA =50
# THE RESET IS 1
# ----------------------------------------------INPUT MONITOR-------------------------------------------------------
# WRITE_ADDRESS_VALIDITY: ASSERTION PASS
# TRANSFER_VALIDITY: ASSERTION PASS
# ---------------------------------DRIVER-------------------
# ------------------------------------------------------------------------------------------------
# Name                           Type        Size  Value                                          
# ------------------------------------------------------------------------------------------------
# txn                            ApbSeqItem  -     @788                                           
#   apb_write_paddr              integral    9     'h27                                           
#   apb_read_paddr               integral    9     'h8                                            
#   apb_write_data               integral    8     'hca                                           
#   transfer                     integral    1     'h1                                            
#   READ_WRITE                   integral    1     'h1                                            
#   apb_read_data_out            integral    8     'h0                                            
#   begin_time                   time        64    35                                             
#   depth                        int         32    'd2                                            
#   parent sequence (name)       string      15    writereadseq1_h                                
#   parent sequence (full name)  string      47    uvm_test_top.env_h.act_h.seqr_h.writereadseq1_h
#   sequencer                    string      31    uvm_test_top.env_h.act_h.seqr_h                
# ------------------------------------------------------------------------------------------------
# --------------------------------------DRIVER----------------------------------
# UVM_INFO ApbScoreboard.sv(39) @ 45: uvm_test_top.env_h.scb_h [SB] EXPECTED TRANSACTION: size = 3 | TRANSFER = 1 | RW = 0 | WDATA = 50 | WPADDR = 8 | RPADDR = 0
# ----------------------------------------------INPUT MONITOR-------------------------------------------------------
# --------------------------------------------
# Name                 Type        Size  Value
# --------------------------------------------
# ip_mon_h             ApbSeqItem  -     @709 
#   apb_write_paddr    integral    9     'h8  
#   apb_read_paddr     integral    9     'h0  
#   apb_write_data     integral    8     'h50 
#   transfer           integral    1     'h1  
#   READ_WRITE         integral    1     'h0  
#   apb_read_data_out  integral    8     'h0  
# --------------------------------------------
# WRITE ADDRESS = 000001000  READ ADDRESS =000000000 || WRITE DATA =50
# THE RESET IS 1
# ----------------------------------------------INPUT MONITOR-------------------------------------------------------
# UVM_INFO ApbScoreboard.sv(46) @ 45: uvm_test_top.env_h.scb_h [SB] ACTUAL TRANSACTION: size = 1 | TRANSFER = 1 | RW = 0 | WPADDR = 8 | WDATA = 50 | RDATA = 0 | RPADDR = 0
# ----------------------------------------------OUTPUT MONITOR-------------------------------------------------------
# --------------------------------------------
# Name                 Type        Size  Value
# --------------------------------------------
# op_mon_h             ApbSeqItem  -     @734 
#   apb_write_paddr    integral    9     'h8  
#   apb_read_paddr     integral    9     'h0  
#   apb_write_data     integral    8     'h50 
#   transfer           integral    1     'h1  
#   READ_WRITE         integral    1     'h0  
#   apb_read_data_out  integral    8     'h0  
# --------------------------------------------
# ----------------------------------------------OUTPUT MONITOR-------------------------------------------------------
# FOR COMPARING : WRITE DATA =50 READ DATA OUT =xx
# -------------------------------------------------------------------WRITE--PASS---------------------------------------------------------------------
# UVM_INFO ApbScoreboard.sv(84) @ 45: uvm_test_top.env_h.scb_h [COMPARE] WRITE PASS | EXPECTED WDATA = 50  ACTUAL WDATA =50 |EXPECTED  WRITE ADDR = 8 ACTUAL WRITE ADDR =8
# WRITE_ADDRESS_VALIDITY: ASSERTION PASS
# TRANSFER_VALIDITY: ASSERTION PASS
# ---------------------------------DRIVER-------------------
# ------------------------------------------------------------------------------------------------
# Name                           Type        Size  Value                                          
# ------------------------------------------------------------------------------------------------
# txn                            ApbSeqItem  -     @788                                           
#   apb_write_paddr              integral    9     'h27                                           
#   apb_read_paddr               integral    9     'h8                                            
#   apb_write_data               integral    8     'hca                                           
#   transfer                     integral    1     'h1                                            
#   READ_WRITE                   integral    1     'h1                                            
#   apb_read_data_out            integral    8     'h0                                            
#   begin_time                   time        64    45                                             
#   end_time                     time        64    45                                             
#   depth                        int         32    'd2                                            
#   parent sequence (name)       string      15    writereadseq1_h                                
#   parent sequence (full name)  string      47    uvm_test_top.env_h.act_h.seqr_h.writereadseq1_h
#   sequencer                    string      31    uvm_test_top.env_h.act_h.seqr_h                
# ------------------------------------------------------------------------------------------------
# --------------------------------------DRIVER----------------------------------
# UVM_INFO ApbScoreboard.sv(39) @ 55: uvm_test_top.env_h.scb_h [SB] EXPECTED TRANSACTION: size = 3 | TRANSFER = 1 | RW = 1 | WDATA = 50 | WPADDR = 8 | RPADDR = 8
# ----------------------------------------------INPUT MONITOR-------------------------------------------------------
# --------------------------------------------
# Name                 Type        Size  Value
# --------------------------------------------
# ip_mon_h             ApbSeqItem  -     @709 
#   apb_write_paddr    integral    9     'h8  
#   apb_read_paddr     integral    9     'h8  
#   apb_write_data     integral    8     'h50 
#   transfer           integral    1     'h1  
#   READ_WRITE         integral    1     'h1  
#   apb_read_data_out  integral    8     'h0  
# --------------------------------------------
# WRITE ADDRESS = 000001000  READ ADDRESS =000001000 || WRITE DATA =50
# THE RESET IS 1
# ----------------------------------------------INPUT MONITOR-------------------------------------------------------
# READ_ADDRESS_VALIDITY: ASSERTION PASS
# TRANSFER_VALIDITY: ASSERTION PASS
# ---------------------------------DRIVER-------------------
# ------------------------------------------------------------------------------------------------
# Name                           Type        Size  Value                                          
# ------------------------------------------------------------------------------------------------
# txn                            ApbSeqItem  -     @792                                           
#   apb_write_paddr              integral    9     'h2                                            
#   apb_read_paddr               integral    9     'h97                                           
#   apb_write_data               integral    8     'h28                                           
#   transfer                     integral    1     'h1                                            
#   READ_WRITE                   integral    1     'h0                                            
#   apb_read_data_out            integral    8     'h0                                            
#   begin_time                   time        64    55                                             
#   depth                        int         32    'd2                                            
#   parent sequence (name)       string      15    writereadseq1_h                                
#   parent sequence (full name)  string      47    uvm_test_top.env_h.act_h.seqr_h.writereadseq1_h
#   sequencer                    string      31    uvm_test_top.env_h.act_h.seqr_h                
# ------------------------------------------------------------------------------------------------
# --------------------------------------DRIVER----------------------------------
# UVM_INFO ApbScoreboard.sv(39) @ 65: uvm_test_top.env_h.scb_h [SB] EXPECTED TRANSACTION: size = 4 | TRANSFER = 1 | RW = 1 | WDATA = 50 | WPADDR = 8 | RPADDR = 8
# ----------------------------------------------INPUT MONITOR-------------------------------------------------------
# --------------------------------------------
# Name                 Type        Size  Value
# --------------------------------------------
# ip_mon_h             ApbSeqItem  -     @709 
#   apb_write_paddr    integral    9     'h8  
#   apb_read_paddr     integral    9     'h8  
#   apb_write_data     integral    8     'h50 
#   transfer           integral    1     'h1  
#   READ_WRITE         integral    1     'h1  
#   apb_read_data_out  integral    8     'h0  
# --------------------------------------------
# WRITE ADDRESS = 000001000  READ ADDRESS =000001000 || WRITE DATA =50
# THE RESET IS 1
# ----------------------------------------------INPUT MONITOR-------------------------------------------------------
# UVM_INFO ApbScoreboard.sv(46) @ 65: uvm_test_top.env_h.scb_h [SB] ACTUAL TRANSACTION: size = 1 | TRANSFER = 1 | RW = 1 | WPADDR = 8 | WDATA = 50 | RDATA = 50 | RPADDR = 8
# ----------------------------------------------OUTPUT MONITOR-------------------------------------------------------
# --------------------------------------------
# Name                 Type        Size  Value
# --------------------------------------------
# op_mon_h             ApbSeqItem  -     @734 
#   apb_write_paddr    integral    9     'h8  
#   apb_read_paddr     integral    9     'h8  
#   apb_write_data     integral    8     'h50 
#   transfer           integral    1     'h1  
#   READ_WRITE         integral    1     'h1  
#   apb_read_data_out  integral    8     'h50 
# --------------------------------------------
# ----------------------------------------------OUTPUT MONITOR-------------------------------------------------------
# FOR COMPARING : WRITE DATA =50 READ DATA OUT =50
# -------------------------------------------------------------------------READ PASS---------------------------------------------------------------------
# UVM_INFO ApbScoreboard.sv(103) @ 65: uvm_test_top.env_h.scb_h [COMPARE] READ PASS | EXPECTED RDATA = 50  ACTUAL RDATA =50 |EXPECTED  READ ADDR = 8 ACTUAL READ ADDR =8
# READ_ADDRESS_VALIDITY: ASSERTION PASS
# TRANSFER_VALIDITY: ASSERTION PASS
# ---------------------------------DRIVER-------------------
# ------------------------------------------------------------------------------------------------
# Name                           Type        Size  Value                                          
# ------------------------------------------------------------------------------------------------
# txn                            ApbSeqItem  -     @792                                           
#   apb_write_paddr              integral    9     'h2                                            
#   apb_read_paddr               integral    9     'h97                                           
#   apb_write_data               integral    8     'h28                                           
#   transfer                     integral    1     'h1                                            
#   READ_WRITE                   integral    1     'h0                                            
#   apb_read_data_out            integral    8     'h0                                            
#   begin_time                   time        64    65                                             
#   end_time                     time        64    65                                             
#   depth                        int         32    'd2                                            
#   parent sequence (name)       string      15    writereadseq1_h                                
#   parent sequence (full name)  string      47    uvm_test_top.env_h.act_h.seqr_h.writereadseq1_h
#   sequencer                    string      31    uvm_test_top.env_h.act_h.seqr_h                
# ------------------------------------------------------------------------------------------------
# --------------------------------------DRIVER----------------------------------
# UVM_INFO ApbScoreboard.sv(39) @ 75: uvm_test_top.env_h.scb_h [SB] EXPECTED TRANSACTION: size = 4 | TRANSFER = 1 | RW = 0 | WDATA = 28 | WPADDR = 2 | RPADDR = 8
# ----------------------------------------------INPUT MONITOR-------------------------------------------------------
# --------------------------------------------
# Name                 Type        Size  Value
# --------------------------------------------
# ip_mon_h             ApbSeqItem  -     @709 
#   apb_write_paddr    integral    9     'h2  
#   apb_read_paddr     integral    9     'h8  
#   apb_write_data     integral    8     'h28 
#   transfer           integral    1     'h1  
#   READ_WRITE         integral    1     'h0  
#   apb_read_data_out  integral    8     'h50 
# --------------------------------------------
# WRITE ADDRESS = 000000010  READ ADDRESS =000001000 || WRITE DATA =28
# THE RESET IS 1
# ----------------------------------------------INPUT MONITOR-------------------------------------------------------
# WRITE_ADDRESS_VALIDITY: ASSERTION PASS
# TRANSFER_VALIDITY: ASSERTION PASS
# ---------------------------------DRIVER-------------------
# ------------------------------------------------------------------------------------------------
# Name                           Type        Size  Value                                          
# ------------------------------------------------------------------------------------------------
# txn                            ApbSeqItem  -     @796                                           
#   apb_write_paddr              integral    9     'h132                                          
#   apb_read_paddr               integral    9     'h2                                            
#   apb_write_data               integral    8     'hb8                                           
#   transfer                     integral    1     'h1                                            
#   READ_WRITE                   integral    1     'h1                                            
#   apb_read_data_out            integral    8     'h0                                            
#   begin_time                   time        64    75                                             
#   depth                        int         32    'd2                                            
#   parent sequence (name)       string      15    writereadseq1_h                                
#   parent sequence (full name)  string      47    uvm_test_top.env_h.act_h.seqr_h.writereadseq1_h
#   sequencer                    string      31    uvm_test_top.env_h.act_h.seqr_h                
# ------------------------------------------------------------------------------------------------
# --------------------------------------DRIVER----------------------------------
# UVM_INFO ApbScoreboard.sv(39) @ 85: uvm_test_top.env_h.scb_h [SB] EXPECTED TRANSACTION: size = 5 | TRANSFER = 1 | RW = 0 | WDATA = 28 | WPADDR = 2 | RPADDR = 8
# ----------------------------------------------INPUT MONITOR-------------------------------------------------------
# --------------------------------------------
# Name                 Type        Size  Value
# --------------------------------------------
# ip_mon_h             ApbSeqItem  -     @709 
#   apb_write_paddr    integral    9     'h2  
#   apb_read_paddr     integral    9     'h8  
#   apb_write_data     integral    8     'h28 
#   transfer           integral    1     'h1  
#   READ_WRITE         integral    1     'h0  
#   apb_read_data_out  integral    8     'h50 
# --------------------------------------------
# WRITE ADDRESS = 000000010  READ ADDRESS =000001000 || WRITE DATA =28
# THE RESET IS 1
# ----------------------------------------------INPUT MONITOR-------------------------------------------------------
# UVM_INFO ApbScoreboard.sv(46) @ 85: uvm_test_top.env_h.scb_h [SB] ACTUAL TRANSACTION: size = 1 | TRANSFER = 1 | RW = 0 | WPADDR = 2 | WDATA = 28 | RDATA = 50 | RPADDR = 8
# ----------------------------------------------OUTPUT MONITOR-------------------------------------------------------
# --------------------------------------------
# Name                 Type        Size  Value
# --------------------------------------------
# op_mon_h             ApbSeqItem  -     @734 
#   apb_write_paddr    integral    9     'h2  
#   apb_read_paddr     integral    9     'h8  
#   apb_write_data     integral    8     'h28 
#   transfer           integral    1     'h1  
#   READ_WRITE         integral    1     'h0  
#   apb_read_data_out  integral    8     'h50 
# --------------------------------------------
# ----------------------------------------------OUTPUT MONITOR-------------------------------------------------------
# FOR COMPARING : WRITE DATA =28 READ DATA OUT =50
# -------------------------------------------------------------------WRITE--PASS---------------------------------------------------------------------
# UVM_INFO ApbScoreboard.sv(84) @ 85: uvm_test_top.env_h.scb_h [COMPARE] WRITE PASS | EXPECTED WDATA = 28  ACTUAL WDATA =28 |EXPECTED  WRITE ADDR = 2 ACTUAL WRITE ADDR =2
# WRITE_ADDRESS_VALIDITY: ASSERTION PASS
# TRANSFER_VALIDITY: ASSERTION PASS
# ---------------------------------DRIVER-------------------
# ------------------------------------------------------------------------------------------------
# Name                           Type        Size  Value                                          
# ------------------------------------------------------------------------------------------------
# txn                            ApbSeqItem  -     @796                                           
#   apb_write_paddr              integral    9     'h132                                          
#   apb_read_paddr               integral    9     'h2                                            
#   apb_write_data               integral    8     'hb8                                           
#   transfer                     integral    1     'h1                                            
#   READ_WRITE                   integral    1     'h1                                            
#   apb_read_data_out            integral    8     'h0                                            
#   begin_time                   time        64    85                                             
#   end_time                     time        64    85                                             
#   depth                        int         32    'd2                                            
#   parent sequence (name)       string      15    writereadseq1_h                                
#   parent sequence (full name)  string      47    uvm_test_top.env_h.act_h.seqr_h.writereadseq1_h
#   sequencer                    string      31    uvm_test_top.env_h.act_h.seqr_h                
# ------------------------------------------------------------------------------------------------
# --------------------------------------DRIVER----------------------------------
# UVM_INFO ApbScoreboard.sv(39) @ 95: uvm_test_top.env_h.scb_h [SB] EXPECTED TRANSACTION: size = 5 | TRANSFER = 1 | RW = 1 | WDATA = 28 | WPADDR = 2 | RPADDR = 2
# ----------------------------------------------INPUT MONITOR-------------------------------------------------------
# --------------------------------------------
# Name                 Type        Size  Value
# --------------------------------------------
# ip_mon_h             ApbSeqItem  -     @709 
#   apb_write_paddr    integral    9     'h2  
#   apb_read_paddr     integral    9     'h2  
#   apb_write_data     integral    8     'h28 
#   transfer           integral    1     'h1  
#   READ_WRITE         integral    1     'h1  
#   apb_read_data_out  integral    8     'h50 
# --------------------------------------------
# WRITE ADDRESS = 000000010  READ ADDRESS =000000010 || WRITE DATA =28
# THE RESET IS 1
# ----------------------------------------------INPUT MONITOR-------------------------------------------------------
# READ_ADDRESS_VALIDITY: ASSERTION PASS
# TRANSFER_VALIDITY: ASSERTION PASS
# ---------------------------------DRIVER-------------------
# ------------------------------------------------------------------------------------------------
# Name                           Type        Size  Value                                          
# ------------------------------------------------------------------------------------------------
# txn                            ApbSeqItem  -     @800                                           
#   apb_write_paddr              integral    9     'h3                                            
#   apb_read_paddr               integral    9     'h12a                                          
#   apb_write_data               integral    8     'hbe                                           
#   transfer                     integral    1     'h1                                            
#   READ_WRITE                   integral    1     'h0                                            
#   apb_read_data_out            integral    8     'h0                                            
#   begin_time                   time        64    95                                             
#   depth                        int         32    'd2                                            
#   parent sequence (name)       string      15    writereadseq1_h                                
#   parent sequence (full name)  string      47    uvm_test_top.env_h.act_h.seqr_h.writereadseq1_h
#   sequencer                    string      31    uvm_test_top.env_h.act_h.seqr_h                
# ------------------------------------------------------------------------------------------------
# --------------------------------------DRIVER----------------------------------
# UVM_INFO ApbScoreboard.sv(39) @ 105: uvm_test_top.env_h.scb_h [SB] EXPECTED TRANSACTION: size = 6 | TRANSFER = 1 | RW = 1 | WDATA = 28 | WPADDR = 2 | RPADDR = 2
# ----------------------------------------------INPUT MONITOR-------------------------------------------------------
# --------------------------------------------
# Name                 Type        Size  Value
# --------------------------------------------
# ip_mon_h             ApbSeqItem  -     @709 
#   apb_write_paddr    integral    9     'h2  
#   apb_read_paddr     integral    9     'h2  
#   apb_write_data     integral    8     'h28 
#   transfer           integral    1     'h1  
#   READ_WRITE         integral    1     'h1  
#   apb_read_data_out  integral    8     'h50 
# --------------------------------------------
# WRITE ADDRESS = 000000010  READ ADDRESS =000000010 || WRITE DATA =28
# THE RESET IS 1
# ----------------------------------------------INPUT MONITOR-------------------------------------------------------
# UVM_INFO ApbScoreboard.sv(46) @ 105: uvm_test_top.env_h.scb_h [SB] ACTUAL TRANSACTION: size = 1 | TRANSFER = 1 | RW = 1 | WPADDR = 2 | WDATA = 28 | RDATA = 28 | RPADDR = 2
# ----------------------------------------------OUTPUT MONITOR-------------------------------------------------------
# --------------------------------------------
# Name                 Type        Size  Value
# --------------------------------------------
# op_mon_h             ApbSeqItem  -     @734 
#   apb_write_paddr    integral    9     'h2  
#   apb_read_paddr     integral    9     'h2  
#   apb_write_data     integral    8     'h28 
#   transfer           integral    1     'h1  
#   READ_WRITE         integral    1     'h1  
#   apb_read_data_out  integral    8     'h28 
# --------------------------------------------
# ----------------------------------------------OUTPUT MONITOR-------------------------------------------------------
# FOR COMPARING : WRITE DATA =28 READ DATA OUT =28
# -------------------------------------------------------------------------READ PASS---------------------------------------------------------------------
# UVM_INFO ApbScoreboard.sv(103) @ 105: uvm_test_top.env_h.scb_h [COMPARE] READ PASS | EXPECTED RDATA = 28  ACTUAL RDATA =28 |EXPECTED  READ ADDR = 2 ACTUAL READ ADDR =2
# READ_ADDRESS_VALIDITY: ASSERTION PASS
# TRANSFER_VALIDITY: ASSERTION PASS
# ---------------------------------DRIVER-------------------
# ------------------------------------------------------------------------------------------------
# Name                           Type        Size  Value                                          
# ------------------------------------------------------------------------------------------------
# txn                            ApbSeqItem  -     @800                                           
#   apb_write_paddr              integral    9     'h3                                            
#   apb_read_paddr               integral    9     'h12a                                          
#   apb_write_data               integral    8     'hbe                                           
#   transfer                     integral    1     'h1                                            
#   READ_WRITE                   integral    1     'h0                                            
#   apb_read_data_out            integral    8     'h0                                            
#   begin_time                   time        64    105                                            
#   end_time                     time        64    105                                            
#   depth                        int         32    'd2                                            
#   parent sequence (name)       string      15    writereadseq1_h                                
#   parent sequence (full name)  string      47    uvm_test_top.env_h.act_h.seqr_h.writereadseq1_h
#   sequencer                    string      31    uvm_test_top.env_h.act_h.seqr_h                
# ------------------------------------------------------------------------------------------------
# --------------------------------------DRIVER----------------------------------
# UVM_INFO ApbScoreboard.sv(39) @ 115: uvm_test_top.env_h.scb_h [SB] EXPECTED TRANSACTION: size = 6 | TRANSFER = 1 | RW = 0 | WDATA = be | WPADDR = 3 | RPADDR = 2
# ----------------------------------------------INPUT MONITOR-------------------------------------------------------
# --------------------------------------------
# Name                 Type        Size  Value
# --------------------------------------------
# ip_mon_h             ApbSeqItem  -     @709 
#   apb_write_paddr    integral    9     'h3  
#   apb_read_paddr     integral    9     'h2  
#   apb_write_data     integral    8     'hbe 
#   transfer           integral    1     'h1  
#   READ_WRITE         integral    1     'h0  
#   apb_read_data_out  integral    8     'h28 
# --------------------------------------------
# WRITE ADDRESS = 000000011  READ ADDRESS =000000010 || WRITE DATA =be
# THE RESET IS 1
# ----------------------------------------------INPUT MONITOR-------------------------------------------------------
# WRITE_ADDRESS_VALIDITY: ASSERTION PASS
# TRANSFER_VALIDITY: ASSERTION PASS
# ---------------------------------DRIVER-------------------
# ------------------------------------------------------------------------------------------------
# Name                           Type        Size  Value                                          
# ------------------------------------------------------------------------------------------------
# txn                            ApbSeqItem  -     @804                                           
#   apb_write_paddr              integral    9     'h5d                                           
#   apb_read_paddr               integral    9     'h3                                            
#   apb_write_data               integral    8     'hf7                                           
#   transfer                     integral    1     'h1                                            
#   READ_WRITE                   integral    1     'h1                                            
#   apb_read_data_out            integral    8     'h0                                            
#   begin_time                   time        64    115                                            
#   depth                        int         32    'd2                                            
#   parent sequence (name)       string      15    writereadseq1_h                                
#   parent sequence (full name)  string      47    uvm_test_top.env_h.act_h.seqr_h.writereadseq1_h
#   sequencer                    string      31    uvm_test_top.env_h.act_h.seqr_h                
# ------------------------------------------------------------------------------------------------
# --------------------------------------DRIVER----------------------------------
# UVM_INFO ApbScoreboard.sv(39) @ 125: uvm_test_top.env_h.scb_h [SB] EXPECTED TRANSACTION: size = 7 | TRANSFER = 1 | RW = 0 | WDATA = be | WPADDR = 3 | RPADDR = 2
# ----------------------------------------------INPUT MONITOR-------------------------------------------------------
# --------------------------------------------
# Name                 Type        Size  Value
# --------------------------------------------
# ip_mon_h             ApbSeqItem  -     @709 
#   apb_write_paddr    integral    9     'h3  
#   apb_read_paddr     integral    9     'h2  
#   apb_write_data     integral    8     'hbe 
#   transfer           integral    1     'h1  
#   READ_WRITE         integral    1     'h0  
#   apb_read_data_out  integral    8     'h28 
# --------------------------------------------
# WRITE ADDRESS = 000000011  READ ADDRESS =000000010 || WRITE DATA =be
# THE RESET IS 1
# ----------------------------------------------INPUT MONITOR-------------------------------------------------------
# UVM_INFO ApbScoreboard.sv(46) @ 125: uvm_test_top.env_h.scb_h [SB] ACTUAL TRANSACTION: size = 1 | TRANSFER = 1 | RW = 0 | WPADDR = 3 | WDATA = be | RDATA = 28 | RPADDR = 2
# ----------------------------------------------OUTPUT MONITOR-------------------------------------------------------
# --------------------------------------------
# Name                 Type        Size  Value
# --------------------------------------------
# op_mon_h             ApbSeqItem  -     @734 
#   apb_write_paddr    integral    9     'h3  
#   apb_read_paddr     integral    9     'h2  
#   apb_write_data     integral    8     'hbe 
#   transfer           integral    1     'h1  
#   READ_WRITE         integral    1     'h0  
#   apb_read_data_out  integral    8     'h28 
# --------------------------------------------
# ----------------------------------------------OUTPUT MONITOR-------------------------------------------------------
# FOR COMPARING : WRITE DATA =be READ DATA OUT =28
# -------------------------------------------------------------------WRITE--PASS---------------------------------------------------------------------
# UVM_INFO ApbScoreboard.sv(84) @ 125: uvm_test_top.env_h.scb_h [COMPARE] WRITE PASS | EXPECTED WDATA = be  ACTUAL WDATA =be |EXPECTED  WRITE ADDR = 3 ACTUAL WRITE ADDR =3
# WRITE_ADDRESS_VALIDITY: ASSERTION PASS
# TRANSFER_VALIDITY: ASSERTION PASS
# ---------------------------------DRIVER-------------------
# ------------------------------------------------------------------------------------------------
# Name                           Type        Size  Value                                          
# ------------------------------------------------------------------------------------------------
# txn                            ApbSeqItem  -     @804                                           
#   apb_write_paddr              integral    9     'h5d                                           
#   apb_read_paddr               integral    9     'h3                                            
#   apb_write_data               integral    8     'hf7                                           
#   transfer                     integral    1     'h1                                            
#   READ_WRITE                   integral    1     'h1                                            
#   apb_read_data_out            integral    8     'h0                                            
#   begin_time                   time        64    125                                            
#   end_time                     time        64    125                                            
#   depth                        int         32    'd2                                            
#   parent sequence (name)       string      15    writereadseq1_h                                
#   parent sequence (full name)  string      47    uvm_test_top.env_h.act_h.seqr_h.writereadseq1_h
#   sequencer                    string      31    uvm_test_top.env_h.act_h.seqr_h                
# ------------------------------------------------------------------------------------------------
# --------------------------------------DRIVER----------------------------------
# UVM_INFO ApbScoreboard.sv(39) @ 135: uvm_test_top.env_h.scb_h [SB] EXPECTED TRANSACTION: size = 7 | TRANSFER = 1 | RW = 1 | WDATA = be | WPADDR = 3 | RPADDR = 3
# ----------------------------------------------INPUT MONITOR-------------------------------------------------------
# --------------------------------------------
# Name                 Type        Size  Value
# --------------------------------------------
# ip_mon_h             ApbSeqItem  -     @709 
#   apb_write_paddr    integral    9     'h3  
#   apb_read_paddr     integral    9     'h3  
#   apb_write_data     integral    8     'hbe 
#   transfer           integral    1     'h1  
#   READ_WRITE         integral    1     'h1  
#   apb_read_data_out  integral    8     'h28 
# --------------------------------------------
# WRITE ADDRESS = 000000011  READ ADDRESS =000000011 || WRITE DATA =be
# THE RESET IS 1
# ----------------------------------------------INPUT MONITOR-------------------------------------------------------
# READ_ADDRESS_VALIDITY: ASSERTION PASS
# TRANSFER_VALIDITY: ASSERTION PASS
# ---------------------------------DRIVER-------------------
# ------------------------------------------------------------------------------------------------
# Name                           Type        Size  Value                                          
# ------------------------------------------------------------------------------------------------
# txn                            ApbSeqItem  -     @808                                           
#   apb_write_paddr              integral    9     'h7                                            
#   apb_read_paddr               integral    9     'h16d                                          
#   apb_write_data               integral    8     'h8b                                           
#   transfer                     integral    1     'h1                                            
#   READ_WRITE                   integral    1     'h0                                            
#   apb_read_data_out            integral    8     'h0                                            
#   begin_time                   time        64    135                                            
#   depth                        int         32    'd2                                            
#   parent sequence (name)       string      15    writereadseq1_h                                
#   parent sequence (full name)  string      47    uvm_test_top.env_h.act_h.seqr_h.writereadseq1_h
#   sequencer                    string      31    uvm_test_top.env_h.act_h.seqr_h                
# ------------------------------------------------------------------------------------------------
# --------------------------------------DRIVER----------------------------------
# UVM_INFO ApbScoreboard.sv(39) @ 145: uvm_test_top.env_h.scb_h [SB] EXPECTED TRANSACTION: size = 8 | TRANSFER = 1 | RW = 1 | WDATA = be | WPADDR = 3 | RPADDR = 3
# ----------------------------------------------INPUT MONITOR-------------------------------------------------------
# --------------------------------------------
# Name                 Type        Size  Value
# --------------------------------------------
# ip_mon_h             ApbSeqItem  -     @709 
#   apb_write_paddr    integral    9     'h3  
#   apb_read_paddr     integral    9     'h3  
#   apb_write_data     integral    8     'hbe 
#   transfer           integral    1     'h1  
#   READ_WRITE         integral    1     'h1  
#   apb_read_data_out  integral    8     'h28 
# --------------------------------------------
# WRITE ADDRESS = 000000011  READ ADDRESS =000000011 || WRITE DATA =be
# THE RESET IS 1
# ----------------------------------------------INPUT MONITOR-------------------------------------------------------
# UVM_INFO ApbScoreboard.sv(46) @ 145: uvm_test_top.env_h.scb_h [SB] ACTUAL TRANSACTION: size = 1 | TRANSFER = 1 | RW = 1 | WPADDR = 3 | WDATA = be | RDATA = be | RPADDR = 3
# ----------------------------------------------OUTPUT MONITOR-------------------------------------------------------
# --------------------------------------------
# Name                 Type        Size  Value
# --------------------------------------------
# op_mon_h             ApbSeqItem  -     @734 
#   apb_write_paddr    integral    9     'h3  
#   apb_read_paddr     integral    9     'h3  
#   apb_write_data     integral    8     'hbe 
#   transfer           integral    1     'h1  
#   READ_WRITE         integral    1     'h1  
#   apb_read_data_out  integral    8     'hbe 
# --------------------------------------------
# ----------------------------------------------OUTPUT MONITOR-------------------------------------------------------
# FOR COMPARING : WRITE DATA =be READ DATA OUT =be
# -------------------------------------------------------------------------READ PASS---------------------------------------------------------------------
# UVM_INFO ApbScoreboard.sv(103) @ 145: uvm_test_top.env_h.scb_h [COMPARE] READ PASS | EXPECTED RDATA = be  ACTUAL RDATA =be |EXPECTED  READ ADDR = 3 ACTUAL READ ADDR =3
# READ_ADDRESS_VALIDITY: ASSERTION PASS
# TRANSFER_VALIDITY: ASSERTION PASS
# ---------------------------------DRIVER-------------------
# ------------------------------------------------------------------------------------------------
# Name                           Type        Size  Value                                          
# ------------------------------------------------------------------------------------------------
# txn                            ApbSeqItem  -     @808                                           
#   apb_write_paddr              integral    9     'h7                                            
#   apb_read_paddr               integral    9     'h16d                                          
#   apb_write_data               integral    8     'h8b                                           
#   transfer                     integral    1     'h1                                            
#   READ_WRITE                   integral    1     'h0                                            
#   apb_read_data_out            integral    8     'h0                                            
#   begin_time                   time        64    145                                            
#   end_time                     time        64    145                                            
#   depth                        int         32    'd2                                            
#   parent sequence (name)       string      15    writereadseq1_h                                
#   parent sequence (full name)  string      47    uvm_test_top.env_h.act_h.seqr_h.writereadseq1_h
#   sequencer                    string      31    uvm_test_top.env_h.act_h.seqr_h                
# ------------------------------------------------------------------------------------------------
# --------------------------------------DRIVER----------------------------------
# UVM_INFO ApbScoreboard.sv(39) @ 155: uvm_test_top.env_h.scb_h [SB] EXPECTED TRANSACTION: size = 8 | TRANSFER = 1 | RW = 0 | WDATA = 8b | WPADDR = 7 | RPADDR = 3
# ----------------------------------------------INPUT MONITOR-------------------------------------------------------
# --------------------------------------------
# Name                 Type        Size  Value
# --------------------------------------------
# ip_mon_h             ApbSeqItem  -     @709 
#   apb_write_paddr    integral    9     'h7  
#   apb_read_paddr     integral    9     'h3  
#   apb_write_data     integral    8     'h8b 
#   transfer           integral    1     'h1  
#   READ_WRITE         integral    1     'h0  
#   apb_read_data_out  integral    8     'hbe 
# --------------------------------------------
# WRITE ADDRESS = 000000111  READ ADDRESS =000000011 || WRITE DATA =8b
# THE RESET IS 1
# ----------------------------------------------INPUT MONITOR-------------------------------------------------------
# WRITE_ADDRESS_VALIDITY: ASSERTION PASS
# TRANSFER_VALIDITY: ASSERTION PASS
# ---------------------------------DRIVER-------------------
# ------------------------------------------------------------------------------------------------
# Name                           Type        Size  Value                                          
# ------------------------------------------------------------------------------------------------
# txn                            ApbSeqItem  -     @812                                           
#   apb_write_paddr              integral    9     'h1a                                           
#   apb_read_paddr               integral    9     'h7                                            
#   apb_write_data               integral    8     'hea                                           
#   transfer                     integral    1     'h1                                            
#   READ_WRITE                   integral    1     'h1                                            
#   apb_read_data_out            integral    8     'h0                                            
#   begin_time                   time        64    155                                            
#   depth                        int         32    'd2                                            
#   parent sequence (name)       string      15    writereadseq1_h                                
#   parent sequence (full name)  string      47    uvm_test_top.env_h.act_h.seqr_h.writereadseq1_h
#   sequencer                    string      31    uvm_test_top.env_h.act_h.seqr_h                
# ------------------------------------------------------------------------------------------------
# --------------------------------------DRIVER----------------------------------
# UVM_INFO ApbScoreboard.sv(39) @ 165: uvm_test_top.env_h.scb_h [SB] EXPECTED TRANSACTION: size = 9 | TRANSFER = 1 | RW = 0 | WDATA = 8b | WPADDR = 7 | RPADDR = 3
# ----------------------------------------------INPUT MONITOR-------------------------------------------------------
# --------------------------------------------
# Name                 Type        Size  Value
# --------------------------------------------
# ip_mon_h             ApbSeqItem  -     @709 
#   apb_write_paddr    integral    9     'h7  
#   apb_read_paddr     integral    9     'h3  
#   apb_write_data     integral    8     'h8b 
#   transfer           integral    1     'h1  
#   READ_WRITE         integral    1     'h0  
#   apb_read_data_out  integral    8     'hbe 
# --------------------------------------------
# WRITE ADDRESS = 000000111  READ ADDRESS =000000011 || WRITE DATA =8b
# THE RESET IS 1
# ----------------------------------------------INPUT MONITOR-------------------------------------------------------
# UVM_INFO ApbScoreboard.sv(46) @ 165: uvm_test_top.env_h.scb_h [SB] ACTUAL TRANSACTION: size = 1 | TRANSFER = 1 | RW = 0 | WPADDR = 7 | WDATA = 8b | RDATA = be | RPADDR = 3
# ----------------------------------------------OUTPUT MONITOR-------------------------------------------------------
# --------------------------------------------
# Name                 Type        Size  Value
# --------------------------------------------
# op_mon_h             ApbSeqItem  -     @734 
#   apb_write_paddr    integral    9     'h7  
#   apb_read_paddr     integral    9     'h3  
#   apb_write_data     integral    8     'h8b 
#   transfer           integral    1     'h1  
#   READ_WRITE         integral    1     'h0  
#   apb_read_data_out  integral    8     'hbe 
# --------------------------------------------
# ----------------------------------------------OUTPUT MONITOR-------------------------------------------------------
# FOR COMPARING : WRITE DATA =8b READ DATA OUT =be
# -------------------------------------------------------------------WRITE--PASS---------------------------------------------------------------------
# UVM_INFO ApbScoreboard.sv(84) @ 165: uvm_test_top.env_h.scb_h [COMPARE] WRITE PASS | EXPECTED WDATA = 8b  ACTUAL WDATA =8b |EXPECTED  WRITE ADDR = 7 ACTUAL WRITE ADDR =7
# WRITE_ADDRESS_VALIDITY: ASSERTION PASS
# TRANSFER_VALIDITY: ASSERTION PASS
# ---------------------------------DRIVER-------------------
# ------------------------------------------------------------------------------------------------
# Name                           Type        Size  Value                                          
# ------------------------------------------------------------------------------------------------
# txn                            ApbSeqItem  -     @812                                           
#   apb_write_paddr              integral    9     'h1a                                           
#   apb_read_paddr               integral    9     'h7                                            
#   apb_write_data               integral    8     'hea                                           
#   transfer                     integral    1     'h1                                            
#   READ_WRITE                   integral    1     'h1                                            
#   apb_read_data_out            integral    8     'h0                                            
#   begin_time                   time        64    165                                            
#   end_time                     time        64    165                                            
#   depth                        int         32    'd2                                            
#   parent sequence (name)       string      15    writereadseq1_h                                
#   parent sequence (full name)  string      47    uvm_test_top.env_h.act_h.seqr_h.writereadseq1_h
#   sequencer                    string      31    uvm_test_top.env_h.act_h.seqr_h                
# ------------------------------------------------------------------------------------------------
# --------------------------------------DRIVER----------------------------------
# UVM_INFO ApbScoreboard.sv(39) @ 175: uvm_test_top.env_h.scb_h [SB] EXPECTED TRANSACTION: size = 9 | TRANSFER = 1 | RW = 1 | WDATA = 8b | WPADDR = 7 | RPADDR = 7
# ----------------------------------------------INPUT MONITOR-------------------------------------------------------
# --------------------------------------------
# Name                 Type        Size  Value
# --------------------------------------------
# ip_mon_h             ApbSeqItem  -     @709 
#   apb_write_paddr    integral    9     'h7  
#   apb_read_paddr     integral    9     'h7  
#   apb_write_data     integral    8     'h8b 
#   transfer           integral    1     'h1  
#   READ_WRITE         integral    1     'h1  
#   apb_read_data_out  integral    8     'hbe 
# --------------------------------------------
# WRITE ADDRESS = 000000111  READ ADDRESS =000000111 || WRITE DATA =8b
# THE RESET IS 1
# ----------------------------------------------INPUT MONITOR-------------------------------------------------------
# READ_ADDRESS_VALIDITY: ASSERTION PASS
# TRANSFER_VALIDITY: ASSERTION PASS
# ---------------------------------DRIVER-------------------
# ------------------------------------------------------------------------------------------------
# Name                           Type        Size  Value                                          
# ------------------------------------------------------------------------------------------------
# txn                            ApbSeqItem  -     @816                                           
#   apb_write_paddr              integral    9     'h8                                            
#   apb_read_paddr               integral    9     'h14f                                          
#   apb_write_data               integral    8     'h9d                                           
#   transfer                     integral    1     'h1                                            
#   READ_WRITE                   integral    1     'h0                                            
#   apb_read_data_out            integral    8     'h0                                            
#   begin_time                   time        64    175                                            
#   depth                        int         32    'd2                                            
#   parent sequence (name)       string      15    writereadseq1_h                                
#   parent sequence (full name)  string      47    uvm_test_top.env_h.act_h.seqr_h.writereadseq1_h
#   sequencer                    string      31    uvm_test_top.env_h.act_h.seqr_h                
# ------------------------------------------------------------------------------------------------
# --------------------------------------DRIVER----------------------------------
# UVM_INFO ApbScoreboard.sv(39) @ 185: uvm_test_top.env_h.scb_h [SB] EXPECTED TRANSACTION: size = 10 | TRANSFER = 1 | RW = 1 | WDATA = 8b | WPADDR = 7 | RPADDR = 7
# ----------------------------------------------INPUT MONITOR-------------------------------------------------------
# --------------------------------------------
# Name                 Type        Size  Value
# --------------------------------------------
# ip_mon_h             ApbSeqItem  -     @709 
#   apb_write_paddr    integral    9     'h7  
#   apb_read_paddr     integral    9     'h7  
#   apb_write_data     integral    8     'h8b 
#   transfer           integral    1     'h1  
#   READ_WRITE         integral    1     'h1  
#   apb_read_data_out  integral    8     'hbe 
# --------------------------------------------
# WRITE ADDRESS = 000000111  READ ADDRESS =000000111 || WRITE DATA =8b
# THE RESET IS 1
# ----------------------------------------------INPUT MONITOR-------------------------------------------------------
# UVM_INFO ApbScoreboard.sv(46) @ 185: uvm_test_top.env_h.scb_h [SB] ACTUAL TRANSACTION: size = 1 | TRANSFER = 1 | RW = 1 | WPADDR = 7 | WDATA = 8b | RDATA = 8b | RPADDR = 7
# ----------------------------------------------OUTPUT MONITOR-------------------------------------------------------
# --------------------------------------------
# Name                 Type        Size  Value
# --------------------------------------------
# op_mon_h             ApbSeqItem  -     @734 
#   apb_write_paddr    integral    9     'h7  
#   apb_read_paddr     integral    9     'h7  
#   apb_write_data     integral    8     'h8b 
#   transfer           integral    1     'h1  
#   READ_WRITE         integral    1     'h1  
#   apb_read_data_out  integral    8     'h8b 
# --------------------------------------------
# ----------------------------------------------OUTPUT MONITOR-------------------------------------------------------
# FOR COMPARING : WRITE DATA =8b READ DATA OUT =8b
# -------------------------------------------------------------------------READ PASS---------------------------------------------------------------------
# UVM_INFO ApbScoreboard.sv(103) @ 185: uvm_test_top.env_h.scb_h [COMPARE] READ PASS | EXPECTED RDATA = 8b  ACTUAL RDATA =8b |EXPECTED  READ ADDR = 7 ACTUAL READ ADDR =7
# READ_ADDRESS_VALIDITY: ASSERTION PASS
# TRANSFER_VALIDITY: ASSERTION PASS
# ---------------------------------DRIVER-------------------
# ------------------------------------------------------------------------------------------------
# Name                           Type        Size  Value                                          
# ------------------------------------------------------------------------------------------------
# txn                            ApbSeqItem  -     @816                                           
#   apb_write_paddr              integral    9     'h8                                            
#   apb_read_paddr               integral    9     'h14f                                          
#   apb_write_data               integral    8     'h9d                                           
#   transfer                     integral    1     'h1                                            
#   READ_WRITE                   integral    1     'h0                                            
#   apb_read_data_out            integral    8     'h0                                            
#   begin_time                   time        64    185                                            
#   end_time                     time        64    185                                            
#   depth                        int         32    'd2                                            
#   parent sequence (name)       string      15    writereadseq1_h                                
#   parent sequence (full name)  string      47    uvm_test_top.env_h.act_h.seqr_h.writereadseq1_h
#   sequencer                    string      31    uvm_test_top.env_h.act_h.seqr_h                
# ------------------------------------------------------------------------------------------------
# --------------------------------------DRIVER----------------------------------
# UVM_INFO ApbScoreboard.sv(39) @ 195: uvm_test_top.env_h.scb_h [SB] EXPECTED TRANSACTION: size = 10 | TRANSFER = 1 | RW = 0 | WDATA = 9d | WPADDR = 8 | RPADDR = 7
# ----------------------------------------------INPUT MONITOR-------------------------------------------------------
# --------------------------------------------
# Name                 Type        Size  Value
# --------------------------------------------
# ip_mon_h             ApbSeqItem  -     @709 
#   apb_write_paddr    integral    9     'h8  
#   apb_read_paddr     integral    9     'h7  
#   apb_write_data     integral    8     'h9d 
#   transfer           integral    1     'h1  
#   READ_WRITE         integral    1     'h0  
#   apb_read_data_out  integral    8     'h8b 
# --------------------------------------------
# WRITE ADDRESS = 000001000  READ ADDRESS =000000111 || WRITE DATA =9d
# THE RESET IS 1
# ----------------------------------------------INPUT MONITOR-------------------------------------------------------
# WRITE_ADDRESS_VALIDITY: ASSERTION PASS
# TRANSFER_VALIDITY: ASSERTION PASS
# ---------------------------------DRIVER-------------------
# ------------------------------------------------------------------------------------------------
# Name                           Type        Size  Value                                          
# ------------------------------------------------------------------------------------------------
# txn                            ApbSeqItem  -     @820                                           
#   apb_write_paddr              integral    9     'h42                                           
#   apb_read_paddr               integral    9     'h8                                            
#   apb_write_data               integral    8     'he                                            
#   transfer                     integral    1     'h1                                            
#   READ_WRITE                   integral    1     'h1                                            
#   apb_read_data_out            integral    8     'h0                                            
#   begin_time                   time        64    195                                            
#   depth                        int         32    'd2                                            
#   parent sequence (name)       string      15    writereadseq1_h                                
#   parent sequence (full name)  string      47    uvm_test_top.env_h.act_h.seqr_h.writereadseq1_h
#   sequencer                    string      31    uvm_test_top.env_h.act_h.seqr_h                
# ------------------------------------------------------------------------------------------------
# --------------------------------------DRIVER----------------------------------
# UVM_INFO ApbScoreboard.sv(39) @ 205: uvm_test_top.env_h.scb_h [SB] EXPECTED TRANSACTION: size = 11 | TRANSFER = 1 | RW = 0 | WDATA = 9d | WPADDR = 8 | RPADDR = 7
# ----------------------------------------------INPUT MONITOR-------------------------------------------------------
# --------------------------------------------
# Name                 Type        Size  Value
# --------------------------------------------
# ip_mon_h             ApbSeqItem  -     @709 
#   apb_write_paddr    integral    9     'h8  
#   apb_read_paddr     integral    9     'h7  
#   apb_write_data     integral    8     'h9d 
#   transfer           integral    1     'h1  
#   READ_WRITE         integral    1     'h0  
#   apb_read_data_out  integral    8     'h8b 
# --------------------------------------------
# WRITE ADDRESS = 000001000  READ ADDRESS =000000111 || WRITE DATA =9d
# THE RESET IS 1
# ----------------------------------------------INPUT MONITOR-------------------------------------------------------
# UVM_INFO ApbScoreboard.sv(46) @ 205: uvm_test_top.env_h.scb_h [SB] ACTUAL TRANSACTION: size = 1 | TRANSFER = 1 | RW = 0 | WPADDR = 8 | WDATA = 9d | RDATA = 8b | RPADDR = 7
# ----------------------------------------------OUTPUT MONITOR-------------------------------------------------------
# --------------------------------------------
# Name                 Type        Size  Value
# --------------------------------------------
# op_mon_h             ApbSeqItem  -     @734 
#   apb_write_paddr    integral    9     'h8  
#   apb_read_paddr     integral    9     'h7  
#   apb_write_data     integral    8     'h9d 
#   transfer           integral    1     'h1  
#   READ_WRITE         integral    1     'h0  
#   apb_read_data_out  integral    8     'h8b 
# --------------------------------------------
# ----------------------------------------------OUTPUT MONITOR-------------------------------------------------------
# FOR COMPARING : WRITE DATA =9d READ DATA OUT =8b
# -------------------------------------------------------------------WRITE--PASS---------------------------------------------------------------------
# UVM_INFO ApbScoreboard.sv(84) @ 205: uvm_test_top.env_h.scb_h [COMPARE] WRITE PASS | EXPECTED WDATA = 9d  ACTUAL WDATA =9d |EXPECTED  WRITE ADDR = 8 ACTUAL WRITE ADDR =8
# WRITE_ADDRESS_VALIDITY: ASSERTION PASS
# TRANSFER_VALIDITY: ASSERTION PASS
# ---------------------------------DRIVER-------------------
# ------------------------------------------------------------------------------------------------
# Name                           Type        Size  Value                                          
# ------------------------------------------------------------------------------------------------
# txn                            ApbSeqItem  -     @820                                           
#   apb_write_paddr              integral    9     'h42                                           
#   apb_read_paddr               integral    9     'h8                                            
#   apb_write_data               integral    8     'he                                            
#   transfer                     integral    1     'h1                                            
#   READ_WRITE                   integral    1     'h1                                            
#   apb_read_data_out            integral    8     'h0                                            
#   begin_time                   time        64    205                                            
#   end_time                     time        64    205                                            
#   depth                        int         32    'd2                                            
#   parent sequence (name)       string      15    writereadseq1_h                                
#   parent sequence (full name)  string      47    uvm_test_top.env_h.act_h.seqr_h.writereadseq1_h
#   sequencer                    string      31    uvm_test_top.env_h.act_h.seqr_h                
# ------------------------------------------------------------------------------------------------
# --------------------------------------DRIVER----------------------------------
# UVM_INFO ApbScoreboard.sv(39) @ 215: uvm_test_top.env_h.scb_h [SB] EXPECTED TRANSACTION: size = 11 | TRANSFER = 1 | RW = 1 | WDATA = 9d | WPADDR = 8 | RPADDR = 8
# ----------------------------------------------INPUT MONITOR-------------------------------------------------------
# --------------------------------------------
# Name                 Type        Size  Value
# --------------------------------------------
# ip_mon_h             ApbSeqItem  -     @709 
#   apb_write_paddr    integral    9     'h8  
#   apb_read_paddr     integral    9     'h8  
#   apb_write_data     integral    8     'h9d 
#   transfer           integral    1     'h1  
#   READ_WRITE         integral    1     'h1  
#   apb_read_data_out  integral    8     'h8b 
# --------------------------------------------
# WRITE ADDRESS = 000001000  READ ADDRESS =000001000 || WRITE DATA =9d
# THE RESET IS 1
# ----------------------------------------------INPUT MONITOR-------------------------------------------------------
# READ_ADDRESS_VALIDITY: ASSERTION PASS
# TRANSFER_VALIDITY: ASSERTION PASS
# ---------------------------------DRIVER-------------------
# ------------------------------------------------------------------------------------------------
# Name                           Type        Size  Value                                          
# ------------------------------------------------------------------------------------------------
# txn                            ApbSeqItem  -     @824                                           
#   apb_write_paddr              integral    9     'h2                                            
#   apb_read_paddr               integral    9     'h186                                          
#   apb_write_data               integral    8     'hc8                                           
#   transfer                     integral    1     'h1                                            
#   READ_WRITE                   integral    1     'h0                                            
#   apb_read_data_out            integral    8     'h0                                            
#   begin_time                   time        64    215                                            
#   depth                        int         32    'd2                                            
#   parent sequence (name)       string      15    writereadseq1_h                                
#   parent sequence (full name)  string      47    uvm_test_top.env_h.act_h.seqr_h.writereadseq1_h
#   sequencer                    string      31    uvm_test_top.env_h.act_h.seqr_h                
# ------------------------------------------------------------------------------------------------
# --------------------------------------DRIVER----------------------------------
# UVM_INFO ApbScoreboard.sv(39) @ 225: uvm_test_top.env_h.scb_h [SB] EXPECTED TRANSACTION: size = 12 | TRANSFER = 1 | RW = 1 | WDATA = 9d | WPADDR = 8 | RPADDR = 8
# ----------------------------------------------INPUT MONITOR-------------------------------------------------------
# --------------------------------------------
# Name                 Type        Size  Value
# --------------------------------------------
# ip_mon_h             ApbSeqItem  -     @709 
#   apb_write_paddr    integral    9     'h8  
#   apb_read_paddr     integral    9     'h8  
#   apb_write_data     integral    8     'h9d 
#   transfer           integral    1     'h1  
#   READ_WRITE         integral    1     'h1  
#   apb_read_data_out  integral    8     'h8b 
# --------------------------------------------
# WRITE ADDRESS = 000001000  READ ADDRESS =000001000 || WRITE DATA =9d
# THE RESET IS 1
# ----------------------------------------------INPUT MONITOR-------------------------------------------------------
# UVM_INFO ApbScoreboard.sv(46) @ 225: uvm_test_top.env_h.scb_h [SB] ACTUAL TRANSACTION: size = 1 | TRANSFER = 1 | RW = 1 | WPADDR = 8 | WDATA = 9d | RDATA = 9d | RPADDR = 8
# ----------------------------------------------OUTPUT MONITOR-------------------------------------------------------
# --------------------------------------------
# Name                 Type        Size  Value
# --------------------------------------------
# op_mon_h             ApbSeqItem  -     @734 
#   apb_write_paddr    integral    9     'h8  
#   apb_read_paddr     integral    9     'h8  
#   apb_write_data     integral    8     'h9d 
#   transfer           integral    1     'h1  
#   READ_WRITE         integral    1     'h1  
#   apb_read_data_out  integral    8     'h9d 
# --------------------------------------------
# ----------------------------------------------OUTPUT MONITOR-------------------------------------------------------
# FOR COMPARING : WRITE DATA =9d READ DATA OUT =9d
# -------------------------------------------------------------------------READ PASS---------------------------------------------------------------------
# UVM_INFO ApbScoreboard.sv(103) @ 225: uvm_test_top.env_h.scb_h [COMPARE] READ PASS | EXPECTED RDATA = 9d  ACTUAL RDATA =9d |EXPECTED  READ ADDR = 8 ACTUAL READ ADDR =8
# READ_ADDRESS_VALIDITY: ASSERTION PASS
# TRANSFER_VALIDITY: ASSERTION PASS
# ---------------------------------DRIVER-------------------
# ------------------------------------------------------------------------------------------------
# Name                           Type        Size  Value                                          
# ------------------------------------------------------------------------------------------------
# txn                            ApbSeqItem  -     @824                                           
#   apb_write_paddr              integral    9     'h2                                            
#   apb_read_paddr               integral    9     'h186                                          
#   apb_write_data               integral    8     'hc8                                           
#   transfer                     integral    1     'h1                                            
#   READ_WRITE                   integral    1     'h0                                            
#   apb_read_data_out            integral    8     'h0                                            
#   begin_time                   time        64    225                                            
#   end_time                     time        64    225                                            
#   depth                        int         32    'd2                                            
#   parent sequence (name)       string      15    writereadseq1_h                                
#   parent sequence (full name)  string      47    uvm_test_top.env_h.act_h.seqr_h.writereadseq1_h
#   sequencer                    string      31    uvm_test_top.env_h.act_h.seqr_h                
# ------------------------------------------------------------------------------------------------
# --------------------------------------DRIVER----------------------------------
# UVM_INFO ApbScoreboard.sv(39) @ 235: uvm_test_top.env_h.scb_h [SB] EXPECTED TRANSACTION: size = 12 | TRANSFER = 1 | RW = 0 | WDATA = c8 | WPADDR = 2 | RPADDR = 8
# ----------------------------------------------INPUT MONITOR-------------------------------------------------------
# --------------------------------------------
# Name                 Type        Size  Value
# --------------------------------------------
# ip_mon_h             ApbSeqItem  -     @709 
#   apb_write_paddr    integral    9     'h2  
#   apb_read_paddr     integral    9     'h8  
#   apb_write_data     integral    8     'hc8 
#   transfer           integral    1     'h1  
#   READ_WRITE         integral    1     'h0  
#   apb_read_data_out  integral    8     'h9d 
# --------------------------------------------
# WRITE ADDRESS = 000000010  READ ADDRESS =000001000 || WRITE DATA =c8
# THE RESET IS 1
# ----------------------------------------------INPUT MONITOR-------------------------------------------------------
# WRITE_ADDRESS_VALIDITY: ASSERTION PASS
# TRANSFER_VALIDITY: ASSERTION PASS
# ---------------------------------DRIVER-------------------
# ------------------------------------------------------------------------------------------------
# Name                           Type        Size  Value                                          
# ------------------------------------------------------------------------------------------------
# txn                            ApbSeqItem  -     @828                                           
#   apb_write_paddr              integral    9     'h107                                          
#   apb_read_paddr               integral    9     'h2                                            
#   apb_write_data               integral    8     'hbd                                           
#   transfer                     integral    1     'h1                                            
#   READ_WRITE                   integral    1     'h1                                            
#   apb_read_data_out            integral    8     'h0                                            
#   begin_time                   time        64    235                                            
#   depth                        int         32    'd2                                            
#   parent sequence (name)       string      15    writereadseq1_h                                
#   parent sequence (full name)  string      47    uvm_test_top.env_h.act_h.seqr_h.writereadseq1_h
#   sequencer                    string      31    uvm_test_top.env_h.act_h.seqr_h                
# ------------------------------------------------------------------------------------------------
# --------------------------------------DRIVER----------------------------------
# UVM_INFO ApbScoreboard.sv(39) @ 245: uvm_test_top.env_h.scb_h [SB] EXPECTED TRANSACTION: size = 13 | TRANSFER = 1 | RW = 0 | WDATA = c8 | WPADDR = 2 | RPADDR = 8
# ----------------------------------------------INPUT MONITOR-------------------------------------------------------
# --------------------------------------------
# Name                 Type        Size  Value
# --------------------------------------------
# ip_mon_h             ApbSeqItem  -     @709 
#   apb_write_paddr    integral    9     'h2  
#   apb_read_paddr     integral    9     'h8  
#   apb_write_data     integral    8     'hc8 
#   transfer           integral    1     'h1  
#   READ_WRITE         integral    1     'h0  
#   apb_read_data_out  integral    8     'h9d 
# --------------------------------------------
# WRITE ADDRESS = 000000010  READ ADDRESS =000001000 || WRITE DATA =c8
# THE RESET IS 1
# ----------------------------------------------INPUT MONITOR-------------------------------------------------------
# UVM_INFO ApbScoreboard.sv(46) @ 245: uvm_test_top.env_h.scb_h [SB] ACTUAL TRANSACTION: size = 1 | TRANSFER = 1 | RW = 0 | WPADDR = 2 | WDATA = c8 | RDATA = 9d | RPADDR = 8
# ----------------------------------------------OUTPUT MONITOR-------------------------------------------------------
# --------------------------------------------
# Name                 Type        Size  Value
# --------------------------------------------
# op_mon_h             ApbSeqItem  -     @734 
#   apb_write_paddr    integral    9     'h2  
#   apb_read_paddr     integral    9     'h8  
#   apb_write_data     integral    8     'hc8 
#   transfer           integral    1     'h1  
#   READ_WRITE         integral    1     'h0  
#   apb_read_data_out  integral    8     'h9d 
# --------------------------------------------
# ----------------------------------------------OUTPUT MONITOR-------------------------------------------------------
# FOR COMPARING : WRITE DATA =c8 READ DATA OUT =9d
# -------------------------------------------------------------------WRITE--PASS---------------------------------------------------------------------
# UVM_INFO ApbScoreboard.sv(84) @ 245: uvm_test_top.env_h.scb_h [COMPARE] WRITE PASS | EXPECTED WDATA = c8  ACTUAL WDATA =c8 |EXPECTED  WRITE ADDR = 2 ACTUAL WRITE ADDR =2
# WRITE_ADDRESS_VALIDITY: ASSERTION PASS
# TRANSFER_VALIDITY: ASSERTION PASS
# ---------------------------------DRIVER-------------------
# ------------------------------------------------------------------------------------------------
# Name                           Type        Size  Value                                          
# ------------------------------------------------------------------------------------------------
# txn                            ApbSeqItem  -     @828                                           
#   apb_write_paddr              integral    9     'h107                                          
#   apb_read_paddr               integral    9     'h2                                            
#   apb_write_data               integral    8     'hbd                                           
#   transfer                     integral    1     'h1                                            
#   READ_WRITE                   integral    1     'h1                                            
#   apb_read_data_out            integral    8     'h0                                            
#   begin_time                   time        64    245                                            
#   end_time                     time        64    245                                            
#   depth                        int         32    'd2                                            
#   parent sequence (name)       string      15    writereadseq1_h                                
#   parent sequence (full name)  string      47    uvm_test_top.env_h.act_h.seqr_h.writereadseq1_h
#   sequencer                    string      31    uvm_test_top.env_h.act_h.seqr_h                
# ------------------------------------------------------------------------------------------------
# --------------------------------------DRIVER----------------------------------
# UVM_INFO ApbScoreboard.sv(39) @ 255: uvm_test_top.env_h.scb_h [SB] EXPECTED TRANSACTION: size = 13 | TRANSFER = 1 | RW = 1 | WDATA = c8 | WPADDR = 2 | RPADDR = 2
# ----------------------------------------------INPUT MONITOR-------------------------------------------------------
# --------------------------------------------
# Name                 Type        Size  Value
# --------------------------------------------
# ip_mon_h             ApbSeqItem  -     @709 
#   apb_write_paddr    integral    9     'h2  
#   apb_read_paddr     integral    9     'h2  
#   apb_write_data     integral    8     'hc8 
#   transfer           integral    1     'h1  
#   READ_WRITE         integral    1     'h1  
#   apb_read_data_out  integral    8     'h9d 
# --------------------------------------------
# WRITE ADDRESS = 000000010  READ ADDRESS =000000010 || WRITE DATA =c8
# THE RESET IS 1
# ----------------------------------------------INPUT MONITOR-------------------------------------------------------
# READ_ADDRESS_VALIDITY: ASSERTION PASS
# TRANSFER_VALIDITY: ASSERTION PASS
# ---------------------------------DRIVER-------------------
# ------------------------------------------------------------------------------------------------
# Name                           Type        Size  Value                                          
# ------------------------------------------------------------------------------------------------
# txn                            ApbSeqItem  -     @832                                           
#   apb_write_paddr              integral    9     'h7                                            
#   apb_read_paddr               integral    9     'h105                                          
#   apb_write_data               integral    8     'h60                                           
#   transfer                     integral    1     'h1                                            
#   READ_WRITE                   integral    1     'h0                                            
#   apb_read_data_out            integral    8     'h0                                            
#   begin_time                   time        64    255                                            
#   depth                        int         32    'd2                                            
#   parent sequence (name)       string      15    writereadseq1_h                                
#   parent sequence (full name)  string      47    uvm_test_top.env_h.act_h.seqr_h.writereadseq1_h
#   sequencer                    string      31    uvm_test_top.env_h.act_h.seqr_h                
# ------------------------------------------------------------------------------------------------
# --------------------------------------DRIVER----------------------------------
# UVM_INFO ApbScoreboard.sv(39) @ 265: uvm_test_top.env_h.scb_h [SB] EXPECTED TRANSACTION: size = 14 | TRANSFER = 1 | RW = 1 | WDATA = c8 | WPADDR = 2 | RPADDR = 2
# ----------------------------------------------INPUT MONITOR-------------------------------------------------------
# --------------------------------------------
# Name                 Type        Size  Value
# --------------------------------------------
# ip_mon_h             ApbSeqItem  -     @709 
#   apb_write_paddr    integral    9     'h2  
#   apb_read_paddr     integral    9     'h2  
#   apb_write_data     integral    8     'hc8 
#   transfer           integral    1     'h1  
#   READ_WRITE         integral    1     'h1  
#   apb_read_data_out  integral    8     'h9d 
# --------------------------------------------
# WRITE ADDRESS = 000000010  READ ADDRESS =000000010 || WRITE DATA =c8
# THE RESET IS 1
# ----------------------------------------------INPUT MONITOR-------------------------------------------------------
# UVM_INFO ApbScoreboard.sv(46) @ 265: uvm_test_top.env_h.scb_h [SB] ACTUAL TRANSACTION: size = 1 | TRANSFER = 1 | RW = 1 | WPADDR = 2 | WDATA = c8 | RDATA = c8 | RPADDR = 2
# ----------------------------------------------OUTPUT MONITOR-------------------------------------------------------
# --------------------------------------------
# Name                 Type        Size  Value
# --------------------------------------------
# op_mon_h             ApbSeqItem  -     @734 
#   apb_write_paddr    integral    9     'h2  
#   apb_read_paddr     integral    9     'h2  
#   apb_write_data     integral    8     'hc8 
#   transfer           integral    1     'h1  
#   READ_WRITE         integral    1     'h1  
#   apb_read_data_out  integral    8     'hc8 
# --------------------------------------------
# ----------------------------------------------OUTPUT MONITOR-------------------------------------------------------
# FOR COMPARING : WRITE DATA =c8 READ DATA OUT =c8
# -------------------------------------------------------------------------READ PASS---------------------------------------------------------------------
# UVM_INFO ApbScoreboard.sv(103) @ 265: uvm_test_top.env_h.scb_h [COMPARE] READ PASS | EXPECTED RDATA = c8  ACTUAL RDATA =c8 |EXPECTED  READ ADDR = 2 ACTUAL READ ADDR =2
# READ_ADDRESS_VALIDITY: ASSERTION PASS
# TRANSFER_VALIDITY: ASSERTION PASS
# ---------------------------------DRIVER-------------------
# ------------------------------------------------------------------------------------------------
# Name                           Type        Size  Value                                          
# ------------------------------------------------------------------------------------------------
# txn                            ApbSeqItem  -     @832                                           
#   apb_write_paddr              integral    9     'h7                                            
#   apb_read_paddr               integral    9     'h105                                          
#   apb_write_data               integral    8     'h60                                           
#   transfer                     integral    1     'h1                                            
#   READ_WRITE                   integral    1     'h0                                            
#   apb_read_data_out            integral    8     'h0                                            
#   begin_time                   time        64    265                                            
#   end_time                     time        64    265                                            
#   depth                        int         32    'd2                                            
#   parent sequence (name)       string      15    writereadseq1_h                                
#   parent sequence (full name)  string      47    uvm_test_top.env_h.act_h.seqr_h.writereadseq1_h
#   sequencer                    string      31    uvm_test_top.env_h.act_h.seqr_h                
# ------------------------------------------------------------------------------------------------
# --------------------------------------DRIVER----------------------------------
# UVM_INFO ApbScoreboard.sv(39) @ 275: uvm_test_top.env_h.scb_h [SB] EXPECTED TRANSACTION: size = 14 | TRANSFER = 1 | RW = 0 | WDATA = 60 | WPADDR = 7 | RPADDR = 2
# ----------------------------------------------INPUT MONITOR-------------------------------------------------------
# --------------------------------------------
# Name                 Type        Size  Value
# --------------------------------------------
# ip_mon_h             ApbSeqItem  -     @709 
#   apb_write_paddr    integral    9     'h7  
#   apb_read_paddr     integral    9     'h2  
#   apb_write_data     integral    8     'h60 
#   transfer           integral    1     'h1  
#   READ_WRITE         integral    1     'h0  
#   apb_read_data_out  integral    8     'hc8 
# --------------------------------------------
# WRITE ADDRESS = 000000111  READ ADDRESS =000000010 || WRITE DATA =60
# THE RESET IS 1
# ----------------------------------------------INPUT MONITOR-------------------------------------------------------
# WRITE_ADDRESS_VALIDITY: ASSERTION PASS
# TRANSFER_VALIDITY: ASSERTION PASS
# ---------------------------------DRIVER-------------------
# ------------------------------------------------------------------------------------------------
# Name                           Type        Size  Value                                          
# ------------------------------------------------------------------------------------------------
# txn                            ApbSeqItem  -     @836                                           
#   apb_write_paddr              integral    9     'hba                                           
#   apb_read_paddr               integral    9     'h7                                            
#   apb_write_data               integral    8     'h9a                                           
#   transfer                     integral    1     'h1                                            
#   READ_WRITE                   integral    1     'h1                                            
#   apb_read_data_out            integral    8     'h0                                            
#   begin_time                   time        64    275                                            
#   depth                        int         32    'd2                                            
#   parent sequence (name)       string      15    writereadseq1_h                                
#   parent sequence (full name)  string      47    uvm_test_top.env_h.act_h.seqr_h.writereadseq1_h
#   sequencer                    string      31    uvm_test_top.env_h.act_h.seqr_h                
# ------------------------------------------------------------------------------------------------
# --------------------------------------DRIVER----------------------------------
# UVM_INFO ApbScoreboard.sv(39) @ 285: uvm_test_top.env_h.scb_h [SB] EXPECTED TRANSACTION: size = 15 | TRANSFER = 1 | RW = 0 | WDATA = 60 | WPADDR = 7 | RPADDR = 2
# ----------------------------------------------INPUT MONITOR-------------------------------------------------------
# --------------------------------------------
# Name                 Type        Size  Value
# --------------------------------------------
# ip_mon_h             ApbSeqItem  -     @709 
#   apb_write_paddr    integral    9     'h7  
#   apb_read_paddr     integral    9     'h2  
#   apb_write_data     integral    8     'h60 
#   transfer           integral    1     'h1  
#   READ_WRITE         integral    1     'h0  
#   apb_read_data_out  integral    8     'hc8 
# --------------------------------------------
# WRITE ADDRESS = 000000111  READ ADDRESS =000000010 || WRITE DATA =60
# THE RESET IS 1
# ----------------------------------------------INPUT MONITOR-------------------------------------------------------
# UVM_INFO ApbScoreboard.sv(46) @ 285: uvm_test_top.env_h.scb_h [SB] ACTUAL TRANSACTION: size = 1 | TRANSFER = 1 | RW = 0 | WPADDR = 7 | WDATA = 60 | RDATA = c8 | RPADDR = 2
# ----------------------------------------------OUTPUT MONITOR-------------------------------------------------------
# --------------------------------------------
# Name                 Type        Size  Value
# --------------------------------------------
# op_mon_h             ApbSeqItem  -     @734 
#   apb_write_paddr    integral    9     'h7  
#   apb_read_paddr     integral    9     'h2  
#   apb_write_data     integral    8     'h60 
#   transfer           integral    1     'h1  
#   READ_WRITE         integral    1     'h0  
#   apb_read_data_out  integral    8     'hc8 
# --------------------------------------------
# ----------------------------------------------OUTPUT MONITOR-------------------------------------------------------
# FOR COMPARING : WRITE DATA =60 READ DATA OUT =c8
# -------------------------------------------------------------------WRITE--PASS---------------------------------------------------------------------
# UVM_INFO ApbScoreboard.sv(84) @ 285: uvm_test_top.env_h.scb_h [COMPARE] WRITE PASS | EXPECTED WDATA = 60  ACTUAL WDATA =60 |EXPECTED  WRITE ADDR = 7 ACTUAL WRITE ADDR =7
# WRITE_ADDRESS_VALIDITY: ASSERTION PASS
# TRANSFER_VALIDITY: ASSERTION PASS
# ---------------------------------DRIVER-------------------
# ------------------------------------------------------------------------------------------------
# Name                           Type        Size  Value                                          
# ------------------------------------------------------------------------------------------------
# txn                            ApbSeqItem  -     @836                                           
#   apb_write_paddr              integral    9     'hba                                           
#   apb_read_paddr               integral    9     'h7                                            
#   apb_write_data               integral    8     'h9a                                           
#   transfer                     integral    1     'h1                                            
#   READ_WRITE                   integral    1     'h1                                            
#   apb_read_data_out            integral    8     'h0                                            
#   begin_time                   time        64    285                                            
#   end_time                     time        64    285                                            
#   depth                        int         32    'd2                                            
#   parent sequence (name)       string      15    writereadseq1_h                                
#   parent sequence (full name)  string      47    uvm_test_top.env_h.act_h.seqr_h.writereadseq1_h
#   sequencer                    string      31    uvm_test_top.env_h.act_h.seqr_h                
# ------------------------------------------------------------------------------------------------
# --------------------------------------DRIVER----------------------------------
# UVM_INFO ApbScoreboard.sv(39) @ 295: uvm_test_top.env_h.scb_h [SB] EXPECTED TRANSACTION: size = 15 | TRANSFER = 1 | RW = 1 | WDATA = 60 | WPADDR = 7 | RPADDR = 7
# ----------------------------------------------INPUT MONITOR-------------------------------------------------------
# --------------------------------------------
# Name                 Type        Size  Value
# --------------------------------------------
# ip_mon_h             ApbSeqItem  -     @709 
#   apb_write_paddr    integral    9     'h7  
#   apb_read_paddr     integral    9     'h7  
#   apb_write_data     integral    8     'h60 
#   transfer           integral    1     'h1  
#   READ_WRITE         integral    1     'h1  
#   apb_read_data_out  integral    8     'hc8 
# --------------------------------------------
# WRITE ADDRESS = 000000111  READ ADDRESS =000000111 || WRITE DATA =60
# THE RESET IS 1
# ----------------------------------------------INPUT MONITOR-------------------------------------------------------
# READ_ADDRESS_VALIDITY: ASSERTION PASS
# TRANSFER_VALIDITY: ASSERTION PASS
# ---------------------------------DRIVER-------------------
# ------------------------------------------------------------------------------------------------
# Name                           Type        Size  Value                                          
# ------------------------------------------------------------------------------------------------
# txn                            ApbSeqItem  -     @840                                           
#   apb_write_paddr              integral    9     'h9                                            
#   apb_read_paddr               integral    9     'h13e                                          
#   apb_write_data               integral    8     'h78                                           
#   transfer                     integral    1     'h1                                            
#   READ_WRITE                   integral    1     'h0                                            
#   apb_read_data_out            integral    8     'h0                                            
#   begin_time                   time        64    295                                            
#   depth                        int         32    'd2                                            
#   parent sequence (name)       string      15    writereadseq1_h                                
#   parent sequence (full name)  string      47    uvm_test_top.env_h.act_h.seqr_h.writereadseq1_h
#   sequencer                    string      31    uvm_test_top.env_h.act_h.seqr_h                
# ------------------------------------------------------------------------------------------------
# --------------------------------------DRIVER----------------------------------
# UVM_INFO ApbScoreboard.sv(39) @ 305: uvm_test_top.env_h.scb_h [SB] EXPECTED TRANSACTION: size = 16 | TRANSFER = 1 | RW = 1 | WDATA = 60 | WPADDR = 7 | RPADDR = 7
# ----------------------------------------------INPUT MONITOR-------------------------------------------------------
# --------------------------------------------
# Name                 Type        Size  Value
# --------------------------------------------
# ip_mon_h             ApbSeqItem  -     @709 
#   apb_write_paddr    integral    9     'h7  
#   apb_read_paddr     integral    9     'h7  
#   apb_write_data     integral    8     'h60 
#   transfer           integral    1     'h1  
#   READ_WRITE         integral    1     'h1  
#   apb_read_data_out  integral    8     'hc8 
# --------------------------------------------
# WRITE ADDRESS = 000000111  READ ADDRESS =000000111 || WRITE DATA =60
# THE RESET IS 1
# ----------------------------------------------INPUT MONITOR-------------------------------------------------------
# UVM_INFO ApbScoreboard.sv(46) @ 305: uvm_test_top.env_h.scb_h [SB] ACTUAL TRANSACTION: size = 1 | TRANSFER = 1 | RW = 1 | WPADDR = 7 | WDATA = 60 | RDATA = 60 | RPADDR = 7
# ----------------------------------------------OUTPUT MONITOR-------------------------------------------------------
# --------------------------------------------
# Name                 Type        Size  Value
# --------------------------------------------
# op_mon_h             ApbSeqItem  -     @734 
#   apb_write_paddr    integral    9     'h7  
#   apb_read_paddr     integral    9     'h7  
#   apb_write_data     integral    8     'h60 
#   transfer           integral    1     'h1  
#   READ_WRITE         integral    1     'h1  
#   apb_read_data_out  integral    8     'h60 
# --------------------------------------------
# ----------------------------------------------OUTPUT MONITOR-------------------------------------------------------
# FOR COMPARING : WRITE DATA =60 READ DATA OUT =60
# -------------------------------------------------------------------------READ PASS---------------------------------------------------------------------
# UVM_INFO ApbScoreboard.sv(103) @ 305: uvm_test_top.env_h.scb_h [COMPARE] READ PASS | EXPECTED RDATA = 60  ACTUAL RDATA =60 |EXPECTED  READ ADDR = 7 ACTUAL READ ADDR =7
# READ_ADDRESS_VALIDITY: ASSERTION PASS
# TRANSFER_VALIDITY: ASSERTION PASS
# ---------------------------------DRIVER-------------------
# ------------------------------------------------------------------------------------------------
# Name                           Type        Size  Value                                          
# ------------------------------------------------------------------------------------------------
# txn                            ApbSeqItem  -     @840                                           
#   apb_write_paddr              integral    9     'h9                                            
#   apb_read_paddr               integral    9     'h13e                                          
#   apb_write_data               integral    8     'h78                                           
#   transfer                     integral    1     'h1                                            
#   READ_WRITE                   integral    1     'h0                                            
#   apb_read_data_out            integral    8     'h0                                            
#   begin_time                   time        64    305                                            
#   end_time                     time        64    305                                            
#   depth                        int         32    'd2                                            
#   parent sequence (name)       string      15    writereadseq1_h                                
#   parent sequence (full name)  string      47    uvm_test_top.env_h.act_h.seqr_h.writereadseq1_h
#   sequencer                    string      31    uvm_test_top.env_h.act_h.seqr_h                
# ------------------------------------------------------------------------------------------------
# --------------------------------------DRIVER----------------------------------
# UVM_INFO ApbScoreboard.sv(39) @ 315: uvm_test_top.env_h.scb_h [SB] EXPECTED TRANSACTION: size = 16 | TRANSFER = 1 | RW = 0 | WDATA = 78 | WPADDR = 9 | RPADDR = 7
# ----------------------------------------------INPUT MONITOR-------------------------------------------------------
# --------------------------------------------
# Name                 Type        Size  Value
# --------------------------------------------
# ip_mon_h             ApbSeqItem  -     @709 
#   apb_write_paddr    integral    9     'h9  
#   apb_read_paddr     integral    9     'h7  
#   apb_write_data     integral    8     'h78 
#   transfer           integral    1     'h1  
#   READ_WRITE         integral    1     'h0  
#   apb_read_data_out  integral    8     'h60 
# --------------------------------------------
# WRITE ADDRESS = 000001001  READ ADDRESS =000000111 || WRITE DATA =78
# THE RESET IS 1
# ----------------------------------------------INPUT MONITOR-------------------------------------------------------
# WRITE_ADDRESS_VALIDITY: ASSERTION PASS
# TRANSFER_VALIDITY: ASSERTION PASS
# ---------------------------------DRIVER-------------------
# ------------------------------------------------------------------------------------------------
# Name                           Type        Size  Value                                          
# ------------------------------------------------------------------------------------------------
# txn                            ApbSeqItem  -     @844                                           
#   apb_write_paddr              integral    9     'h3b                                           
#   apb_read_paddr               integral    9     'h9                                            
#   apb_write_data               integral    8     'hb1                                           
#   transfer                     integral    1     'h1                                            
#   READ_WRITE                   integral    1     'h1                                            
#   apb_read_data_out            integral    8     'h0                                            
#   begin_time                   time        64    315                                            
#   depth                        int         32    'd2                                            
#   parent sequence (name)       string      15    writereadseq1_h                                
#   parent sequence (full name)  string      47    uvm_test_top.env_h.act_h.seqr_h.writereadseq1_h
#   sequencer                    string      31    uvm_test_top.env_h.act_h.seqr_h                
# ------------------------------------------------------------------------------------------------
# --------------------------------------DRIVER----------------------------------
# UVM_INFO ApbScoreboard.sv(39) @ 325: uvm_test_top.env_h.scb_h [SB] EXPECTED TRANSACTION: size = 17 | TRANSFER = 1 | RW = 0 | WDATA = 78 | WPADDR = 9 | RPADDR = 7
# ----------------------------------------------INPUT MONITOR-------------------------------------------------------
# --------------------------------------------
# Name                 Type        Size  Value
# --------------------------------------------
# ip_mon_h             ApbSeqItem  -     @709 
#   apb_write_paddr    integral    9     'h9  
#   apb_read_paddr     integral    9     'h7  
#   apb_write_data     integral    8     'h78 
#   transfer           integral    1     'h1  
#   READ_WRITE         integral    1     'h0  
#   apb_read_data_out  integral    8     'h60 
# --------------------------------------------
# WRITE ADDRESS = 000001001  READ ADDRESS =000000111 || WRITE DATA =78
# THE RESET IS 1
# ----------------------------------------------INPUT MONITOR-------------------------------------------------------
# UVM_INFO ApbScoreboard.sv(46) @ 325: uvm_test_top.env_h.scb_h [SB] ACTUAL TRANSACTION: size = 1 | TRANSFER = 1 | RW = 0 | WPADDR = 9 | WDATA = 78 | RDATA = 60 | RPADDR = 7
# ----------------------------------------------OUTPUT MONITOR-------------------------------------------------------
# --------------------------------------------
# Name                 Type        Size  Value
# --------------------------------------------
# op_mon_h             ApbSeqItem  -     @734 
#   apb_write_paddr    integral    9     'h9  
#   apb_read_paddr     integral    9     'h7  
#   apb_write_data     integral    8     'h78 
#   transfer           integral    1     'h1  
#   READ_WRITE         integral    1     'h0  
#   apb_read_data_out  integral    8     'h60 
# --------------------------------------------
# ----------------------------------------------OUTPUT MONITOR-------------------------------------------------------
# FOR COMPARING : WRITE DATA =78 READ DATA OUT =60
# -------------------------------------------------------------------WRITE--PASS---------------------------------------------------------------------
# UVM_INFO ApbScoreboard.sv(84) @ 325: uvm_test_top.env_h.scb_h [COMPARE] WRITE PASS | EXPECTED WDATA = 78  ACTUAL WDATA =78 |EXPECTED  WRITE ADDR = 9 ACTUAL WRITE ADDR =9
# WRITE_ADDRESS_VALIDITY: ASSERTION PASS
# TRANSFER_VALIDITY: ASSERTION PASS
# ---------------------------------DRIVER-------------------
# ------------------------------------------------------------------------------------------------
# Name                           Type        Size  Value                                          
# ------------------------------------------------------------------------------------------------
# txn                            ApbSeqItem  -     @844                                           
#   apb_write_paddr              integral    9     'h3b                                           
#   apb_read_paddr               integral    9     'h9                                            
#   apb_write_data               integral    8     'hb1                                           
#   transfer                     integral    1     'h1                                            
#   READ_WRITE                   integral    1     'h1                                            
#   apb_read_data_out            integral    8     'h0                                            
#   begin_time                   time        64    325                                            
#   end_time                     time        64    325                                            
#   depth                        int         32    'd2                                            
#   parent sequence (name)       string      15    writereadseq1_h                                
#   parent sequence (full name)  string      47    uvm_test_top.env_h.act_h.seqr_h.writereadseq1_h
#   sequencer                    string      31    uvm_test_top.env_h.act_h.seqr_h                
# ------------------------------------------------------------------------------------------------
# --------------------------------------DRIVER----------------------------------
# UVM_INFO ApbScoreboard.sv(39) @ 335: uvm_test_top.env_h.scb_h [SB] EXPECTED TRANSACTION: size = 17 | TRANSFER = 1 | RW = 1 | WDATA = 78 | WPADDR = 9 | RPADDR = 9
# ----------------------------------------------INPUT MONITOR-------------------------------------------------------
# --------------------------------------------
# Name                 Type        Size  Value
# --------------------------------------------
# ip_mon_h             ApbSeqItem  -     @709 
#   apb_write_paddr    integral    9     'h9  
#   apb_read_paddr     integral    9     'h9  
#   apb_write_data     integral    8     'h78 
#   transfer           integral    1     'h1  
#   READ_WRITE         integral    1     'h1  
#   apb_read_data_out  integral    8     'h60 
# --------------------------------------------
# WRITE ADDRESS = 000001001  READ ADDRESS =000001001 || WRITE DATA =78
# THE RESET IS 1
# ----------------------------------------------INPUT MONITOR-------------------------------------------------------
# READ_ADDRESS_VALIDITY: ASSERTION PASS
# TRANSFER_VALIDITY: ASSERTION PASS
# ---------------------------------DRIVER-------------------
# ------------------------------------------------------------------------------------------------
# Name                           Type        Size  Value                                          
# ------------------------------------------------------------------------------------------------
# txn                            ApbSeqItem  -     @848                                           
#   apb_write_paddr              integral    9     'h7                                            
#   apb_read_paddr               integral    9     'h198                                          
#   apb_write_data               integral    8     'hff                                           
#   transfer                     integral    1     'h1                                            
#   READ_WRITE                   integral    1     'h0                                            
#   apb_read_data_out            integral    8     'h0                                            
#   begin_time                   time        64    335                                            
#   depth                        int         32    'd2                                            
#   parent sequence (name)       string      15    writereadseq1_h                                
#   parent sequence (full name)  string      47    uvm_test_top.env_h.act_h.seqr_h.writereadseq1_h
#   sequencer                    string      31    uvm_test_top.env_h.act_h.seqr_h                
# ------------------------------------------------------------------------------------------------
# --------------------------------------DRIVER----------------------------------
# UVM_INFO ApbScoreboard.sv(39) @ 345: uvm_test_top.env_h.scb_h [SB] EXPECTED TRANSACTION: size = 18 | TRANSFER = 1 | RW = 1 | WDATA = 78 | WPADDR = 9 | RPADDR = 9
# ----------------------------------------------INPUT MONITOR-------------------------------------------------------
# --------------------------------------------
# Name                 Type        Size  Value
# --------------------------------------------
# ip_mon_h             ApbSeqItem  -     @709 
#   apb_write_paddr    integral    9     'h9  
#   apb_read_paddr     integral    9     'h9  
#   apb_write_data     integral    8     'h78 
#   transfer           integral    1     'h1  
#   READ_WRITE         integral    1     'h1  
#   apb_read_data_out  integral    8     'h60 
# --------------------------------------------
# WRITE ADDRESS = 000001001  READ ADDRESS =000001001 || WRITE DATA =78
# THE RESET IS 1
# ----------------------------------------------INPUT MONITOR-------------------------------------------------------
# UVM_INFO ApbScoreboard.sv(46) @ 345: uvm_test_top.env_h.scb_h [SB] ACTUAL TRANSACTION: size = 1 | TRANSFER = 1 | RW = 1 | WPADDR = 9 | WDATA = 78 | RDATA = 78 | RPADDR = 9
# ----------------------------------------------OUTPUT MONITOR-------------------------------------------------------
# --------------------------------------------
# Name                 Type        Size  Value
# --------------------------------------------
# op_mon_h             ApbSeqItem  -     @734 
#   apb_write_paddr    integral    9     'h9  
#   apb_read_paddr     integral    9     'h9  
#   apb_write_data     integral    8     'h78 
#   transfer           integral    1     'h1  
#   READ_WRITE         integral    1     'h1  
#   apb_read_data_out  integral    8     'h78 
# --------------------------------------------
# ----------------------------------------------OUTPUT MONITOR-------------------------------------------------------
# FOR COMPARING : WRITE DATA =78 READ DATA OUT =78
# -------------------------------------------------------------------------READ PASS---------------------------------------------------------------------
# UVM_INFO ApbScoreboard.sv(103) @ 345: uvm_test_top.env_h.scb_h [COMPARE] READ PASS | EXPECTED RDATA = 78  ACTUAL RDATA =78 |EXPECTED  READ ADDR = 9 ACTUAL READ ADDR =9
# READ_ADDRESS_VALIDITY: ASSERTION PASS
# TRANSFER_VALIDITY: ASSERTION PASS
# ---------------------------------DRIVER-------------------
# ------------------------------------------------------------------------------------------------
# Name                           Type        Size  Value                                          
# ------------------------------------------------------------------------------------------------
# txn                            ApbSeqItem  -     @848                                           
#   apb_write_paddr              integral    9     'h7                                            
#   apb_read_paddr               integral    9     'h198                                          
#   apb_write_data               integral    8     'hff                                           
#   transfer                     integral    1     'h1                                            
#   READ_WRITE                   integral    1     'h0                                            
#   apb_read_data_out            integral    8     'h0                                            
#   begin_time                   time        64    345                                            
#   end_time                     time        64    345                                            
#   depth                        int         32    'd2                                            
#   parent sequence (name)       string      15    writereadseq1_h                                
#   parent sequence (full name)  string      47    uvm_test_top.env_h.act_h.seqr_h.writereadseq1_h
#   sequencer                    string      31    uvm_test_top.env_h.act_h.seqr_h                
# ------------------------------------------------------------------------------------------------
# --------------------------------------DRIVER----------------------------------
# UVM_INFO ApbScoreboard.sv(39) @ 355: uvm_test_top.env_h.scb_h [SB] EXPECTED TRANSACTION: size = 18 | TRANSFER = 1 | RW = 0 | WDATA = ff | WPADDR = 7 | RPADDR = 9
# ----------------------------------------------INPUT MONITOR-------------------------------------------------------
# --------------------------------------------
# Name                 Type        Size  Value
# --------------------------------------------
# ip_mon_h             ApbSeqItem  -     @709 
#   apb_write_paddr    integral    9     'h7  
#   apb_read_paddr     integral    9     'h9  
#   apb_write_data     integral    8     'hff 
#   transfer           integral    1     'h1  
#   READ_WRITE         integral    1     'h0  
#   apb_read_data_out  integral    8     'h78 
# --------------------------------------------
# WRITE ADDRESS = 000000111  READ ADDRESS =000001001 || WRITE DATA =ff
# THE RESET IS 1
# ----------------------------------------------INPUT MONITOR-------------------------------------------------------
# WRITE_ADDRESS_VALIDITY: ASSERTION PASS
# TRANSFER_VALIDITY: ASSERTION PASS
# ---------------------------------DRIVER-------------------
# ------------------------------------------------------------------------------------------------
# Name                           Type        Size  Value                                          
# ------------------------------------------------------------------------------------------------
# txn                            ApbSeqItem  -     @852                                           
#   apb_write_paddr              integral    9     'h18b                                          
#   apb_read_paddr               integral    9     'h7                                            
#   apb_write_data               integral    8     'hb8                                           
#   transfer                     integral    1     'h1                                            
#   READ_WRITE                   integral    1     'h1                                            
#   apb_read_data_out            integral    8     'h0                                            
#   begin_time                   time        64    355                                            
#   depth                        int         32    'd2                                            
#   parent sequence (name)       string      15    writereadseq1_h                                
#   parent sequence (full name)  string      47    uvm_test_top.env_h.act_h.seqr_h.writereadseq1_h
#   sequencer                    string      31    uvm_test_top.env_h.act_h.seqr_h                
# ------------------------------------------------------------------------------------------------
# --------------------------------------DRIVER----------------------------------
# UVM_INFO ApbScoreboard.sv(39) @ 365: uvm_test_top.env_h.scb_h [SB] EXPECTED TRANSACTION: size = 19 | TRANSFER = 1 | RW = 0 | WDATA = ff | WPADDR = 7 | RPADDR = 9
# ----------------------------------------------INPUT MONITOR-------------------------------------------------------
# --------------------------------------------
# Name                 Type        Size  Value
# --------------------------------------------
# ip_mon_h             ApbSeqItem  -     @709 
#   apb_write_paddr    integral    9     'h7  
#   apb_read_paddr     integral    9     'h9  
#   apb_write_data     integral    8     'hff 
#   transfer           integral    1     'h1  
#   READ_WRITE         integral    1     'h0  
#   apb_read_data_out  integral    8     'h78 
# --------------------------------------------
# WRITE ADDRESS = 000000111  READ ADDRESS =000001001 || WRITE DATA =ff
# THE RESET IS 1
# ----------------------------------------------INPUT MONITOR-------------------------------------------------------
# UVM_INFO ApbScoreboard.sv(46) @ 365: uvm_test_top.env_h.scb_h [SB] ACTUAL TRANSACTION: size = 1 | TRANSFER = 1 | RW = 0 | WPADDR = 7 | WDATA = ff | RDATA = 78 | RPADDR = 9
# ----------------------------------------------OUTPUT MONITOR-------------------------------------------------------
# --------------------------------------------
# Name                 Type        Size  Value
# --------------------------------------------
# op_mon_h             ApbSeqItem  -     @734 
#   apb_write_paddr    integral    9     'h7  
#   apb_read_paddr     integral    9     'h9  
#   apb_write_data     integral    8     'hff 
#   transfer           integral    1     'h1  
#   READ_WRITE         integral    1     'h0  
#   apb_read_data_out  integral    8     'h78 
# --------------------------------------------
# ----------------------------------------------OUTPUT MONITOR-------------------------------------------------------
# FOR COMPARING : WRITE DATA =ff READ DATA OUT =78
# -------------------------------------------------------------------WRITE--PASS---------------------------------------------------------------------
# UVM_INFO ApbScoreboard.sv(84) @ 365: uvm_test_top.env_h.scb_h [COMPARE] WRITE PASS | EXPECTED WDATA = ff  ACTUAL WDATA =ff |EXPECTED  WRITE ADDR = 7 ACTUAL WRITE ADDR =7
# WRITE_ADDRESS_VALIDITY: ASSERTION PASS
# TRANSFER_VALIDITY: ASSERTION PASS
# ---------------------------------DRIVER-------------------
# ------------------------------------------------------------------------------------------------
# Name                           Type        Size  Value                                          
# ------------------------------------------------------------------------------------------------
# txn                            ApbSeqItem  -     @852                                           
#   apb_write_paddr              integral    9     'h18b                                          
#   apb_read_paddr               integral    9     'h7                                            
#   apb_write_data               integral    8     'hb8                                           
#   transfer                     integral    1     'h1                                            
#   READ_WRITE                   integral    1     'h1                                            
#   apb_read_data_out            integral    8     'h0                                            
#   begin_time                   time        64    365                                            
#   end_time                     time        64    365                                            
#   depth                        int         32    'd2                                            
#   parent sequence (name)       string      15    writereadseq1_h                                
#   parent sequence (full name)  string      47    uvm_test_top.env_h.act_h.seqr_h.writereadseq1_h
#   sequencer                    string      31    uvm_test_top.env_h.act_h.seqr_h                
# ------------------------------------------------------------------------------------------------
# --------------------------------------DRIVER----------------------------------
# UVM_INFO ApbScoreboard.sv(39) @ 375: uvm_test_top.env_h.scb_h [SB] EXPECTED TRANSACTION: size = 19 | TRANSFER = 1 | RW = 1 | WDATA = ff | WPADDR = 7 | RPADDR = 7
# ----------------------------------------------INPUT MONITOR-------------------------------------------------------
# --------------------------------------------
# Name                 Type        Size  Value
# --------------------------------------------
# ip_mon_h             ApbSeqItem  -     @709 
#   apb_write_paddr    integral    9     'h7  
#   apb_read_paddr     integral    9     'h7  
#   apb_write_data     integral    8     'hff 
#   transfer           integral    1     'h1  
#   READ_WRITE         integral    1     'h1  
#   apb_read_data_out  integral    8     'h78 
# --------------------------------------------
# WRITE ADDRESS = 000000111  READ ADDRESS =000000111 || WRITE DATA =ff
# THE RESET IS 1
# ----------------------------------------------INPUT MONITOR-------------------------------------------------------
# READ_ADDRESS_VALIDITY: ASSERTION PASS
# TRANSFER_VALIDITY: ASSERTION PASS
# ---------------------------------DRIVER-------------------
# ------------------------------------------------------------------------------------------------
# Name                           Type        Size  Value                                          
# ------------------------------------------------------------------------------------------------
# txn                            ApbSeqItem  -     @856                                           
#   apb_write_paddr              integral    9     'h9                                            
#   apb_read_paddr               integral    9     'h110                                          
#   apb_write_data               integral    8     'h45                                           
#   transfer                     integral    1     'h1                                            
#   READ_WRITE                   integral    1     'h0                                            
#   apb_read_data_out            integral    8     'h0                                            
#   begin_time                   time        64    375                                            
#   depth                        int         32    'd2                                            
#   parent sequence (name)       string      15    writereadseq1_h                                
#   parent sequence (full name)  string      47    uvm_test_top.env_h.act_h.seqr_h.writereadseq1_h
#   sequencer                    string      31    uvm_test_top.env_h.act_h.seqr_h                
# ------------------------------------------------------------------------------------------------
# --------------------------------------DRIVER----------------------------------
# UVM_INFO ApbScoreboard.sv(39) @ 385: uvm_test_top.env_h.scb_h [SB] EXPECTED TRANSACTION: size = 20 | TRANSFER = 1 | RW = 1 | WDATA = ff | WPADDR = 7 | RPADDR = 7
# ----------------------------------------------INPUT MONITOR-------------------------------------------------------
# --------------------------------------------
# Name                 Type        Size  Value
# --------------------------------------------
# ip_mon_h             ApbSeqItem  -     @709 
#   apb_write_paddr    integral    9     'h7  
#   apb_read_paddr     integral    9     'h7  
#   apb_write_data     integral    8     'hff 
#   transfer           integral    1     'h1  
#   READ_WRITE         integral    1     'h1  
#   apb_read_data_out  integral    8     'h78 
# --------------------------------------------
# WRITE ADDRESS = 000000111  READ ADDRESS =000000111 || WRITE DATA =ff
# THE RESET IS 1
# ----------------------------------------------INPUT MONITOR-------------------------------------------------------
# UVM_INFO ApbScoreboard.sv(46) @ 385: uvm_test_top.env_h.scb_h [SB] ACTUAL TRANSACTION: size = 1 | TRANSFER = 1 | RW = 1 | WPADDR = 7 | WDATA = ff | RDATA = ff | RPADDR = 7
# ----------------------------------------------OUTPUT MONITOR-------------------------------------------------------
# --------------------------------------------
# Name                 Type        Size  Value
# --------------------------------------------
# op_mon_h             ApbSeqItem  -     @734 
#   apb_write_paddr    integral    9     'h7  
#   apb_read_paddr     integral    9     'h7  
#   apb_write_data     integral    8     'hff 
#   transfer           integral    1     'h1  
#   READ_WRITE         integral    1     'h1  
#   apb_read_data_out  integral    8     'hff 
# --------------------------------------------
# ----------------------------------------------OUTPUT MONITOR-------------------------------------------------------
# FOR COMPARING : WRITE DATA =ff READ DATA OUT =ff
# -------------------------------------------------------------------------READ PASS---------------------------------------------------------------------
# UVM_INFO ApbScoreboard.sv(103) @ 385: uvm_test_top.env_h.scb_h [COMPARE] READ PASS | EXPECTED RDATA = ff  ACTUAL RDATA =ff |EXPECTED  READ ADDR = 7 ACTUAL READ ADDR =7
# READ_ADDRESS_VALIDITY: ASSERTION PASS
# TRANSFER_VALIDITY: ASSERTION PASS
# ---------------------------------DRIVER-------------------
# ------------------------------------------------------------------------------------------------
# Name                           Type        Size  Value                                          
# ------------------------------------------------------------------------------------------------
# txn                            ApbSeqItem  -     @856                                           
#   apb_write_paddr              integral    9     'h9                                            
#   apb_read_paddr               integral    9     'h110                                          
#   apb_write_data               integral    8     'h45                                           
#   transfer                     integral    1     'h1                                            
#   READ_WRITE                   integral    1     'h0                                            
#   apb_read_data_out            integral    8     'h0                                            
#   begin_time                   time        64    385                                            
#   end_time                     time        64    385                                            
#   depth                        int         32    'd2                                            
#   parent sequence (name)       string      15    writereadseq1_h                                
#   parent sequence (full name)  string      47    uvm_test_top.env_h.act_h.seqr_h.writereadseq1_h
#   sequencer                    string      31    uvm_test_top.env_h.act_h.seqr_h                
# ------------------------------------------------------------------------------------------------
# --------------------------------------DRIVER----------------------------------
# UVM_INFO ApbScoreboard.sv(39) @ 395: uvm_test_top.env_h.scb_h [SB] EXPECTED TRANSACTION: size = 20 | TRANSFER = 1 | RW = 0 | WDATA = 45 | WPADDR = 9 | RPADDR = 7
# ----------------------------------------------INPUT MONITOR-------------------------------------------------------
# --------------------------------------------
# Name                 Type        Size  Value
# --------------------------------------------
# ip_mon_h             ApbSeqItem  -     @709 
#   apb_write_paddr    integral    9     'h9  
#   apb_read_paddr     integral    9     'h7  
#   apb_write_data     integral    8     'h45 
#   transfer           integral    1     'h1  
#   READ_WRITE         integral    1     'h0  
#   apb_read_data_out  integral    8     'hff 
# --------------------------------------------
# WRITE ADDRESS = 000001001  READ ADDRESS =000000111 || WRITE DATA =45
# THE RESET IS 1
# ----------------------------------------------INPUT MONITOR-------------------------------------------------------
# WRITE_ADDRESS_VALIDITY: ASSERTION PASS
# TRANSFER_VALIDITY: ASSERTION PASS
# ---------------------------------DRIVER-------------------
# ------------------------------------------------------------------------------------------------
# Name                           Type        Size  Value                                          
# ------------------------------------------------------------------------------------------------
# txn                            ApbSeqItem  -     @860                                           
#   apb_write_paddr              integral    9     'hd0                                           
#   apb_read_paddr               integral    9     'h9                                            
#   apb_write_data               integral    8     'h1f                                           
#   transfer                     integral    1     'h1                                            
#   READ_WRITE                   integral    1     'h1                                            
#   apb_read_data_out            integral    8     'h0                                            
#   begin_time                   time        64    395                                            
#   depth                        int         32    'd2                                            
#   parent sequence (name)       string      15    writereadseq1_h                                
#   parent sequence (full name)  string      47    uvm_test_top.env_h.act_h.seqr_h.writereadseq1_h
#   sequencer                    string      31    uvm_test_top.env_h.act_h.seqr_h                
# ------------------------------------------------------------------------------------------------
# --------------------------------------DRIVER----------------------------------
# UVM_INFO ApbScoreboard.sv(39) @ 405: uvm_test_top.env_h.scb_h [SB] EXPECTED TRANSACTION: size = 21 | TRANSFER = 1 | RW = 0 | WDATA = 45 | WPADDR = 9 | RPADDR = 7
# ----------------------------------------------INPUT MONITOR-------------------------------------------------------
# --------------------------------------------
# Name                 Type        Size  Value
# --------------------------------------------
# ip_mon_h             ApbSeqItem  -     @709 
#   apb_write_paddr    integral    9     'h9  
#   apb_read_paddr     integral    9     'h7  
#   apb_write_data     integral    8     'h45 
#   transfer           integral    1     'h1  
#   READ_WRITE         integral    1     'h0  
#   apb_read_data_out  integral    8     'hff 
# --------------------------------------------
# WRITE ADDRESS = 000001001  READ ADDRESS =000000111 || WRITE DATA =45
# THE RESET IS 1
# ----------------------------------------------INPUT MONITOR-------------------------------------------------------
# UVM_INFO ApbScoreboard.sv(46) @ 405: uvm_test_top.env_h.scb_h [SB] ACTUAL TRANSACTION: size = 1 | TRANSFER = 1 | RW = 0 | WPADDR = 9 | WDATA = 45 | RDATA = ff | RPADDR = 7
# ----------------------------------------------OUTPUT MONITOR-------------------------------------------------------
# --------------------------------------------
# Name                 Type        Size  Value
# --------------------------------------------
# op_mon_h             ApbSeqItem  -     @734 
#   apb_write_paddr    integral    9     'h9  
#   apb_read_paddr     integral    9     'h7  
#   apb_write_data     integral    8     'h45 
#   transfer           integral    1     'h1  
#   READ_WRITE         integral    1     'h0  
#   apb_read_data_out  integral    8     'hff 
# --------------------------------------------
# ----------------------------------------------OUTPUT MONITOR-------------------------------------------------------
# FOR COMPARING : WRITE DATA =45 READ DATA OUT =ff
# -------------------------------------------------------------------WRITE--PASS---------------------------------------------------------------------
# UVM_INFO ApbScoreboard.sv(84) @ 405: uvm_test_top.env_h.scb_h [COMPARE] WRITE PASS | EXPECTED WDATA = 45  ACTUAL WDATA =45 |EXPECTED  WRITE ADDR = 9 ACTUAL WRITE ADDR =9
# WRITE_ADDRESS_VALIDITY: ASSERTION PASS
# TRANSFER_VALIDITY: ASSERTION PASS
# ---------------------------------DRIVER-------------------
# ------------------------------------------------------------------------------------------------
# Name                           Type        Size  Value                                          
# ------------------------------------------------------------------------------------------------
# txn                            ApbSeqItem  -     @860                                           
#   apb_write_paddr              integral    9     'hd0                                           
#   apb_read_paddr               integral    9     'h9                                            
#   apb_write_data               integral    8     'h1f                                           
#   transfer                     integral    1     'h1                                            
#   READ_WRITE                   integral    1     'h1                                            
#   apb_read_data_out            integral    8     'h0                                            
#   begin_time                   time        64    405                                            
#   end_time                     time        64    405                                            
#   depth                        int         32    'd2                                            
#   parent sequence (name)       string      15    writereadseq1_h                                
#   parent sequence (full name)  string      47    uvm_test_top.env_h.act_h.seqr_h.writereadseq1_h
#   sequencer                    string      31    uvm_test_top.env_h.act_h.seqr_h                
# ------------------------------------------------------------------------------------------------
# --------------------------------------DRIVER----------------------------------
# UVM_INFO ApbScoreboard.sv(39) @ 415: uvm_test_top.env_h.scb_h [SB] EXPECTED TRANSACTION: size = 21 | TRANSFER = 1 | RW = 1 | WDATA = 45 | WPADDR = 9 | RPADDR = 9
# ----------------------------------------------INPUT MONITOR-------------------------------------------------------
# --------------------------------------------
# Name                 Type        Size  Value
# --------------------------------------------
# ip_mon_h             ApbSeqItem  -     @709 
#   apb_write_paddr    integral    9     'h9  
#   apb_read_paddr     integral    9     'h9  
#   apb_write_data     integral    8     'h45 
#   transfer           integral    1     'h1  
#   READ_WRITE         integral    1     'h1  
#   apb_read_data_out  integral    8     'hff 
# --------------------------------------------
# WRITE ADDRESS = 000001001  READ ADDRESS =000001001 || WRITE DATA =45
# THE RESET IS 1
# ----------------------------------------------INPUT MONITOR-------------------------------------------------------
# READ_ADDRESS_VALIDITY: ASSERTION PASS
# TRANSFER_VALIDITY: ASSERTION PASS
# ---------------------------------DRIVER-------------------
# ------------------------------------------------------------------------------------------------
# Name                           Type        Size  Value                                          
# ------------------------------------------------------------------------------------------------
# txn                            ApbSeqItem  -     @864                                           
#   apb_write_paddr              integral    9     'h176                                          
#   apb_read_paddr               integral    9     'h1f2                                          
#   apb_write_data               integral    8     'h99                                           
#   transfer                     integral    1     'h1                                            
#   READ_WRITE                   integral    1     'h0                                            
#   apb_read_data_out            integral    8     'h0                                            
#   begin_time                   time        64    415                                            
#   depth                        int         32    'd2                                            
#   parent sequence (name)       string      15    writereadseq2_h                                
#   parent sequence (full name)  string      47    uvm_test_top.env_h.act_h.seqr_h.writereadseq2_h
#   sequencer                    string      31    uvm_test_top.env_h.act_h.seqr_h                
# ------------------------------------------------------------------------------------------------
# --------------------------------------DRIVER----------------------------------
# UVM_INFO ApbScoreboard.sv(39) @ 425: uvm_test_top.env_h.scb_h [SB] EXPECTED TRANSACTION: size = 22 | TRANSFER = 1 | RW = 1 | WDATA = 45 | WPADDR = 9 | RPADDR = 9
# ----------------------------------------------INPUT MONITOR-------------------------------------------------------
# --------------------------------------------
# Name                 Type        Size  Value
# --------------------------------------------
# ip_mon_h             ApbSeqItem  -     @709 
#   apb_write_paddr    integral    9     'h9  
#   apb_read_paddr     integral    9     'h9  
#   apb_write_data     integral    8     'h45 
#   transfer           integral    1     'h1  
#   READ_WRITE         integral    1     'h1  
#   apb_read_data_out  integral    8     'hff 
# --------------------------------------------
# WRITE ADDRESS = 000001001  READ ADDRESS =000001001 || WRITE DATA =45
# THE RESET IS 1
# ----------------------------------------------INPUT MONITOR-------------------------------------------------------
# UVM_INFO ApbScoreboard.sv(46) @ 425: uvm_test_top.env_h.scb_h [SB] ACTUAL TRANSACTION: size = 1 | TRANSFER = 1 | RW = 1 | WPADDR = 9 | WDATA = 45 | RDATA = 45 | RPADDR = 9
# ----------------------------------------------OUTPUT MONITOR-------------------------------------------------------
# --------------------------------------------
# Name                 Type        Size  Value
# --------------------------------------------
# op_mon_h             ApbSeqItem  -     @734 
#   apb_write_paddr    integral    9     'h9  
#   apb_read_paddr     integral    9     'h9  
#   apb_write_data     integral    8     'h45 
#   transfer           integral    1     'h1  
#   READ_WRITE         integral    1     'h1  
#   apb_read_data_out  integral    8     'h45 
# --------------------------------------------
# ----------------------------------------------OUTPUT MONITOR-------------------------------------------------------
# FOR COMPARING : WRITE DATA =45 READ DATA OUT =45
# -------------------------------------------------------------------------READ PASS---------------------------------------------------------------------
# UVM_INFO ApbScoreboard.sv(103) @ 425: uvm_test_top.env_h.scb_h [COMPARE] READ PASS | EXPECTED RDATA = 45  ACTUAL RDATA =45 |EXPECTED  READ ADDR = 9 ACTUAL READ ADDR =9
# READ_ADDRESS_VALIDITY: ASSERTION PASS
# TRANSFER_VALIDITY: ASSERTION PASS
# ---------------------------------DRIVER-------------------
# ------------------------------------------------------------------------------------------------
# Name                           Type        Size  Value                                          
# ------------------------------------------------------------------------------------------------
# txn                            ApbSeqItem  -     @864                                           
#   apb_write_paddr              integral    9     'h176                                          
#   apb_read_paddr               integral    9     'h1f2                                          
#   apb_write_data               integral    8     'h99                                           
#   transfer                     integral    1     'h1                                            
#   READ_WRITE                   integral    1     'h0                                            
#   apb_read_data_out            integral    8     'h0                                            
#   begin_time                   time        64    425                                            
#   end_time                     time        64    425                                            
#   depth                        int         32    'd2                                            
#   parent sequence (name)       string      15    writereadseq2_h                                
#   parent sequence (full name)  string      47    uvm_test_top.env_h.act_h.seqr_h.writereadseq2_h
#   sequencer                    string      31    uvm_test_top.env_h.act_h.seqr_h                
# ------------------------------------------------------------------------------------------------
# --------------------------------------DRIVER----------------------------------
# UVM_INFO ApbScoreboard.sv(39) @ 435: uvm_test_top.env_h.scb_h [SB] EXPECTED TRANSACTION: size = 22 | TRANSFER = 1 | RW = 0 | WDATA = 99 | WPADDR = 176 | RPADDR = 9
# ----------------------------------------------INPUT MONITOR-------------------------------------------------------
# --------------------------------------------
# Name                 Type        Size  Value
# --------------------------------------------
# ip_mon_h             ApbSeqItem  -     @709 
#   apb_write_paddr    integral    9     'h176
#   apb_read_paddr     integral    9     'h9  
#   apb_write_data     integral    8     'h99 
#   transfer           integral    1     'h1  
#   READ_WRITE         integral    1     'h0  
#   apb_read_data_out  integral    8     'h45 
# --------------------------------------------
# WRITE ADDRESS = 101110110  READ ADDRESS =000001001 || WRITE DATA =99
# THE RESET IS 1
# ----------------------------------------------INPUT MONITOR-------------------------------------------------------
# WRITE_ADDRESS_VALIDITY: ASSERTION PASS
# TRANSFER_VALIDITY: ASSERTION PASS
# ---------------------------------DRIVER-------------------
# ------------------------------------------------------------------------------------------------
# Name                           Type        Size  Value                                          
# ------------------------------------------------------------------------------------------------
# txn                            ApbSeqItem  -     @868                                           
#   apb_write_paddr              integral    9     'h71                                           
#   apb_read_paddr               integral    9     'h176                                          
#   apb_write_data               integral    8     'h74                                           
#   transfer                     integral    1     'h1                                            
#   READ_WRITE                   integral    1     'h1                                            
#   apb_read_data_out            integral    8     'h0                                            
#   begin_time                   time        64    435                                            
#   depth                        int         32    'd2                                            
#   parent sequence (name)       string      15    writereadseq2_h                                
#   parent sequence (full name)  string      47    uvm_test_top.env_h.act_h.seqr_h.writereadseq2_h
#   sequencer                    string      31    uvm_test_top.env_h.act_h.seqr_h                
# ------------------------------------------------------------------------------------------------
# --------------------------------------DRIVER----------------------------------
# UVM_INFO ApbScoreboard.sv(39) @ 445: uvm_test_top.env_h.scb_h [SB] EXPECTED TRANSACTION: size = 23 | TRANSFER = 1 | RW = 0 | WDATA = 99 | WPADDR = 176 | RPADDR = 9
# ----------------------------------------------INPUT MONITOR-------------------------------------------------------
# --------------------------------------------
# Name                 Type        Size  Value
# --------------------------------------------
# ip_mon_h             ApbSeqItem  -     @709 
#   apb_write_paddr    integral    9     'h176
#   apb_read_paddr     integral    9     'h9  
#   apb_write_data     integral    8     'h99 
#   transfer           integral    1     'h1  
#   READ_WRITE         integral    1     'h0  
#   apb_read_data_out  integral    8     'h45 
# --------------------------------------------
# WRITE ADDRESS = 101110110  READ ADDRESS =000001001 || WRITE DATA =99
# THE RESET IS 1
# ----------------------------------------------INPUT MONITOR-------------------------------------------------------
# UVM_INFO ApbScoreboard.sv(46) @ 445: uvm_test_top.env_h.scb_h [SB] ACTUAL TRANSACTION: size = 1 | TRANSFER = 1 | RW = 0 | WPADDR = 176 | WDATA = 99 | RDATA = 45 | RPADDR = 9
# ----------------------------------------------OUTPUT MONITOR-------------------------------------------------------
# --------------------------------------------
# Name                 Type        Size  Value
# --------------------------------------------
# op_mon_h             ApbSeqItem  -     @734 
#   apb_write_paddr    integral    9     'h176
#   apb_read_paddr     integral    9     'h9  
#   apb_write_data     integral    8     'h99 
#   transfer           integral    1     'h1  
#   READ_WRITE         integral    1     'h0  
#   apb_read_data_out  integral    8     'h45 
# --------------------------------------------
# ----------------------------------------------OUTPUT MONITOR-------------------------------------------------------
# FOR COMPARING : WRITE DATA =99 READ DATA OUT =45
# -------------------------------------------------------------------WRITE--PASS---------------------------------------------------------------------
# UVM_INFO ApbScoreboard.sv(84) @ 445: uvm_test_top.env_h.scb_h [COMPARE] WRITE PASS | EXPECTED WDATA = 99  ACTUAL WDATA =99 |EXPECTED  WRITE ADDR = 176 ACTUAL WRITE ADDR =176
# WRITE_ADDRESS_VALIDITY: ASSERTION PASS
# TRANSFER_VALIDITY: ASSERTION PASS
# ---------------------------------DRIVER-------------------
# ------------------------------------------------------------------------------------------------
# Name                           Type        Size  Value                                          
# ------------------------------------------------------------------------------------------------
# txn                            ApbSeqItem  -     @868                                           
#   apb_write_paddr              integral    9     'h71                                           
#   apb_read_paddr               integral    9     'h176                                          
#   apb_write_data               integral    8     'h74                                           
#   transfer                     integral    1     'h1                                            
#   READ_WRITE                   integral    1     'h1                                            
#   apb_read_data_out            integral    8     'h0                                            
#   begin_time                   time        64    445                                            
#   end_time                     time        64    445                                            
#   depth                        int         32    'd2                                            
#   parent sequence (name)       string      15    writereadseq2_h                                
#   parent sequence (full name)  string      47    uvm_test_top.env_h.act_h.seqr_h.writereadseq2_h
#   sequencer                    string      31    uvm_test_top.env_h.act_h.seqr_h                
# ------------------------------------------------------------------------------------------------
# --------------------------------------DRIVER----------------------------------
# UVM_INFO ApbScoreboard.sv(39) @ 455: uvm_test_top.env_h.scb_h [SB] EXPECTED TRANSACTION: size = 23 | TRANSFER = 1 | RW = 1 | WDATA = 99 | WPADDR = 176 | RPADDR = 176
# ----------------------------------------------INPUT MONITOR-------------------------------------------------------
# --------------------------------------------
# Name                 Type        Size  Value
# --------------------------------------------
# ip_mon_h             ApbSeqItem  -     @709 
#   apb_write_paddr    integral    9     'h176
#   apb_read_paddr     integral    9     'h176
#   apb_write_data     integral    8     'h99 
#   transfer           integral    1     'h1  
#   READ_WRITE         integral    1     'h1  
#   apb_read_data_out  integral    8     'h45 
# --------------------------------------------
# WRITE ADDRESS = 101110110  READ ADDRESS =101110110 || WRITE DATA =99
# THE RESET IS 1
# ----------------------------------------------INPUT MONITOR-------------------------------------------------------
# READ_ADDRESS_VALIDITY: ASSERTION PASS
# TRANSFER_VALIDITY: ASSERTION PASS
# ---------------------------------DRIVER-------------------
# ------------------------------------------------------------------------------------------------
# Name                           Type        Size  Value                                          
# ------------------------------------------------------------------------------------------------
# txn                            ApbSeqItem  -     @872                                           
#   apb_write_paddr              integral    9     'h1e4                                          
#   apb_read_paddr               integral    9     'h116                                          
#   apb_write_data               integral    8     'hb                                            
#   transfer                     integral    1     'h1                                            
#   READ_WRITE                   integral    1     'h0                                            
#   apb_read_data_out            integral    8     'h0                                            
#   begin_time                   time        64    455                                            
#   depth                        int         32    'd2                                            
#   parent sequence (name)       string      15    writereadseq2_h                                
#   parent sequence (full name)  string      47    uvm_test_top.env_h.act_h.seqr_h.writereadseq2_h
#   sequencer                    string      31    uvm_test_top.env_h.act_h.seqr_h                
# ------------------------------------------------------------------------------------------------
# --------------------------------------DRIVER----------------------------------
# UVM_INFO ApbScoreboard.sv(39) @ 465: uvm_test_top.env_h.scb_h [SB] EXPECTED TRANSACTION: size = 24 | TRANSFER = 1 | RW = 1 | WDATA = 99 | WPADDR = 176 | RPADDR = 176
# ----------------------------------------------INPUT MONITOR-------------------------------------------------------
# --------------------------------------------
# Name                 Type        Size  Value
# --------------------------------------------
# ip_mon_h             ApbSeqItem  -     @709 
#   apb_write_paddr    integral    9     'h176
#   apb_read_paddr     integral    9     'h176
#   apb_write_data     integral    8     'h99 
#   transfer           integral    1     'h1  
#   READ_WRITE         integral    1     'h1  
#   apb_read_data_out  integral    8     'h45 
# --------------------------------------------
# WRITE ADDRESS = 101110110  READ ADDRESS =101110110 || WRITE DATA =99
# THE RESET IS 1
# ----------------------------------------------INPUT MONITOR-------------------------------------------------------
# UVM_INFO ApbScoreboard.sv(46) @ 465: uvm_test_top.env_h.scb_h [SB] ACTUAL TRANSACTION: size = 1 | TRANSFER = 1 | RW = 1 | WPADDR = 176 | WDATA = 99 | RDATA = 0 | RPADDR = 176
# ----------------------------------------------OUTPUT MONITOR-------------------------------------------------------
# --------------------------------------------
# Name                 Type        Size  Value
# --------------------------------------------
# op_mon_h             ApbSeqItem  -     @734 
#   apb_write_paddr    integral    9     'h176
#   apb_read_paddr     integral    9     'h176
#   apb_write_data     integral    8     'h99 
#   transfer           integral    1     'h1  
#   READ_WRITE         integral    1     'h1  
#   apb_read_data_out  integral    8     'h0  
# --------------------------------------------
# ----------------------------------------------OUTPUT MONITOR-------------------------------------------------------
# FOR COMPARING : WRITE DATA =99 READ DATA OUT =xx
# -------------------------------------------------------------------------READ PASS---------------------------------------------------------------------
# UVM_INFO ApbScoreboard.sv(103) @ 465: uvm_test_top.env_h.scb_h [COMPARE] READ PASS | EXPECTED RDATA = 0  ACTUAL RDATA =0 |EXPECTED  READ ADDR = 176 ACTUAL READ ADDR =176
# READ_ADDRESS_VALIDITY: ASSERTION PASS
# TRANSFER_VALIDITY: ASSERTION PASS
# ---------------------------------DRIVER-------------------
# ------------------------------------------------------------------------------------------------
# Name                           Type        Size  Value                                          
# ------------------------------------------------------------------------------------------------
# txn                            ApbSeqItem  -     @872                                           
#   apb_write_paddr              integral    9     'h1e4                                          
#   apb_read_paddr               integral    9     'h116                                          
#   apb_write_data               integral    8     'hb                                            
#   transfer                     integral    1     'h1                                            
#   READ_WRITE                   integral    1     'h0                                            
#   apb_read_data_out            integral    8     'h0                                            
#   begin_time                   time        64    465                                            
#   end_time                     time        64    465                                            
#   depth                        int         32    'd2                                            
#   parent sequence (name)       string      15    writereadseq2_h                                
#   parent sequence (full name)  string      47    uvm_test_top.env_h.act_h.seqr_h.writereadseq2_h
#   sequencer                    string      31    uvm_test_top.env_h.act_h.seqr_h                
# ------------------------------------------------------------------------------------------------
# --------------------------------------DRIVER----------------------------------
# UVM_INFO ApbScoreboard.sv(39) @ 475: uvm_test_top.env_h.scb_h [SB] EXPECTED TRANSACTION: size = 24 | TRANSFER = 1 | RW = 0 | WDATA = b | WPADDR = 1e4 | RPADDR = 176
# ----------------------------------------------INPUT MONITOR-------------------------------------------------------
# --------------------------------------------
# Name                 Type        Size  Value
# --------------------------------------------
# ip_mon_h             ApbSeqItem  -     @709 
#   apb_write_paddr    integral    9     'h1e4
#   apb_read_paddr     integral    9     'h176
#   apb_write_data     integral    8     'hb  
#   transfer           integral    1     'h1  
#   READ_WRITE         integral    1     'h0  
#   apb_read_data_out  integral    8     'h0  
# --------------------------------------------
# WRITE ADDRESS = 111100100  READ ADDRESS =101110110 || WRITE DATA =b
# THE RESET IS 1
# ----------------------------------------------INPUT MONITOR-------------------------------------------------------
# WRITE_ADDRESS_VALIDITY: ASSERTION PASS
# TRANSFER_VALIDITY: ASSERTION PASS
# ---------------------------------DRIVER-------------------
# ------------------------------------------------------------------------------------------------
# Name                           Type        Size  Value                                          
# ------------------------------------------------------------------------------------------------
# txn                            ApbSeqItem  -     @876                                           
#   apb_write_paddr              integral    9     'h11c                                          
#   apb_read_paddr               integral    9     'h1e4                                          
#   apb_write_data               integral    8     'h23                                           
#   transfer                     integral    1     'h1                                            
#   READ_WRITE                   integral    1     'h1                                            
#   apb_read_data_out            integral    8     'h0                                            
#   begin_time                   time        64    475                                            
#   depth                        int         32    'd2                                            
#   parent sequence (name)       string      15    writereadseq2_h                                
#   parent sequence (full name)  string      47    uvm_test_top.env_h.act_h.seqr_h.writereadseq2_h
#   sequencer                    string      31    uvm_test_top.env_h.act_h.seqr_h                
# ------------------------------------------------------------------------------------------------
# --------------------------------------DRIVER----------------------------------
# UVM_INFO ApbScoreboard.sv(39) @ 485: uvm_test_top.env_h.scb_h [SB] EXPECTED TRANSACTION: size = 25 | TRANSFER = 1 | RW = 0 | WDATA = b | WPADDR = 1e4 | RPADDR = 176
# ----------------------------------------------INPUT MONITOR-------------------------------------------------------
# --------------------------------------------
# Name                 Type        Size  Value
# --------------------------------------------
# ip_mon_h             ApbSeqItem  -     @709 
#   apb_write_paddr    integral    9     'h1e4
#   apb_read_paddr     integral    9     'h176
#   apb_write_data     integral    8     'hb  
#   transfer           integral    1     'h1  
#   READ_WRITE         integral    1     'h0  
#   apb_read_data_out  integral    8     'h0  
# --------------------------------------------
# WRITE ADDRESS = 111100100  READ ADDRESS =101110110 || WRITE DATA =b
# THE RESET IS 1
# ----------------------------------------------INPUT MONITOR-------------------------------------------------------
# UVM_INFO ApbScoreboard.sv(46) @ 485: uvm_test_top.env_h.scb_h [SB] ACTUAL TRANSACTION: size = 1 | TRANSFER = 1 | RW = 0 | WPADDR = 1e4 | WDATA = b | RDATA = 0 | RPADDR = 176
# ----------------------------------------------OUTPUT MONITOR-------------------------------------------------------
# --------------------------------------------
# Name                 Type        Size  Value
# --------------------------------------------
# op_mon_h             ApbSeqItem  -     @734 
#   apb_write_paddr    integral    9     'h1e4
#   apb_read_paddr     integral    9     'h176
#   apb_write_data     integral    8     'hb  
#   transfer           integral    1     'h1  
#   READ_WRITE         integral    1     'h0  
#   apb_read_data_out  integral    8     'h0  
# --------------------------------------------
# ----------------------------------------------OUTPUT MONITOR-------------------------------------------------------
# FOR COMPARING : WRITE DATA =0b READ DATA OUT =xx
# -------------------------------------------------------------------WRITE--PASS---------------------------------------------------------------------
# UVM_INFO ApbScoreboard.sv(84) @ 485: uvm_test_top.env_h.scb_h [COMPARE] WRITE PASS | EXPECTED WDATA = b  ACTUAL WDATA =b |EXPECTED  WRITE ADDR = 1e4 ACTUAL WRITE ADDR =1e4
# WRITE_ADDRESS_VALIDITY: ASSERTION PASS
# TRANSFER_VALIDITY: ASSERTION PASS
# ---------------------------------DRIVER-------------------
# ------------------------------------------------------------------------------------------------
# Name                           Type        Size  Value                                          
# ------------------------------------------------------------------------------------------------
# txn                            ApbSeqItem  -     @876                                           
#   apb_write_paddr              integral    9     'h11c                                          
#   apb_read_paddr               integral    9     'h1e4                                          
#   apb_write_data               integral    8     'h23                                           
#   transfer                     integral    1     'h1                                            
#   READ_WRITE                   integral    1     'h1                                            
#   apb_read_data_out            integral    8     'h0                                            
#   begin_time                   time        64    485                                            
#   end_time                     time        64    485                                            
#   depth                        int         32    'd2                                            
#   parent sequence (name)       string      15    writereadseq2_h                                
#   parent sequence (full name)  string      47    uvm_test_top.env_h.act_h.seqr_h.writereadseq2_h
#   sequencer                    string      31    uvm_test_top.env_h.act_h.seqr_h                
# ------------------------------------------------------------------------------------------------
# --------------------------------------DRIVER----------------------------------
# UVM_INFO ApbScoreboard.sv(39) @ 495: uvm_test_top.env_h.scb_h [SB] EXPECTED TRANSACTION: size = 25 | TRANSFER = 1 | RW = 1 | WDATA = b | WPADDR = 1e4 | RPADDR = 1e4
# ----------------------------------------------INPUT MONITOR-------------------------------------------------------
# --------------------------------------------
# Name                 Type        Size  Value
# --------------------------------------------
# ip_mon_h             ApbSeqItem  -     @709 
#   apb_write_paddr    integral    9     'h1e4
#   apb_read_paddr     integral    9     'h1e4
#   apb_write_data     integral    8     'hb  
#   transfer           integral    1     'h1  
#   READ_WRITE         integral    1     'h1  
#   apb_read_data_out  integral    8     'h0  
# --------------------------------------------
# WRITE ADDRESS = 111100100  READ ADDRESS =111100100 || WRITE DATA =b
# THE RESET IS 1
# ----------------------------------------------INPUT MONITOR-------------------------------------------------------
# READ_ADDRESS_VALIDITY: ASSERTION PASS
# TRANSFER_VALIDITY: ASSERTION PASS
# ---------------------------------DRIVER-------------------
# ------------------------------------------------------------------------------------------------
# Name                           Type        Size  Value                                          
# ------------------------------------------------------------------------------------------------
# txn                            ApbSeqItem  -     @880                                           
#   apb_write_paddr              integral    9     'h153                                          
#   apb_read_paddr               integral    9     'hb                                            
#   apb_write_data               integral    8     'hd0                                           
#   transfer                     integral    1     'h1                                            
#   READ_WRITE                   integral    1     'h0                                            
#   apb_read_data_out            integral    8     'h0                                            
#   begin_time                   time        64    495                                            
#   depth                        int         32    'd2                                            
#   parent sequence (name)       string      15    writereadseq2_h                                
#   parent sequence (full name)  string      47    uvm_test_top.env_h.act_h.seqr_h.writereadseq2_h
#   sequencer                    string      31    uvm_test_top.env_h.act_h.seqr_h                
# ------------------------------------------------------------------------------------------------
# --------------------------------------DRIVER----------------------------------
# UVM_INFO ApbScoreboard.sv(39) @ 505: uvm_test_top.env_h.scb_h [SB] EXPECTED TRANSACTION: size = 26 | TRANSFER = 1 | RW = 1 | WDATA = b | WPADDR = 1e4 | RPADDR = 1e4
# ----------------------------------------------INPUT MONITOR-------------------------------------------------------
# --------------------------------------------
# Name                 Type        Size  Value
# --------------------------------------------
# ip_mon_h             ApbSeqItem  -     @709 
#   apb_write_paddr    integral    9     'h1e4
#   apb_read_paddr     integral    9     'h1e4
#   apb_write_data     integral    8     'hb  
#   transfer           integral    1     'h1  
#   READ_WRITE         integral    1     'h1  
#   apb_read_data_out  integral    8     'h0  
# --------------------------------------------
# WRITE ADDRESS = 111100100  READ ADDRESS =111100100 || WRITE DATA =b
# THE RESET IS 1
# ----------------------------------------------INPUT MONITOR-------------------------------------------------------
# UVM_INFO ApbScoreboard.sv(46) @ 505: uvm_test_top.env_h.scb_h [SB] ACTUAL TRANSACTION: size = 1 | TRANSFER = 1 | RW = 1 | WPADDR = 1e4 | WDATA = b | RDATA = 0 | RPADDR = 1e4
# ----------------------------------------------OUTPUT MONITOR-------------------------------------------------------
# --------------------------------------------
# Name                 Type        Size  Value
# --------------------------------------------
# op_mon_h             ApbSeqItem  -     @734 
#   apb_write_paddr    integral    9     'h1e4
#   apb_read_paddr     integral    9     'h1e4
#   apb_write_data     integral    8     'hb  
#   transfer           integral    1     'h1  
#   READ_WRITE         integral    1     'h1  
#   apb_read_data_out  integral    8     'h0  
# --------------------------------------------
# ----------------------------------------------OUTPUT MONITOR-------------------------------------------------------
# FOR COMPARING : WRITE DATA =0b READ DATA OUT =xx
# -------------------------------------------------------------------------READ PASS---------------------------------------------------------------------
# UVM_INFO ApbScoreboard.sv(103) @ 505: uvm_test_top.env_h.scb_h [COMPARE] READ PASS | EXPECTED RDATA = 0  ACTUAL RDATA =0 |EXPECTED  READ ADDR = 1e4 ACTUAL READ ADDR =1e4
# READ_ADDRESS_VALIDITY: ASSERTION PASS
# TRANSFER_VALIDITY: ASSERTION PASS
# ---------------------------------DRIVER-------------------
# ------------------------------------------------------------------------------------------------
# Name                           Type        Size  Value                                          
# ------------------------------------------------------------------------------------------------
# txn                            ApbSeqItem  -     @880                                           
#   apb_write_paddr              integral    9     'h153                                          
#   apb_read_paddr               integral    9     'hb                                            
#   apb_write_data               integral    8     'hd0                                           
#   transfer                     integral    1     'h1                                            
#   READ_WRITE                   integral    1     'h0                                            
#   apb_read_data_out            integral    8     'h0                                            
#   begin_time                   time        64    505                                            
#   end_time                     time        64    505                                            
#   depth                        int         32    'd2                                            
#   parent sequence (name)       string      15    writereadseq2_h                                
#   parent sequence (full name)  string      47    uvm_test_top.env_h.act_h.seqr_h.writereadseq2_h
#   sequencer                    string      31    uvm_test_top.env_h.act_h.seqr_h                
# ------------------------------------------------------------------------------------------------
# --------------------------------------DRIVER----------------------------------
# UVM_INFO ApbScoreboard.sv(39) @ 515: uvm_test_top.env_h.scb_h [SB] EXPECTED TRANSACTION: size = 26 | TRANSFER = 1 | RW = 0 | WDATA = d0 | WPADDR = 153 | RPADDR = 1e4
# ----------------------------------------------INPUT MONITOR-------------------------------------------------------
# --------------------------------------------
# Name                 Type        Size  Value
# --------------------------------------------
# ip_mon_h             ApbSeqItem  -     @709 
#   apb_write_paddr    integral    9     'h153
#   apb_read_paddr     integral    9     'h1e4
#   apb_write_data     integral    8     'hd0 
#   transfer           integral    1     'h1  
#   READ_WRITE         integral    1     'h0  
#   apb_read_data_out  integral    8     'h0  
# --------------------------------------------
# WRITE ADDRESS = 101010011  READ ADDRESS =111100100 || WRITE DATA =d0
# THE RESET IS 1
# ----------------------------------------------INPUT MONITOR-------------------------------------------------------
# WRITE_ADDRESS_VALIDITY: ASSERTION PASS
# TRANSFER_VALIDITY: ASSERTION PASS
# ---------------------------------DRIVER-------------------
# ------------------------------------------------------------------------------------------------
# Name                           Type        Size  Value                                          
# ------------------------------------------------------------------------------------------------
# txn                            ApbSeqItem  -     @884                                           
#   apb_write_paddr              integral    9     'h1c8                                          
#   apb_read_paddr               integral    9     'h153                                          
#   apb_write_data               integral    8     'hb8                                           
#   transfer                     integral    1     'h1                                            
#   READ_WRITE                   integral    1     'h1                                            
#   apb_read_data_out            integral    8     'h0                                            
#   begin_time                   time        64    515                                            
#   depth                        int         32    'd2                                            
#   parent sequence (name)       string      15    writereadseq2_h                                
#   parent sequence (full name)  string      47    uvm_test_top.env_h.act_h.seqr_h.writereadseq2_h
#   sequencer                    string      31    uvm_test_top.env_h.act_h.seqr_h                
# ------------------------------------------------------------------------------------------------
# --------------------------------------DRIVER----------------------------------
# UVM_INFO ApbScoreboard.sv(39) @ 525: uvm_test_top.env_h.scb_h [SB] EXPECTED TRANSACTION: size = 27 | TRANSFER = 1 | RW = 0 | WDATA = d0 | WPADDR = 153 | RPADDR = 1e4
# ----------------------------------------------INPUT MONITOR-------------------------------------------------------
# --------------------------------------------
# Name                 Type        Size  Value
# --------------------------------------------
# ip_mon_h             ApbSeqItem  -     @709 
#   apb_write_paddr    integral    9     'h153
#   apb_read_paddr     integral    9     'h1e4
#   apb_write_data     integral    8     'hd0 
#   transfer           integral    1     'h1  
#   READ_WRITE         integral    1     'h0  
#   apb_read_data_out  integral    8     'h0  
# --------------------------------------------
# WRITE ADDRESS = 101010011  READ ADDRESS =111100100 || WRITE DATA =d0
# THE RESET IS 1
# ----------------------------------------------INPUT MONITOR-------------------------------------------------------
# UVM_INFO ApbScoreboard.sv(46) @ 525: uvm_test_top.env_h.scb_h [SB] ACTUAL TRANSACTION: size = 1 | TRANSFER = 1 | RW = 0 | WPADDR = 153 | WDATA = d0 | RDATA = 0 | RPADDR = 1e4
# ----------------------------------------------OUTPUT MONITOR-------------------------------------------------------
# --------------------------------------------
# Name                 Type        Size  Value
# --------------------------------------------
# op_mon_h             ApbSeqItem  -     @734 
#   apb_write_paddr    integral    9     'h153
#   apb_read_paddr     integral    9     'h1e4
#   apb_write_data     integral    8     'hd0 
#   transfer           integral    1     'h1  
#   READ_WRITE         integral    1     'h0  
#   apb_read_data_out  integral    8     'h0  
# --------------------------------------------
# ----------------------------------------------OUTPUT MONITOR-------------------------------------------------------
# FOR COMPARING : WRITE DATA =d0 READ DATA OUT =xx
# -------------------------------------------------------------------WRITE--PASS---------------------------------------------------------------------
# UVM_INFO ApbScoreboard.sv(84) @ 525: uvm_test_top.env_h.scb_h [COMPARE] WRITE PASS | EXPECTED WDATA = d0  ACTUAL WDATA =d0 |EXPECTED  WRITE ADDR = 153 ACTUAL WRITE ADDR =153
# WRITE_ADDRESS_VALIDITY: ASSERTION PASS
# TRANSFER_VALIDITY: ASSERTION PASS
# ---------------------------------DRIVER-------------------
# ------------------------------------------------------------------------------------------------
# Name                           Type        Size  Value                                          
# ------------------------------------------------------------------------------------------------
# txn                            ApbSeqItem  -     @884                                           
#   apb_write_paddr              integral    9     'h1c8                                          
#   apb_read_paddr               integral    9     'h153                                          
#   apb_write_data               integral    8     'hb8                                           
#   transfer                     integral    1     'h1                                            
#   READ_WRITE                   integral    1     'h1                                            
#   apb_read_data_out            integral    8     'h0                                            
#   begin_time                   time        64    525                                            
#   end_time                     time        64    525                                            
#   depth                        int         32    'd2                                            
#   parent sequence (name)       string      15    writereadseq2_h                                
#   parent sequence (full name)  string      47    uvm_test_top.env_h.act_h.seqr_h.writereadseq2_h
#   sequencer                    string      31    uvm_test_top.env_h.act_h.seqr_h                
# ------------------------------------------------------------------------------------------------
# --------------------------------------DRIVER----------------------------------
# UVM_INFO ApbScoreboard.sv(39) @ 535: uvm_test_top.env_h.scb_h [SB] EXPECTED TRANSACTION: size = 27 | TRANSFER = 1 | RW = 1 | WDATA = d0 | WPADDR = 153 | RPADDR = 153
# ----------------------------------------------INPUT MONITOR-------------------------------------------------------
# --------------------------------------------
# Name                 Type        Size  Value
# --------------------------------------------
# ip_mon_h             ApbSeqItem  -     @709 
#   apb_write_paddr    integral    9     'h153
#   apb_read_paddr     integral    9     'h153
#   apb_write_data     integral    8     'hd0 
#   transfer           integral    1     'h1  
#   READ_WRITE         integral    1     'h1  
#   apb_read_data_out  integral    8     'h0  
# --------------------------------------------
# WRITE ADDRESS = 101010011  READ ADDRESS =101010011 || WRITE DATA =d0
# THE RESET IS 1
# ----------------------------------------------INPUT MONITOR-------------------------------------------------------
# READ_ADDRESS_VALIDITY: ASSERTION PASS
# TRANSFER_VALIDITY: ASSERTION PASS
# ---------------------------------DRIVER-------------------
# ------------------------------------------------------------------------------------------------
# Name                           Type        Size  Value                                          
# ------------------------------------------------------------------------------------------------
# txn                            ApbSeqItem  -     @888                                           
#   apb_write_paddr              integral    9     'h1d9                                          
#   apb_read_paddr               integral    9     'h78                                           
#   apb_write_data               integral    8     'h95                                           
#   transfer                     integral    1     'h1                                            
#   READ_WRITE                   integral    1     'h0                                            
#   apb_read_data_out            integral    8     'h0                                            
#   begin_time                   time        64    535                                            
#   depth                        int         32    'd2                                            
#   parent sequence (name)       string      15    writereadseq2_h                                
#   parent sequence (full name)  string      47    uvm_test_top.env_h.act_h.seqr_h.writereadseq2_h
#   sequencer                    string      31    uvm_test_top.env_h.act_h.seqr_h                
# ------------------------------------------------------------------------------------------------
# --------------------------------------DRIVER----------------------------------
# UVM_INFO ApbScoreboard.sv(39) @ 545: uvm_test_top.env_h.scb_h [SB] EXPECTED TRANSACTION: size = 28 | TRANSFER = 1 | RW = 1 | WDATA = d0 | WPADDR = 153 | RPADDR = 153
# ----------------------------------------------INPUT MONITOR-------------------------------------------------------
# --------------------------------------------
# Name                 Type        Size  Value
# --------------------------------------------
# ip_mon_h             ApbSeqItem  -     @709 
#   apb_write_paddr    integral    9     'h153
#   apb_read_paddr     integral    9     'h153
#   apb_write_data     integral    8     'hd0 
#   transfer           integral    1     'h1  
#   READ_WRITE         integral    1     'h1  
#   apb_read_data_out  integral    8     'h0  
# --------------------------------------------
# WRITE ADDRESS = 101010011  READ ADDRESS =101010011 || WRITE DATA =d0
# THE RESET IS 1
# ----------------------------------------------INPUT MONITOR-------------------------------------------------------
# UVM_INFO ApbScoreboard.sv(46) @ 545: uvm_test_top.env_h.scb_h [SB] ACTUAL TRANSACTION: size = 1 | TRANSFER = 1 | RW = 1 | WPADDR = 153 | WDATA = d0 | RDATA = 0 | RPADDR = 153
# ----------------------------------------------OUTPUT MONITOR-------------------------------------------------------
# --------------------------------------------
# Name                 Type        Size  Value
# --------------------------------------------
# op_mon_h             ApbSeqItem  -     @734 
#   apb_write_paddr    integral    9     'h153
#   apb_read_paddr     integral    9     'h153
#   apb_write_data     integral    8     'hd0 
#   transfer           integral    1     'h1  
#   READ_WRITE         integral    1     'h1  
#   apb_read_data_out  integral    8     'h0  
# --------------------------------------------
# ----------------------------------------------OUTPUT MONITOR-------------------------------------------------------
# FOR COMPARING : WRITE DATA =d0 READ DATA OUT =xx
# -------------------------------------------------------------------------READ PASS---------------------------------------------------------------------
# UVM_INFO ApbScoreboard.sv(103) @ 545: uvm_test_top.env_h.scb_h [COMPARE] READ PASS | EXPECTED RDATA = 0  ACTUAL RDATA =0 |EXPECTED  READ ADDR = 153 ACTUAL READ ADDR =153
# READ_ADDRESS_VALIDITY: ASSERTION PASS
# TRANSFER_VALIDITY: ASSERTION PASS
# ---------------------------------DRIVER-------------------
# ------------------------------------------------------------------------------------------------
# Name                           Type        Size  Value                                          
# ------------------------------------------------------------------------------------------------
# txn                            ApbSeqItem  -     @888                                           
#   apb_write_paddr              integral    9     'h1d9                                          
#   apb_read_paddr               integral    9     'h78                                           
#   apb_write_data               integral    8     'h95                                           
#   transfer                     integral    1     'h1                                            
#   READ_WRITE                   integral    1     'h0                                            
#   apb_read_data_out            integral    8     'h0                                            
#   begin_time                   time        64    545                                            
#   end_time                     time        64    545                                            
#   depth                        int         32    'd2                                            
#   parent sequence (name)       string      15    writereadseq2_h                                
#   parent sequence (full name)  string      47    uvm_test_top.env_h.act_h.seqr_h.writereadseq2_h
#   sequencer                    string      31    uvm_test_top.env_h.act_h.seqr_h                
# ------------------------------------------------------------------------------------------------
# --------------------------------------DRIVER----------------------------------
# UVM_INFO ApbScoreboard.sv(39) @ 555: uvm_test_top.env_h.scb_h [SB] EXPECTED TRANSACTION: size = 28 | TRANSFER = 1 | RW = 0 | WDATA = 95 | WPADDR = 1d9 | RPADDR = 153
# ----------------------------------------------INPUT MONITOR-------------------------------------------------------
# --------------------------------------------
# Name                 Type        Size  Value
# --------------------------------------------
# ip_mon_h             ApbSeqItem  -     @709 
#   apb_write_paddr    integral    9     'h1d9
#   apb_read_paddr     integral    9     'h153
#   apb_write_data     integral    8     'h95 
#   transfer           integral    1     'h1  
#   READ_WRITE         integral    1     'h0  
#   apb_read_data_out  integral    8     'h0  
# --------------------------------------------
# WRITE ADDRESS = 111011001  READ ADDRESS =101010011 || WRITE DATA =95
# THE RESET IS 1
# ----------------------------------------------INPUT MONITOR-------------------------------------------------------
# WRITE_ADDRESS_VALIDITY: ASSERTION PASS
# TRANSFER_VALIDITY: ASSERTION PASS
# ---------------------------------DRIVER-------------------
# ------------------------------------------------------------------------------------------------
# Name                           Type        Size  Value                                          
# ------------------------------------------------------------------------------------------------
# txn                            ApbSeqItem  -     @892                                           
#   apb_write_paddr              integral    9     'hb5                                           
#   apb_read_paddr               integral    9     'h1d9                                          
#   apb_write_data               integral    8     'h9a                                           
#   transfer                     integral    1     'h1                                            
#   READ_WRITE                   integral    1     'h1                                            
#   apb_read_data_out            integral    8     'h0                                            
#   begin_time                   time        64    555                                            
#   depth                        int         32    'd2                                            
#   parent sequence (name)       string      15    writereadseq2_h                                
#   parent sequence (full name)  string      47    uvm_test_top.env_h.act_h.seqr_h.writereadseq2_h
#   sequencer                    string      31    uvm_test_top.env_h.act_h.seqr_h                
# ------------------------------------------------------------------------------------------------
# --------------------------------------DRIVER----------------------------------
# UVM_INFO ApbScoreboard.sv(39) @ 565: uvm_test_top.env_h.scb_h [SB] EXPECTED TRANSACTION: size = 29 | TRANSFER = 1 | RW = 0 | WDATA = 95 | WPADDR = 1d9 | RPADDR = 153
# ----------------------------------------------INPUT MONITOR-------------------------------------------------------
# --------------------------------------------
# Name                 Type        Size  Value
# --------------------------------------------
# ip_mon_h             ApbSeqItem  -     @709 
#   apb_write_paddr    integral    9     'h1d9
#   apb_read_paddr     integral    9     'h153
#   apb_write_data     integral    8     'h95 
#   transfer           integral    1     'h1  
#   READ_WRITE         integral    1     'h0  
#   apb_read_data_out  integral    8     'h0  
# --------------------------------------------
# WRITE ADDRESS = 111011001  READ ADDRESS =101010011 || WRITE DATA =95
# THE RESET IS 1
# ----------------------------------------------INPUT MONITOR-------------------------------------------------------
# UVM_INFO ApbScoreboard.sv(46) @ 565: uvm_test_top.env_h.scb_h [SB] ACTUAL TRANSACTION: size = 1 | TRANSFER = 1 | RW = 0 | WPADDR = 1d9 | WDATA = 95 | RDATA = 0 | RPADDR = 153
# ----------------------------------------------OUTPUT MONITOR-------------------------------------------------------
# --------------------------------------------
# Name                 Type        Size  Value
# --------------------------------------------
# op_mon_h             ApbSeqItem  -     @734 
#   apb_write_paddr    integral    9     'h1d9
#   apb_read_paddr     integral    9     'h153
#   apb_write_data     integral    8     'h95 
#   transfer           integral    1     'h1  
#   READ_WRITE         integral    1     'h0  
#   apb_read_data_out  integral    8     'h0  
# --------------------------------------------
# ----------------------------------------------OUTPUT MONITOR-------------------------------------------------------
# FOR COMPARING : WRITE DATA =95 READ DATA OUT =xx
# -------------------------------------------------------------------WRITE--PASS---------------------------------------------------------------------
# UVM_INFO ApbScoreboard.sv(84) @ 565: uvm_test_top.env_h.scb_h [COMPARE] WRITE PASS | EXPECTED WDATA = 95  ACTUAL WDATA =95 |EXPECTED  WRITE ADDR = 1d9 ACTUAL WRITE ADDR =1d9
# WRITE_ADDRESS_VALIDITY: ASSERTION PASS
# TRANSFER_VALIDITY: ASSERTION PASS
# ---------------------------------DRIVER-------------------
# ------------------------------------------------------------------------------------------------
# Name                           Type        Size  Value                                          
# ------------------------------------------------------------------------------------------------
# txn                            ApbSeqItem  -     @892                                           
#   apb_write_paddr              integral    9     'hb5                                           
#   apb_read_paddr               integral    9     'h1d9                                          
#   apb_write_data               integral    8     'h9a                                           
#   transfer                     integral    1     'h1                                            
#   READ_WRITE                   integral    1     'h1                                            
#   apb_read_data_out            integral    8     'h0                                            
#   begin_time                   time        64    565                                            
#   end_time                     time        64    565                                            
#   depth                        int         32    'd2                                            
#   parent sequence (name)       string      15    writereadseq2_h                                
#   parent sequence (full name)  string      47    uvm_test_top.env_h.act_h.seqr_h.writereadseq2_h
#   sequencer                    string      31    uvm_test_top.env_h.act_h.seqr_h                
# ------------------------------------------------------------------------------------------------
# --------------------------------------DRIVER----------------------------------
# UVM_INFO ApbScoreboard.sv(39) @ 575: uvm_test_top.env_h.scb_h [SB] EXPECTED TRANSACTION: size = 29 | TRANSFER = 1 | RW = 1 | WDATA = 95 | WPADDR = 1d9 | RPADDR = 1d9
# ----------------------------------------------INPUT MONITOR-------------------------------------------------------
# --------------------------------------------
# Name                 Type        Size  Value
# --------------------------------------------
# ip_mon_h             ApbSeqItem  -     @709 
#   apb_write_paddr    integral    9     'h1d9
#   apb_read_paddr     integral    9     'h1d9
#   apb_write_data     integral    8     'h95 
#   transfer           integral    1     'h1  
#   READ_WRITE         integral    1     'h1  
#   apb_read_data_out  integral    8     'h0  
# --------------------------------------------
# WRITE ADDRESS = 111011001  READ ADDRESS =111011001 || WRITE DATA =95
# THE RESET IS 1
# ----------------------------------------------INPUT MONITOR-------------------------------------------------------
# READ_ADDRESS_VALIDITY: ASSERTION PASS
# TRANSFER_VALIDITY: ASSERTION PASS
# ---------------------------------DRIVER-------------------
# ------------------------------------------------------------------------------------------------
# Name                           Type        Size  Value                                          
# ------------------------------------------------------------------------------------------------
# txn                            ApbSeqItem  -     @896                                           
#   apb_write_paddr              integral    9     'h160                                          
#   apb_read_paddr               integral    9     'h7d                                           
#   apb_write_data               integral    8     'h8c                                           
#   transfer                     integral    1     'h1                                            
#   READ_WRITE                   integral    1     'h0                                            
#   apb_read_data_out            integral    8     'h0                                            
#   begin_time                   time        64    575                                            
#   depth                        int         32    'd2                                            
#   parent sequence (name)       string      15    writereadseq2_h                                
#   parent sequence (full name)  string      47    uvm_test_top.env_h.act_h.seqr_h.writereadseq2_h
#   sequencer                    string      31    uvm_test_top.env_h.act_h.seqr_h                
# ------------------------------------------------------------------------------------------------
# --------------------------------------DRIVER----------------------------------
# UVM_INFO ApbScoreboard.sv(39) @ 585: uvm_test_top.env_h.scb_h [SB] EXPECTED TRANSACTION: size = 30 | TRANSFER = 1 | RW = 1 | WDATA = 95 | WPADDR = 1d9 | RPADDR = 1d9
# ----------------------------------------------INPUT MONITOR-------------------------------------------------------
# --------------------------------------------
# Name                 Type        Size  Value
# --------------------------------------------
# ip_mon_h             ApbSeqItem  -     @709 
#   apb_write_paddr    integral    9     'h1d9
#   apb_read_paddr     integral    9     'h1d9
#   apb_write_data     integral    8     'h95 
#   transfer           integral    1     'h1  
#   READ_WRITE         integral    1     'h1  
#   apb_read_data_out  integral    8     'h0  
# --------------------------------------------
# WRITE ADDRESS = 111011001  READ ADDRESS =111011001 || WRITE DATA =95
# THE RESET IS 1
# ----------------------------------------------INPUT MONITOR-------------------------------------------------------
# UVM_INFO ApbScoreboard.sv(46) @ 585: uvm_test_top.env_h.scb_h [SB] ACTUAL TRANSACTION: size = 1 | TRANSFER = 1 | RW = 1 | WPADDR = 1d9 | WDATA = 95 | RDATA = 0 | RPADDR = 1d9
# ----------------------------------------------OUTPUT MONITOR-------------------------------------------------------
# --------------------------------------------
# Name                 Type        Size  Value
# --------------------------------------------
# op_mon_h             ApbSeqItem  -     @734 
#   apb_write_paddr    integral    9     'h1d9
#   apb_read_paddr     integral    9     'h1d9
#   apb_write_data     integral    8     'h95 
#   transfer           integral    1     'h1  
#   READ_WRITE         integral    1     'h1  
#   apb_read_data_out  integral    8     'h0  
# --------------------------------------------
# ----------------------------------------------OUTPUT MONITOR-------------------------------------------------------
# FOR COMPARING : WRITE DATA =95 READ DATA OUT =xx
# -------------------------------------------------------------------------READ PASS---------------------------------------------------------------------
# UVM_INFO ApbScoreboard.sv(103) @ 585: uvm_test_top.env_h.scb_h [COMPARE] READ PASS | EXPECTED RDATA = 0  ACTUAL RDATA =0 |EXPECTED  READ ADDR = 1d9 ACTUAL READ ADDR =1d9
# READ_ADDRESS_VALIDITY: ASSERTION PASS
# TRANSFER_VALIDITY: ASSERTION PASS
# ---------------------------------DRIVER-------------------
# ------------------------------------------------------------------------------------------------
# Name                           Type        Size  Value                                          
# ------------------------------------------------------------------------------------------------
# txn                            ApbSeqItem  -     @896                                           
#   apb_write_paddr              integral    9     'h160                                          
#   apb_read_paddr               integral    9     'h7d                                           
#   apb_write_data               integral    8     'h8c                                           
#   transfer                     integral    1     'h1                                            
#   READ_WRITE                   integral    1     'h0                                            
#   apb_read_data_out            integral    8     'h0                                            
#   begin_time                   time        64    585                                            
#   end_time                     time        64    585                                            
#   depth                        int         32    'd2                                            
#   parent sequence (name)       string      15    writereadseq2_h                                
#   parent sequence (full name)  string      47    uvm_test_top.env_h.act_h.seqr_h.writereadseq2_h
#   sequencer                    string      31    uvm_test_top.env_h.act_h.seqr_h                
# ------------------------------------------------------------------------------------------------
# --------------------------------------DRIVER----------------------------------
# UVM_INFO ApbScoreboard.sv(39) @ 595: uvm_test_top.env_h.scb_h [SB] EXPECTED TRANSACTION: size = 30 | TRANSFER = 1 | RW = 0 | WDATA = 8c | WPADDR = 160 | RPADDR = 1d9
# ----------------------------------------------INPUT MONITOR-------------------------------------------------------
# --------------------------------------------
# Name                 Type        Size  Value
# --------------------------------------------
# ip_mon_h             ApbSeqItem  -     @709 
#   apb_write_paddr    integral    9     'h160
#   apb_read_paddr     integral    9     'h1d9
#   apb_write_data     integral    8     'h8c 
#   transfer           integral    1     'h1  
#   READ_WRITE         integral    1     'h0  
#   apb_read_data_out  integral    8     'h0  
# --------------------------------------------
# WRITE ADDRESS = 101100000  READ ADDRESS =111011001 || WRITE DATA =8c
# THE RESET IS 1
# ----------------------------------------------INPUT MONITOR-------------------------------------------------------
# WRITE_ADDRESS_VALIDITY: ASSERTION PASS
# TRANSFER_VALIDITY: ASSERTION PASS
# ---------------------------------DRIVER-------------------
# ------------------------------------------------------------------------------------------------
# Name                           Type        Size  Value                                          
# ------------------------------------------------------------------------------------------------
# txn                            ApbSeqItem  -     @900                                           
#   apb_write_paddr              integral    9     'h1ee                                          
#   apb_read_paddr               integral    9     'h160                                          
#   apb_write_data               integral    8     'hd                                            
#   transfer                     integral    1     'h1                                            
#   READ_WRITE                   integral    1     'h1                                            
#   apb_read_data_out            integral    8     'h0                                            
#   begin_time                   time        64    595                                            
#   depth                        int         32    'd2                                            
#   parent sequence (name)       string      15    writereadseq2_h                                
#   parent sequence (full name)  string      47    uvm_test_top.env_h.act_h.seqr_h.writereadseq2_h
#   sequencer                    string      31    uvm_test_top.env_h.act_h.seqr_h                
# ------------------------------------------------------------------------------------------------
# --------------------------------------DRIVER----------------------------------
# UVM_INFO ApbScoreboard.sv(39) @ 605: uvm_test_top.env_h.scb_h [SB] EXPECTED TRANSACTION: size = 31 | TRANSFER = 1 | RW = 0 | WDATA = 8c | WPADDR = 160 | RPADDR = 1d9
# ----------------------------------------------INPUT MONITOR-------------------------------------------------------
# --------------------------------------------
# Name                 Type        Size  Value
# --------------------------------------------
# ip_mon_h             ApbSeqItem  -     @709 
#   apb_write_paddr    integral    9     'h160
#   apb_read_paddr     integral    9     'h1d9
#   apb_write_data     integral    8     'h8c 
#   transfer           integral    1     'h1  
#   READ_WRITE         integral    1     'h0  
#   apb_read_data_out  integral    8     'h0  
# --------------------------------------------
# WRITE ADDRESS = 101100000  READ ADDRESS =111011001 || WRITE DATA =8c
# THE RESET IS 1
# ----------------------------------------------INPUT MONITOR-------------------------------------------------------
# UVM_INFO ApbScoreboard.sv(46) @ 605: uvm_test_top.env_h.scb_h [SB] ACTUAL TRANSACTION: size = 1 | TRANSFER = 1 | RW = 0 | WPADDR = 160 | WDATA = 8c | RDATA = 0 | RPADDR = 1d9
# ----------------------------------------------OUTPUT MONITOR-------------------------------------------------------
# --------------------------------------------
# Name                 Type        Size  Value
# --------------------------------------------
# op_mon_h             ApbSeqItem  -     @734 
#   apb_write_paddr    integral    9     'h160
#   apb_read_paddr     integral    9     'h1d9
#   apb_write_data     integral    8     'h8c 
#   transfer           integral    1     'h1  
#   READ_WRITE         integral    1     'h0  
#   apb_read_data_out  integral    8     'h0  
# --------------------------------------------
# ----------------------------------------------OUTPUT MONITOR-------------------------------------------------------
# FOR COMPARING : WRITE DATA =8c READ DATA OUT =xx
# -------------------------------------------------------------------WRITE--PASS---------------------------------------------------------------------
# UVM_INFO ApbScoreboard.sv(84) @ 605: uvm_test_top.env_h.scb_h [COMPARE] WRITE PASS | EXPECTED WDATA = 8c  ACTUAL WDATA =8c |EXPECTED  WRITE ADDR = 160 ACTUAL WRITE ADDR =160
# WRITE_ADDRESS_VALIDITY: ASSERTION PASS
# TRANSFER_VALIDITY: ASSERTION PASS
# ---------------------------------DRIVER-------------------
# ------------------------------------------------------------------------------------------------
# Name                           Type        Size  Value                                          
# ------------------------------------------------------------------------------------------------
# txn                            ApbSeqItem  -     @900                                           
#   apb_write_paddr              integral    9     'h1ee                                          
#   apb_read_paddr               integral    9     'h160                                          
#   apb_write_data               integral    8     'hd                                            
#   transfer                     integral    1     'h1                                            
#   READ_WRITE                   integral    1     'h1                                            
#   apb_read_data_out            integral    8     'h0                                            
#   begin_time                   time        64    605                                            
#   end_time                     time        64    605                                            
#   depth                        int         32    'd2                                            
#   parent sequence (name)       string      15    writereadseq2_h                                
#   parent sequence (full name)  string      47    uvm_test_top.env_h.act_h.seqr_h.writereadseq2_h
#   sequencer                    string      31    uvm_test_top.env_h.act_h.seqr_h                
# ------------------------------------------------------------------------------------------------
# --------------------------------------DRIVER----------------------------------
# UVM_INFO ApbScoreboard.sv(39) @ 615: uvm_test_top.env_h.scb_h [SB] EXPECTED TRANSACTION: size = 31 | TRANSFER = 1 | RW = 1 | WDATA = 8c | WPADDR = 160 | RPADDR = 160
# ----------------------------------------------INPUT MONITOR-------------------------------------------------------
# --------------------------------------------
# Name                 Type        Size  Value
# --------------------------------------------
# ip_mon_h             ApbSeqItem  -     @709 
#   apb_write_paddr    integral    9     'h160
#   apb_read_paddr     integral    9     'h160
#   apb_write_data     integral    8     'h8c 
#   transfer           integral    1     'h1  
#   READ_WRITE         integral    1     'h1  
#   apb_read_data_out  integral    8     'h0  
# --------------------------------------------
# WRITE ADDRESS = 101100000  READ ADDRESS =101100000 || WRITE DATA =8c
# THE RESET IS 1
# ----------------------------------------------INPUT MONITOR-------------------------------------------------------
# READ_ADDRESS_VALIDITY: ASSERTION PASS
# TRANSFER_VALIDITY: ASSERTION PASS
# ---------------------------------DRIVER-------------------
# ------------------------------------------------------------------------------------------------
# Name                           Type        Size  Value                                          
# ------------------------------------------------------------------------------------------------
# txn                            ApbSeqItem  -     @904                                           
#   apb_write_paddr              integral    9     'h169                                          
#   apb_read_paddr               integral    9     'hd5                                           
#   apb_write_data               integral    8     'h1                                            
#   transfer                     integral    1     'h1                                            
#   READ_WRITE                   integral    1     'h0                                            
#   apb_read_data_out            integral    8     'h0                                            
#   begin_time                   time        64    615                                            
#   depth                        int         32    'd2                                            
#   parent sequence (name)       string      15    writereadseq2_h                                
#   parent sequence (full name)  string      47    uvm_test_top.env_h.act_h.seqr_h.writereadseq2_h
#   sequencer                    string      31    uvm_test_top.env_h.act_h.seqr_h                
# ------------------------------------------------------------------------------------------------
# --------------------------------------DRIVER----------------------------------
# UVM_INFO ApbScoreboard.sv(39) @ 625: uvm_test_top.env_h.scb_h [SB] EXPECTED TRANSACTION: size = 32 | TRANSFER = 1 | RW = 1 | WDATA = 8c | WPADDR = 160 | RPADDR = 160
# ----------------------------------------------INPUT MONITOR-------------------------------------------------------
# --------------------------------------------
# Name                 Type        Size  Value
# --------------------------------------------
# ip_mon_h             ApbSeqItem  -     @709 
#   apb_write_paddr    integral    9     'h160
#   apb_read_paddr     integral    9     'h160
#   apb_write_data     integral    8     'h8c 
#   transfer           integral    1     'h1  
#   READ_WRITE         integral    1     'h1  
#   apb_read_data_out  integral    8     'h0  
# --------------------------------------------
# WRITE ADDRESS = 101100000  READ ADDRESS =101100000 || WRITE DATA =8c
# THE RESET IS 1
# ----------------------------------------------INPUT MONITOR-------------------------------------------------------
# UVM_INFO ApbScoreboard.sv(46) @ 625: uvm_test_top.env_h.scb_h [SB] ACTUAL TRANSACTION: size = 1 | TRANSFER = 1 | RW = 1 | WPADDR = 160 | WDATA = 8c | RDATA = 0 | RPADDR = 160
# ----------------------------------------------OUTPUT MONITOR-------------------------------------------------------
# --------------------------------------------
# Name                 Type        Size  Value
# --------------------------------------------
# op_mon_h             ApbSeqItem  -     @734 
#   apb_write_paddr    integral    9     'h160
#   apb_read_paddr     integral    9     'h160
#   apb_write_data     integral    8     'h8c 
#   transfer           integral    1     'h1  
#   READ_WRITE         integral    1     'h1  
#   apb_read_data_out  integral    8     'h0  
# --------------------------------------------
# ----------------------------------------------OUTPUT MONITOR-------------------------------------------------------
# FOR COMPARING : WRITE DATA =8c READ DATA OUT =xx
# -------------------------------------------------------------------------READ PASS---------------------------------------------------------------------
# UVM_INFO ApbScoreboard.sv(103) @ 625: uvm_test_top.env_h.scb_h [COMPARE] READ PASS | EXPECTED RDATA = 0  ACTUAL RDATA =0 |EXPECTED  READ ADDR = 160 ACTUAL READ ADDR =160
# READ_ADDRESS_VALIDITY: ASSERTION PASS
# TRANSFER_VALIDITY: ASSERTION PASS
# ---------------------------------DRIVER-------------------
# ------------------------------------------------------------------------------------------------
# Name                           Type        Size  Value                                          
# ------------------------------------------------------------------------------------------------
# txn                            ApbSeqItem  -     @904                                           
#   apb_write_paddr              integral    9     'h169                                          
#   apb_read_paddr               integral    9     'hd5                                           
#   apb_write_data               integral    8     'h1                                            
#   transfer                     integral    1     'h1                                            
#   READ_WRITE                   integral    1     'h0                                            
#   apb_read_data_out            integral    8     'h0                                            
#   begin_time                   time        64    625                                            
#   end_time                     time        64    625                                            
#   depth                        int         32    'd2                                            
#   parent sequence (name)       string      15    writereadseq2_h                                
#   parent sequence (full name)  string      47    uvm_test_top.env_h.act_h.seqr_h.writereadseq2_h
#   sequencer                    string      31    uvm_test_top.env_h.act_h.seqr_h                
# ------------------------------------------------------------------------------------------------
# --------------------------------------DRIVER----------------------------------
# UVM_INFO ApbScoreboard.sv(39) @ 635: uvm_test_top.env_h.scb_h [SB] EXPECTED TRANSACTION: size = 32 | TRANSFER = 1 | RW = 0 | WDATA = 1 | WPADDR = 169 | RPADDR = 160
# ----------------------------------------------INPUT MONITOR-------------------------------------------------------
# --------------------------------------------
# Name                 Type        Size  Value
# --------------------------------------------
# ip_mon_h             ApbSeqItem  -     @709 
#   apb_write_paddr    integral    9     'h169
#   apb_read_paddr     integral    9     'h160
#   apb_write_data     integral    8     'h1  
#   transfer           integral    1     'h1  
#   READ_WRITE         integral    1     'h0  
#   apb_read_data_out  integral    8     'h0  
# --------------------------------------------
# WRITE ADDRESS = 101101001  READ ADDRESS =101100000 || WRITE DATA =1
# THE RESET IS 1
# ----------------------------------------------INPUT MONITOR-------------------------------------------------------
# WRITE_ADDRESS_VALIDITY: ASSERTION PASS
# TRANSFER_VALIDITY: ASSERTION PASS
# ---------------------------------DRIVER-------------------
# ------------------------------------------------------------------------------------------------
# Name                           Type        Size  Value                                          
# ------------------------------------------------------------------------------------------------
# txn                            ApbSeqItem  -     @908                                           
#   apb_write_paddr              integral    9     'h1d9                                          
#   apb_read_paddr               integral    9     'h169                                          
#   apb_write_data               integral    8     'hd2                                           
#   transfer                     integral    1     'h1                                            
#   READ_WRITE                   integral    1     'h1                                            
#   apb_read_data_out            integral    8     'h0                                            
#   begin_time                   time        64    635                                            
#   depth                        int         32    'd2                                            
#   parent sequence (name)       string      15    writereadseq2_h                                
#   parent sequence (full name)  string      47    uvm_test_top.env_h.act_h.seqr_h.writereadseq2_h
#   sequencer                    string      31    uvm_test_top.env_h.act_h.seqr_h                
# ------------------------------------------------------------------------------------------------
# --------------------------------------DRIVER----------------------------------
# UVM_INFO ApbScoreboard.sv(39) @ 645: uvm_test_top.env_h.scb_h [SB] EXPECTED TRANSACTION: size = 33 | TRANSFER = 1 | RW = 0 | WDATA = 1 | WPADDR = 169 | RPADDR = 160
# ----------------------------------------------INPUT MONITOR-------------------------------------------------------
# --------------------------------------------
# Name                 Type        Size  Value
# --------------------------------------------
# ip_mon_h             ApbSeqItem  -     @709 
#   apb_write_paddr    integral    9     'h169
#   apb_read_paddr     integral    9     'h160
#   apb_write_data     integral    8     'h1  
#   transfer           integral    1     'h1  
#   READ_WRITE         integral    1     'h0  
#   apb_read_data_out  integral    8     'h0  
# --------------------------------------------
# WRITE ADDRESS = 101101001  READ ADDRESS =101100000 || WRITE DATA =1
# THE RESET IS 1
# ----------------------------------------------INPUT MONITOR-------------------------------------------------------
# UVM_INFO ApbScoreboard.sv(46) @ 645: uvm_test_top.env_h.scb_h [SB] ACTUAL TRANSACTION: size = 1 | TRANSFER = 1 | RW = 0 | WPADDR = 169 | WDATA = 1 | RDATA = 0 | RPADDR = 160
# ----------------------------------------------OUTPUT MONITOR-------------------------------------------------------
# --------------------------------------------
# Name                 Type        Size  Value
# --------------------------------------------
# op_mon_h             ApbSeqItem  -     @734 
#   apb_write_paddr    integral    9     'h169
#   apb_read_paddr     integral    9     'h160
#   apb_write_data     integral    8     'h1  
#   transfer           integral    1     'h1  
#   READ_WRITE         integral    1     'h0  
#   apb_read_data_out  integral    8     'h0  
# --------------------------------------------
# ----------------------------------------------OUTPUT MONITOR-------------------------------------------------------
# FOR COMPARING : WRITE DATA =01 READ DATA OUT =xx
# -------------------------------------------------------------------WRITE--PASS---------------------------------------------------------------------
# UVM_INFO ApbScoreboard.sv(84) @ 645: uvm_test_top.env_h.scb_h [COMPARE] WRITE PASS | EXPECTED WDATA = 1  ACTUAL WDATA =1 |EXPECTED  WRITE ADDR = 169 ACTUAL WRITE ADDR =169
# WRITE_ADDRESS_VALIDITY: ASSERTION PASS
# TRANSFER_VALIDITY: ASSERTION PASS
# ---------------------------------DRIVER-------------------
# ------------------------------------------------------------------------------------------------
# Name                           Type        Size  Value                                          
# ------------------------------------------------------------------------------------------------
# txn                            ApbSeqItem  -     @908                                           
#   apb_write_paddr              integral    9     'h1d9                                          
#   apb_read_paddr               integral    9     'h169                                          
#   apb_write_data               integral    8     'hd2                                           
#   transfer                     integral    1     'h1                                            
#   READ_WRITE                   integral    1     'h1                                            
#   apb_read_data_out            integral    8     'h0                                            
#   begin_time                   time        64    645                                            
#   end_time                     time        64    645                                            
#   depth                        int         32    'd2                                            
#   parent sequence (name)       string      15    writereadseq2_h                                
#   parent sequence (full name)  string      47    uvm_test_top.env_h.act_h.seqr_h.writereadseq2_h
#   sequencer                    string      31    uvm_test_top.env_h.act_h.seqr_h                
# ------------------------------------------------------------------------------------------------
# --------------------------------------DRIVER----------------------------------
# UVM_INFO ApbScoreboard.sv(39) @ 655: uvm_test_top.env_h.scb_h [SB] EXPECTED TRANSACTION: size = 33 | TRANSFER = 1 | RW = 1 | WDATA = 1 | WPADDR = 169 | RPADDR = 169
# ----------------------------------------------INPUT MONITOR-------------------------------------------------------
# --------------------------------------------
# Name                 Type        Size  Value
# --------------------------------------------
# ip_mon_h             ApbSeqItem  -     @709 
#   apb_write_paddr    integral    9     'h169
#   apb_read_paddr     integral    9     'h169
#   apb_write_data     integral    8     'h1  
#   transfer           integral    1     'h1  
#   READ_WRITE         integral    1     'h1  
#   apb_read_data_out  integral    8     'h0  
# --------------------------------------------
# WRITE ADDRESS = 101101001  READ ADDRESS =101101001 || WRITE DATA =1
# THE RESET IS 1
# ----------------------------------------------INPUT MONITOR-------------------------------------------------------
# READ_ADDRESS_VALIDITY: ASSERTION PASS
# TRANSFER_VALIDITY: ASSERTION PASS
# ---------------------------------DRIVER-------------------
# ------------------------------------------------------------------------------------------------
# Name                           Type        Size  Value                                          
# ------------------------------------------------------------------------------------------------
# txn                            ApbSeqItem  -     @912                                           
#   apb_write_paddr              integral    9     'h1a5                                          
#   apb_read_paddr               integral    9     'h196                                          
#   apb_write_data               integral    8     'h84                                           
#   transfer                     integral    1     'h1                                            
#   READ_WRITE                   integral    1     'h0                                            
#   apb_read_data_out            integral    8     'h0                                            
#   begin_time                   time        64    655                                            
#   depth                        int         32    'd2                                            
#   parent sequence (name)       string      15    writereadseq2_h                                
#   parent sequence (full name)  string      47    uvm_test_top.env_h.act_h.seqr_h.writereadseq2_h
#   sequencer                    string      31    uvm_test_top.env_h.act_h.seqr_h                
# ------------------------------------------------------------------------------------------------
# --------------------------------------DRIVER----------------------------------
# UVM_INFO ApbScoreboard.sv(39) @ 665: uvm_test_top.env_h.scb_h [SB] EXPECTED TRANSACTION: size = 34 | TRANSFER = 1 | RW = 1 | WDATA = 1 | WPADDR = 169 | RPADDR = 169
# ----------------------------------------------INPUT MONITOR-------------------------------------------------------
# --------------------------------------------
# Name                 Type        Size  Value
# --------------------------------------------
# ip_mon_h             ApbSeqItem  -     @709 
#   apb_write_paddr    integral    9     'h169
#   apb_read_paddr     integral    9     'h169
#   apb_write_data     integral    8     'h1  
#   transfer           integral    1     'h1  
#   READ_WRITE         integral    1     'h1  
#   apb_read_data_out  integral    8     'h0  
# --------------------------------------------
# WRITE ADDRESS = 101101001  READ ADDRESS =101101001 || WRITE DATA =1
# THE RESET IS 1
# ----------------------------------------------INPUT MONITOR-------------------------------------------------------
# UVM_INFO ApbScoreboard.sv(46) @ 665: uvm_test_top.env_h.scb_h [SB] ACTUAL TRANSACTION: size = 1 | TRANSFER = 1 | RW = 1 | WPADDR = 169 | WDATA = 1 | RDATA = 0 | RPADDR = 169
# ----------------------------------------------OUTPUT MONITOR-------------------------------------------------------
# --------------------------------------------
# Name                 Type        Size  Value
# --------------------------------------------
# op_mon_h             ApbSeqItem  -     @734 
#   apb_write_paddr    integral    9     'h169
#   apb_read_paddr     integral    9     'h169
#   apb_write_data     integral    8     'h1  
#   transfer           integral    1     'h1  
#   READ_WRITE         integral    1     'h1  
#   apb_read_data_out  integral    8     'h0  
# --------------------------------------------
# ----------------------------------------------OUTPUT MONITOR-------------------------------------------------------
# FOR COMPARING : WRITE DATA =01 READ DATA OUT =xx
# -------------------------------------------------------------------------READ PASS---------------------------------------------------------------------
# UVM_INFO ApbScoreboard.sv(103) @ 665: uvm_test_top.env_h.scb_h [COMPARE] READ PASS | EXPECTED RDATA = 0  ACTUAL RDATA =0 |EXPECTED  READ ADDR = 169 ACTUAL READ ADDR =169
# READ_ADDRESS_VALIDITY: ASSERTION PASS
# TRANSFER_VALIDITY: ASSERTION PASS
# ---------------------------------DRIVER-------------------
# ------------------------------------------------------------------------------------------------
# Name                           Type        Size  Value                                          
# ------------------------------------------------------------------------------------------------
# txn                            ApbSeqItem  -     @912                                           
#   apb_write_paddr              integral    9     'h1a5                                          
#   apb_read_paddr               integral    9     'h196                                          
#   apb_write_data               integral    8     'h84                                           
#   transfer                     integral    1     'h1                                            
#   READ_WRITE                   integral    1     'h0                                            
#   apb_read_data_out            integral    8     'h0                                            
#   begin_time                   time        64    665                                            
#   end_time                     time        64    665                                            
#   depth                        int         32    'd2                                            
#   parent sequence (name)       string      15    writereadseq2_h                                
#   parent sequence (full name)  string      47    uvm_test_top.env_h.act_h.seqr_h.writereadseq2_h
#   sequencer                    string      31    uvm_test_top.env_h.act_h.seqr_h                
# ------------------------------------------------------------------------------------------------
# --------------------------------------DRIVER----------------------------------
# UVM_INFO ApbScoreboard.sv(39) @ 675: uvm_test_top.env_h.scb_h [SB] EXPECTED TRANSACTION: size = 34 | TRANSFER = 1 | RW = 0 | WDATA = 84 | WPADDR = 1a5 | RPADDR = 169
# ----------------------------------------------INPUT MONITOR-------------------------------------------------------
# --------------------------------------------
# Name                 Type        Size  Value
# --------------------------------------------
# ip_mon_h             ApbSeqItem  -     @709 
#   apb_write_paddr    integral    9     'h1a5
#   apb_read_paddr     integral    9     'h169
#   apb_write_data     integral    8     'h84 
#   transfer           integral    1     'h1  
#   READ_WRITE         integral    1     'h0  
#   apb_read_data_out  integral    8     'h0  
# --------------------------------------------
# WRITE ADDRESS = 110100101  READ ADDRESS =101101001 || WRITE DATA =84
# THE RESET IS 1
# ----------------------------------------------INPUT MONITOR-------------------------------------------------------
# WRITE_ADDRESS_VALIDITY: ASSERTION PASS
# TRANSFER_VALIDITY: ASSERTION PASS
# ---------------------------------DRIVER-------------------
# ------------------------------------------------------------------------------------------------
# Name                           Type        Size  Value                                          
# ------------------------------------------------------------------------------------------------
# txn                            ApbSeqItem  -     @916                                           
#   apb_write_paddr              integral    9     'h65                                           
#   apb_read_paddr               integral    9     'h1a5                                          
#   apb_write_data               integral    8     'hab                                           
#   transfer                     integral    1     'h1                                            
#   READ_WRITE                   integral    1     'h1                                            
#   apb_read_data_out            integral    8     'h0                                            
#   begin_time                   time        64    675                                            
#   depth                        int         32    'd2                                            
#   parent sequence (name)       string      15    writereadseq2_h                                
#   parent sequence (full name)  string      47    uvm_test_top.env_h.act_h.seqr_h.writereadseq2_h
#   sequencer                    string      31    uvm_test_top.env_h.act_h.seqr_h                
# ------------------------------------------------------------------------------------------------
# --------------------------------------DRIVER----------------------------------
# UVM_INFO ApbScoreboard.sv(39) @ 685: uvm_test_top.env_h.scb_h [SB] EXPECTED TRANSACTION: size = 35 | TRANSFER = 1 | RW = 0 | WDATA = 84 | WPADDR = 1a5 | RPADDR = 169
# ----------------------------------------------INPUT MONITOR-------------------------------------------------------
# --------------------------------------------
# Name                 Type        Size  Value
# --------------------------------------------
# ip_mon_h             ApbSeqItem  -     @709 
#   apb_write_paddr    integral    9     'h1a5
#   apb_read_paddr     integral    9     'h169
#   apb_write_data     integral    8     'h84 
#   transfer           integral    1     'h1  
#   READ_WRITE         integral    1     'h0  
#   apb_read_data_out  integral    8     'h0  
# --------------------------------------------
# WRITE ADDRESS = 110100101  READ ADDRESS =101101001 || WRITE DATA =84
# THE RESET IS 1
# ----------------------------------------------INPUT MONITOR-------------------------------------------------------
# UVM_INFO ApbScoreboard.sv(46) @ 685: uvm_test_top.env_h.scb_h [SB] ACTUAL TRANSACTION: size = 1 | TRANSFER = 1 | RW = 0 | WPADDR = 1a5 | WDATA = 84 | RDATA = 0 | RPADDR = 169
# ----------------------------------------------OUTPUT MONITOR-------------------------------------------------------
# --------------------------------------------
# Name                 Type        Size  Value
# --------------------------------------------
# op_mon_h             ApbSeqItem  -     @734 
#   apb_write_paddr    integral    9     'h1a5
#   apb_read_paddr     integral    9     'h169
#   apb_write_data     integral    8     'h84 
#   transfer           integral    1     'h1  
#   READ_WRITE         integral    1     'h0  
#   apb_read_data_out  integral    8     'h0  
# --------------------------------------------
# ----------------------------------------------OUTPUT MONITOR-------------------------------------------------------
# FOR COMPARING : WRITE DATA =84 READ DATA OUT =xx
# -------------------------------------------------------------------WRITE--PASS---------------------------------------------------------------------
# UVM_INFO ApbScoreboard.sv(84) @ 685: uvm_test_top.env_h.scb_h [COMPARE] WRITE PASS | EXPECTED WDATA = 84  ACTUAL WDATA =84 |EXPECTED  WRITE ADDR = 1a5 ACTUAL WRITE ADDR =1a5
# WRITE_ADDRESS_VALIDITY: ASSERTION PASS
# TRANSFER_VALIDITY: ASSERTION PASS
# ---------------------------------DRIVER-------------------
# ------------------------------------------------------------------------------------------------
# Name                           Type        Size  Value                                          
# ------------------------------------------------------------------------------------------------
# txn                            ApbSeqItem  -     @916                                           
#   apb_write_paddr              integral    9     'h65                                           
#   apb_read_paddr               integral    9     'h1a5                                          
#   apb_write_data               integral    8     'hab                                           
#   transfer                     integral    1     'h1                                            
#   READ_WRITE                   integral    1     'h1                                            
#   apb_read_data_out            integral    8     'h0                                            
#   begin_time                   time        64    685                                            
#   end_time                     time        64    685                                            
#   depth                        int         32    'd2                                            
#   parent sequence (name)       string      15    writereadseq2_h                                
#   parent sequence (full name)  string      47    uvm_test_top.env_h.act_h.seqr_h.writereadseq2_h
#   sequencer                    string      31    uvm_test_top.env_h.act_h.seqr_h                
# ------------------------------------------------------------------------------------------------
# --------------------------------------DRIVER----------------------------------
# UVM_INFO ApbScoreboard.sv(39) @ 695: uvm_test_top.env_h.scb_h [SB] EXPECTED TRANSACTION: size = 35 | TRANSFER = 1 | RW = 1 | WDATA = 84 | WPADDR = 1a5 | RPADDR = 1a5
# ----------------------------------------------INPUT MONITOR-------------------------------------------------------
# --------------------------------------------
# Name                 Type        Size  Value
# --------------------------------------------
# ip_mon_h             ApbSeqItem  -     @709 
#   apb_write_paddr    integral    9     'h1a5
#   apb_read_paddr     integral    9     'h1a5
#   apb_write_data     integral    8     'h84 
#   transfer           integral    1     'h1  
#   READ_WRITE         integral    1     'h1  
#   apb_read_data_out  integral    8     'h0  
# --------------------------------------------
# WRITE ADDRESS = 110100101  READ ADDRESS =110100101 || WRITE DATA =84
# THE RESET IS 1
# ----------------------------------------------INPUT MONITOR-------------------------------------------------------
# READ_ADDRESS_VALIDITY: ASSERTION PASS
# TRANSFER_VALIDITY: ASSERTION PASS
# ---------------------------------DRIVER-------------------
# ------------------------------------------------------------------------------------------------
# Name                           Type        Size  Value                                          
# ------------------------------------------------------------------------------------------------
# txn                            ApbSeqItem  -     @920                                           
#   apb_write_paddr              integral    9     'h14c                                          
#   apb_read_paddr               integral    9     'h89                                           
#   apb_write_data               integral    8     'he2                                           
#   transfer                     integral    1     'h1                                            
#   READ_WRITE                   integral    1     'h0                                            
#   apb_read_data_out            integral    8     'h0                                            
#   begin_time                   time        64    695                                            
#   depth                        int         32    'd2                                            
#   parent sequence (name)       string      15    writereadseq2_h                                
#   parent sequence (full name)  string      47    uvm_test_top.env_h.act_h.seqr_h.writereadseq2_h
#   sequencer                    string      31    uvm_test_top.env_h.act_h.seqr_h                
# ------------------------------------------------------------------------------------------------
# --------------------------------------DRIVER----------------------------------
# UVM_INFO ApbScoreboard.sv(39) @ 705: uvm_test_top.env_h.scb_h [SB] EXPECTED TRANSACTION: size = 36 | TRANSFER = 1 | RW = 1 | WDATA = 84 | WPADDR = 1a5 | RPADDR = 1a5
# ----------------------------------------------INPUT MONITOR-------------------------------------------------------
# --------------------------------------------
# Name                 Type        Size  Value
# --------------------------------------------
# ip_mon_h             ApbSeqItem  -     @709 
#   apb_write_paddr    integral    9     'h1a5
#   apb_read_paddr     integral    9     'h1a5
#   apb_write_data     integral    8     'h84 
#   transfer           integral    1     'h1  
#   READ_WRITE         integral    1     'h1  
#   apb_read_data_out  integral    8     'h0  
# --------------------------------------------
# WRITE ADDRESS = 110100101  READ ADDRESS =110100101 || WRITE DATA =84
# THE RESET IS 1
# ----------------------------------------------INPUT MONITOR-------------------------------------------------------
# UVM_INFO ApbScoreboard.sv(46) @ 705: uvm_test_top.env_h.scb_h [SB] ACTUAL TRANSACTION: size = 1 | TRANSFER = 1 | RW = 1 | WPADDR = 1a5 | WDATA = 84 | RDATA = 0 | RPADDR = 1a5
# ----------------------------------------------OUTPUT MONITOR-------------------------------------------------------
# --------------------------------------------
# Name                 Type        Size  Value
# --------------------------------------------
# op_mon_h             ApbSeqItem  -     @734 
#   apb_write_paddr    integral    9     'h1a5
#   apb_read_paddr     integral    9     'h1a5
#   apb_write_data     integral    8     'h84 
#   transfer           integral    1     'h1  
#   READ_WRITE         integral    1     'h1  
#   apb_read_data_out  integral    8     'h0  
# --------------------------------------------
# ----------------------------------------------OUTPUT MONITOR-------------------------------------------------------
# FOR COMPARING : WRITE DATA =84 READ DATA OUT =xx
# -------------------------------------------------------------------------READ PASS---------------------------------------------------------------------
# UVM_INFO ApbScoreboard.sv(103) @ 705: uvm_test_top.env_h.scb_h [COMPARE] READ PASS | EXPECTED RDATA = 0  ACTUAL RDATA =0 |EXPECTED  READ ADDR = 1a5 ACTUAL READ ADDR =1a5
# READ_ADDRESS_VALIDITY: ASSERTION PASS
# TRANSFER_VALIDITY: ASSERTION PASS
# ---------------------------------DRIVER-------------------
# ------------------------------------------------------------------------------------------------
# Name                           Type        Size  Value                                          
# ------------------------------------------------------------------------------------------------
# txn                            ApbSeqItem  -     @920                                           
#   apb_write_paddr              integral    9     'h14c                                          
#   apb_read_paddr               integral    9     'h89                                           
#   apb_write_data               integral    8     'he2                                           
#   transfer                     integral    1     'h1                                            
#   READ_WRITE                   integral    1     'h0                                            
#   apb_read_data_out            integral    8     'h0                                            
#   begin_time                   time        64    705                                            
#   end_time                     time        64    705                                            
#   depth                        int         32    'd2                                            
#   parent sequence (name)       string      15    writereadseq2_h                                
#   parent sequence (full name)  string      47    uvm_test_top.env_h.act_h.seqr_h.writereadseq2_h
#   sequencer                    string      31    uvm_test_top.env_h.act_h.seqr_h                
# ------------------------------------------------------------------------------------------------
# --------------------------------------DRIVER----------------------------------
# UVM_INFO ApbScoreboard.sv(39) @ 715: uvm_test_top.env_h.scb_h [SB] EXPECTED TRANSACTION: size = 36 | TRANSFER = 1 | RW = 0 | WDATA = e2 | WPADDR = 14c | RPADDR = 1a5
# ----------------------------------------------INPUT MONITOR-------------------------------------------------------
# --------------------------------------------
# Name                 Type        Size  Value
# --------------------------------------------
# ip_mon_h             ApbSeqItem  -     @709 
#   apb_write_paddr    integral    9     'h14c
#   apb_read_paddr     integral    9     'h1a5
#   apb_write_data     integral    8     'he2 
#   transfer           integral    1     'h1  
#   READ_WRITE         integral    1     'h0  
#   apb_read_data_out  integral    8     'h0  
# --------------------------------------------
# WRITE ADDRESS = 101001100  READ ADDRESS =110100101 || WRITE DATA =e2
# THE RESET IS 1
# ----------------------------------------------INPUT MONITOR-------------------------------------------------------
# WRITE_ADDRESS_VALIDITY: ASSERTION PASS
# TRANSFER_VALIDITY: ASSERTION PASS
# ---------------------------------DRIVER-------------------
# ------------------------------------------------------------------------------------------------
# Name                           Type        Size  Value                                          
# ------------------------------------------------------------------------------------------------
# txn                            ApbSeqItem  -     @924                                           
#   apb_write_paddr              integral    9     'h1e4                                          
#   apb_read_paddr               integral    9     'h14c                                          
#   apb_write_data               integral    8     'h63                                           
#   transfer                     integral    1     'h1                                            
#   READ_WRITE                   integral    1     'h1                                            
#   apb_read_data_out            integral    8     'h0                                            
#   begin_time                   time        64    715                                            
#   depth                        int         32    'd2                                            
#   parent sequence (name)       string      15    writereadseq2_h                                
#   parent sequence (full name)  string      47    uvm_test_top.env_h.act_h.seqr_h.writereadseq2_h
#   sequencer                    string      31    uvm_test_top.env_h.act_h.seqr_h                
# ------------------------------------------------------------------------------------------------
# --------------------------------------DRIVER----------------------------------
# UVM_INFO ApbScoreboard.sv(39) @ 725: uvm_test_top.env_h.scb_h [SB] EXPECTED TRANSACTION: size = 37 | TRANSFER = 1 | RW = 0 | WDATA = e2 | WPADDR = 14c | RPADDR = 1a5
# ----------------------------------------------INPUT MONITOR-------------------------------------------------------
# --------------------------------------------
# Name                 Type        Size  Value
# --------------------------------------------
# ip_mon_h             ApbSeqItem  -     @709 
#   apb_write_paddr    integral    9     'h14c
#   apb_read_paddr     integral    9     'h1a5
#   apb_write_data     integral    8     'he2 
#   transfer           integral    1     'h1  
#   READ_WRITE         integral    1     'h0  
#   apb_read_data_out  integral    8     'h0  
# --------------------------------------------
# WRITE ADDRESS = 101001100  READ ADDRESS =110100101 || WRITE DATA =e2
# THE RESET IS 1
# ----------------------------------------------INPUT MONITOR-------------------------------------------------------
# UVM_INFO ApbScoreboard.sv(46) @ 725: uvm_test_top.env_h.scb_h [SB] ACTUAL TRANSACTION: size = 1 | TRANSFER = 1 | RW = 0 | WPADDR = 14c | WDATA = e2 | RDATA = 0 | RPADDR = 1a5
# ----------------------------------------------OUTPUT MONITOR-------------------------------------------------------
# --------------------------------------------
# Name                 Type        Size  Value
# --------------------------------------------
# op_mon_h             ApbSeqItem  -     @734 
#   apb_write_paddr    integral    9     'h14c
#   apb_read_paddr     integral    9     'h1a5
#   apb_write_data     integral    8     'he2 
#   transfer           integral    1     'h1  
#   READ_WRITE         integral    1     'h0  
#   apb_read_data_out  integral    8     'h0  
# --------------------------------------------
# ----------------------------------------------OUTPUT MONITOR-------------------------------------------------------
# FOR COMPARING : WRITE DATA =e2 READ DATA OUT =xx
# -------------------------------------------------------------------WRITE--PASS---------------------------------------------------------------------
# UVM_INFO ApbScoreboard.sv(84) @ 725: uvm_test_top.env_h.scb_h [COMPARE] WRITE PASS | EXPECTED WDATA = e2  ACTUAL WDATA =e2 |EXPECTED  WRITE ADDR = 14c ACTUAL WRITE ADDR =14c
# WRITE_ADDRESS_VALIDITY: ASSERTION PASS
# TRANSFER_VALIDITY: ASSERTION PASS
# ---------------------------------DRIVER-------------------
# ------------------------------------------------------------------------------------------------
# Name                           Type        Size  Value                                          
# ------------------------------------------------------------------------------------------------
# txn                            ApbSeqItem  -     @924                                           
#   apb_write_paddr              integral    9     'h1e4                                          
#   apb_read_paddr               integral    9     'h14c                                          
#   apb_write_data               integral    8     'h63                                           
#   transfer                     integral    1     'h1                                            
#   READ_WRITE                   integral    1     'h1                                            
#   apb_read_data_out            integral    8     'h0                                            
#   begin_time                   time        64    725                                            
#   end_time                     time        64    725                                            
#   depth                        int         32    'd2                                            
#   parent sequence (name)       string      15    writereadseq2_h                                
#   parent sequence (full name)  string      47    uvm_test_top.env_h.act_h.seqr_h.writereadseq2_h
#   sequencer                    string      31    uvm_test_top.env_h.act_h.seqr_h                
# ------------------------------------------------------------------------------------------------
# --------------------------------------DRIVER----------------------------------
# UVM_INFO ApbScoreboard.sv(39) @ 735: uvm_test_top.env_h.scb_h [SB] EXPECTED TRANSACTION: size = 37 | TRANSFER = 1 | RW = 1 | WDATA = e2 | WPADDR = 14c | RPADDR = 14c
# ----------------------------------------------INPUT MONITOR-------------------------------------------------------
# --------------------------------------------
# Name                 Type        Size  Value
# --------------------------------------------
# ip_mon_h             ApbSeqItem  -     @709 
#   apb_write_paddr    integral    9     'h14c
#   apb_read_paddr     integral    9     'h14c
#   apb_write_data     integral    8     'he2 
#   transfer           integral    1     'h1  
#   READ_WRITE         integral    1     'h1  
#   apb_read_data_out  integral    8     'h0  
# --------------------------------------------
# WRITE ADDRESS = 101001100  READ ADDRESS =101001100 || WRITE DATA =e2
# THE RESET IS 1
# ----------------------------------------------INPUT MONITOR-------------------------------------------------------
# READ_ADDRESS_VALIDITY: ASSERTION PASS
# TRANSFER_VALIDITY: ASSERTION PASS
# ---------------------------------DRIVER-------------------
# ------------------------------------------------------------------------------------------------
# Name                           Type        Size  Value                                          
# ------------------------------------------------------------------------------------------------
# txn                            ApbSeqItem  -     @928                                           
#   apb_write_paddr              integral    9     'h161                                          
#   apb_read_paddr               integral    9     'h76                                           
#   apb_write_data               integral    8     'h29                                           
#   transfer                     integral    1     'h1                                            
#   READ_WRITE                   integral    1     'h0                                            
#   apb_read_data_out            integral    8     'h0                                            
#   begin_time                   time        64    735                                            
#   depth                        int         32    'd2                                            
#   parent sequence (name)       string      15    writereadseq2_h                                
#   parent sequence (full name)  string      47    uvm_test_top.env_h.act_h.seqr_h.writereadseq2_h
#   sequencer                    string      31    uvm_test_top.env_h.act_h.seqr_h                
# ------------------------------------------------------------------------------------------------
# --------------------------------------DRIVER----------------------------------
# UVM_INFO ApbScoreboard.sv(39) @ 745: uvm_test_top.env_h.scb_h [SB] EXPECTED TRANSACTION: size = 38 | TRANSFER = 1 | RW = 1 | WDATA = e2 | WPADDR = 14c | RPADDR = 14c
# ----------------------------------------------INPUT MONITOR-------------------------------------------------------
# --------------------------------------------
# Name                 Type        Size  Value
# --------------------------------------------
# ip_mon_h             ApbSeqItem  -     @709 
#   apb_write_paddr    integral    9     'h14c
#   apb_read_paddr     integral    9     'h14c
#   apb_write_data     integral    8     'he2 
#   transfer           integral    1     'h1  
#   READ_WRITE         integral    1     'h1  
#   apb_read_data_out  integral    8     'h0  
# --------------------------------------------
# WRITE ADDRESS = 101001100  READ ADDRESS =101001100 || WRITE DATA =e2
# THE RESET IS 1
# ----------------------------------------------INPUT MONITOR-------------------------------------------------------
# UVM_INFO ApbScoreboard.sv(46) @ 745: uvm_test_top.env_h.scb_h [SB] ACTUAL TRANSACTION: size = 1 | TRANSFER = 1 | RW = 1 | WPADDR = 14c | WDATA = e2 | RDATA = 0 | RPADDR = 14c
# ----------------------------------------------OUTPUT MONITOR-------------------------------------------------------
# --------------------------------------------
# Name                 Type        Size  Value
# --------------------------------------------
# op_mon_h             ApbSeqItem  -     @734 
#   apb_write_paddr    integral    9     'h14c
#   apb_read_paddr     integral    9     'h14c
#   apb_write_data     integral    8     'he2 
#   transfer           integral    1     'h1  
#   READ_WRITE         integral    1     'h1  
#   apb_read_data_out  integral    8     'h0  
# --------------------------------------------
# ----------------------------------------------OUTPUT MONITOR-------------------------------------------------------
# FOR COMPARING : WRITE DATA =e2 READ DATA OUT =xx
# -------------------------------------------------------------------------READ PASS---------------------------------------------------------------------
# UVM_INFO ApbScoreboard.sv(103) @ 745: uvm_test_top.env_h.scb_h [COMPARE] READ PASS | EXPECTED RDATA = 0  ACTUAL RDATA =0 |EXPECTED  READ ADDR = 14c ACTUAL READ ADDR =14c
# READ_ADDRESS_VALIDITY: ASSERTION PASS
# TRANSFER_VALIDITY: ASSERTION PASS
# ---------------------------------DRIVER-------------------
# ------------------------------------------------------------------------------------------------
# Name                           Type        Size  Value                                          
# ------------------------------------------------------------------------------------------------
# txn                            ApbSeqItem  -     @928                                           
#   apb_write_paddr              integral    9     'h161                                          
#   apb_read_paddr               integral    9     'h76                                           
#   apb_write_data               integral    8     'h29                                           
#   transfer                     integral    1     'h1                                            
#   READ_WRITE                   integral    1     'h0                                            
#   apb_read_data_out            integral    8     'h0                                            
#   begin_time                   time        64    745                                            
#   end_time                     time        64    745                                            
#   depth                        int         32    'd2                                            
#   parent sequence (name)       string      15    writereadseq2_h                                
#   parent sequence (full name)  string      47    uvm_test_top.env_h.act_h.seqr_h.writereadseq2_h
#   sequencer                    string      31    uvm_test_top.env_h.act_h.seqr_h                
# ------------------------------------------------------------------------------------------------
# --------------------------------------DRIVER----------------------------------
# UVM_INFO ApbScoreboard.sv(39) @ 755: uvm_test_top.env_h.scb_h [SB] EXPECTED TRANSACTION: size = 38 | TRANSFER = 1 | RW = 0 | WDATA = 29 | WPADDR = 161 | RPADDR = 14c
# ----------------------------------------------INPUT MONITOR-------------------------------------------------------
# --------------------------------------------
# Name                 Type        Size  Value
# --------------------------------------------
# ip_mon_h             ApbSeqItem  -     @709 
#   apb_write_paddr    integral    9     'h161
#   apb_read_paddr     integral    9     'h14c
#   apb_write_data     integral    8     'h29 
#   transfer           integral    1     'h1  
#   READ_WRITE         integral    1     'h0  
#   apb_read_data_out  integral    8     'h0  
# --------------------------------------------
# WRITE ADDRESS = 101100001  READ ADDRESS =101001100 || WRITE DATA =29
# THE RESET IS 1
# ----------------------------------------------INPUT MONITOR-------------------------------------------------------
# WRITE_ADDRESS_VALIDITY: ASSERTION PASS
# TRANSFER_VALIDITY: ASSERTION PASS
# ---------------------------------DRIVER-------------------
# ------------------------------------------------------------------------------------------------
# Name                           Type        Size  Value                                          
# ------------------------------------------------------------------------------------------------
# txn                            ApbSeqItem  -     @932                                           
#   apb_write_paddr              integral    9     'hd9                                           
#   apb_read_paddr               integral    9     'h161                                          
#   apb_write_data               integral    8     'hda                                           
#   transfer                     integral    1     'h1                                            
#   READ_WRITE                   integral    1     'h1                                            
#   apb_read_data_out            integral    8     'h0                                            
#   begin_time                   time        64    755                                            
#   depth                        int         32    'd2                                            
#   parent sequence (name)       string      15    writereadseq2_h                                
#   parent sequence (full name)  string      47    uvm_test_top.env_h.act_h.seqr_h.writereadseq2_h
#   sequencer                    string      31    uvm_test_top.env_h.act_h.seqr_h                
# ------------------------------------------------------------------------------------------------
# --------------------------------------DRIVER----------------------------------
# UVM_INFO ApbScoreboard.sv(39) @ 765: uvm_test_top.env_h.scb_h [SB] EXPECTED TRANSACTION: size = 39 | TRANSFER = 1 | RW = 0 | WDATA = 29 | WPADDR = 161 | RPADDR = 14c
# ----------------------------------------------INPUT MONITOR-------------------------------------------------------
# --------------------------------------------
# Name                 Type        Size  Value
# --------------------------------------------
# ip_mon_h             ApbSeqItem  -     @709 
#   apb_write_paddr    integral    9     'h161
#   apb_read_paddr     integral    9     'h14c
#   apb_write_data     integral    8     'h29 
#   transfer           integral    1     'h1  
#   READ_WRITE         integral    1     'h0  
#   apb_read_data_out  integral    8     'h0  
# --------------------------------------------
# WRITE ADDRESS = 101100001  READ ADDRESS =101001100 || WRITE DATA =29
# THE RESET IS 1
# ----------------------------------------------INPUT MONITOR-------------------------------------------------------
# UVM_INFO ApbScoreboard.sv(46) @ 765: uvm_test_top.env_h.scb_h [SB] ACTUAL TRANSACTION: size = 1 | TRANSFER = 1 | RW = 0 | WPADDR = 161 | WDATA = 29 | RDATA = 0 | RPADDR = 14c
# ----------------------------------------------OUTPUT MONITOR-------------------------------------------------------
# --------------------------------------------
# Name                 Type        Size  Value
# --------------------------------------------
# op_mon_h             ApbSeqItem  -     @734 
#   apb_write_paddr    integral    9     'h161
#   apb_read_paddr     integral    9     'h14c
#   apb_write_data     integral    8     'h29 
#   transfer           integral    1     'h1  
#   READ_WRITE         integral    1     'h0  
#   apb_read_data_out  integral    8     'h0  
# --------------------------------------------
# ----------------------------------------------OUTPUT MONITOR-------------------------------------------------------
# FOR COMPARING : WRITE DATA =29 READ DATA OUT =xx
# -------------------------------------------------------------------WRITE--PASS---------------------------------------------------------------------
# UVM_INFO ApbScoreboard.sv(84) @ 765: uvm_test_top.env_h.scb_h [COMPARE] WRITE PASS | EXPECTED WDATA = 29  ACTUAL WDATA =29 |EXPECTED  WRITE ADDR = 161 ACTUAL WRITE ADDR =161
# WRITE_ADDRESS_VALIDITY: ASSERTION PASS
# TRANSFER_VALIDITY: ASSERTION PASS
# ---------------------------------DRIVER-------------------
# ------------------------------------------------------------------------------------------------
# Name                           Type        Size  Value                                          
# ------------------------------------------------------------------------------------------------
# txn                            ApbSeqItem  -     @932                                           
#   apb_write_paddr              integral    9     'hd9                                           
#   apb_read_paddr               integral    9     'h161                                          
#   apb_write_data               integral    8     'hda                                           
#   transfer                     integral    1     'h1                                            
#   READ_WRITE                   integral    1     'h1                                            
#   apb_read_data_out            integral    8     'h0                                            
#   begin_time                   time        64    765                                            
#   end_time                     time        64    765                                            
#   depth                        int         32    'd2                                            
#   parent sequence (name)       string      15    writereadseq2_h                                
#   parent sequence (full name)  string      47    uvm_test_top.env_h.act_h.seqr_h.writereadseq2_h
#   sequencer                    string      31    uvm_test_top.env_h.act_h.seqr_h                
# ------------------------------------------------------------------------------------------------
# --------------------------------------DRIVER----------------------------------
# UVM_INFO ApbScoreboard.sv(39) @ 775: uvm_test_top.env_h.scb_h [SB] EXPECTED TRANSACTION: size = 39 | TRANSFER = 1 | RW = 1 | WDATA = 29 | WPADDR = 161 | RPADDR = 161
# ----------------------------------------------INPUT MONITOR-------------------------------------------------------
# --------------------------------------------
# Name                 Type        Size  Value
# --------------------------------------------
# ip_mon_h             ApbSeqItem  -     @709 
#   apb_write_paddr    integral    9     'h161
#   apb_read_paddr     integral    9     'h161
#   apb_write_data     integral    8     'h29 
#   transfer           integral    1     'h1  
#   READ_WRITE         integral    1     'h1  
#   apb_read_data_out  integral    8     'h0  
# --------------------------------------------
# WRITE ADDRESS = 101100001  READ ADDRESS =101100001 || WRITE DATA =29
# THE RESET IS 1
# ----------------------------------------------INPUT MONITOR-------------------------------------------------------
# READ_ADDRESS_VALIDITY: ASSERTION PASS
# TRANSFER_VALIDITY: ASSERTION PASS
# ---------------------------------DRIVER-------------------
# ------------------------------------------------------------------------------------------------
# Name                           Type        Size  Value                                          
# ------------------------------------------------------------------------------------------------
# txn                            ApbSeqItem  -     @936                                           
#   apb_write_paddr              integral    9     'h144                                          
#   apb_read_paddr               integral    9     'h3d                                           
#   apb_write_data               integral    8     'h98                                           
#   transfer                     integral    1     'h1                                            
#   READ_WRITE                   integral    1     'h0                                            
#   apb_read_data_out            integral    8     'h0                                            
#   begin_time                   time        64    775                                            
#   depth                        int         32    'd2                                            
#   parent sequence (name)       string      15    writereadseq2_h                                
#   parent sequence (full name)  string      47    uvm_test_top.env_h.act_h.seqr_h.writereadseq2_h
#   sequencer                    string      31    uvm_test_top.env_h.act_h.seqr_h                
# ------------------------------------------------------------------------------------------------
# --------------------------------------DRIVER----------------------------------
# UVM_INFO ApbScoreboard.sv(39) @ 785: uvm_test_top.env_h.scb_h [SB] EXPECTED TRANSACTION: size = 40 | TRANSFER = 1 | RW = 1 | WDATA = 29 | WPADDR = 161 | RPADDR = 161
# ----------------------------------------------INPUT MONITOR-------------------------------------------------------
# --------------------------------------------
# Name                 Type        Size  Value
# --------------------------------------------
# ip_mon_h             ApbSeqItem  -     @709 
#   apb_write_paddr    integral    9     'h161
#   apb_read_paddr     integral    9     'h161
#   apb_write_data     integral    8     'h29 
#   transfer           integral    1     'h1  
#   READ_WRITE         integral    1     'h1  
#   apb_read_data_out  integral    8     'h0  
# --------------------------------------------
# WRITE ADDRESS = 101100001  READ ADDRESS =101100001 || WRITE DATA =29
# THE RESET IS 1
# ----------------------------------------------INPUT MONITOR-------------------------------------------------------
# UVM_INFO ApbScoreboard.sv(46) @ 785: uvm_test_top.env_h.scb_h [SB] ACTUAL TRANSACTION: size = 1 | TRANSFER = 1 | RW = 1 | WPADDR = 161 | WDATA = 29 | RDATA = 0 | RPADDR = 161
# ----------------------------------------------OUTPUT MONITOR-------------------------------------------------------
# --------------------------------------------
# Name                 Type        Size  Value
# --------------------------------------------
# op_mon_h             ApbSeqItem  -     @734 
#   apb_write_paddr    integral    9     'h161
#   apb_read_paddr     integral    9     'h161
#   apb_write_data     integral    8     'h29 
#   transfer           integral    1     'h1  
#   READ_WRITE         integral    1     'h1  
#   apb_read_data_out  integral    8     'h0  
# --------------------------------------------
# ----------------------------------------------OUTPUT MONITOR-------------------------------------------------------
# FOR COMPARING : WRITE DATA =29 READ DATA OUT =xx
# -------------------------------------------------------------------------READ PASS---------------------------------------------------------------------
# UVM_INFO ApbScoreboard.sv(103) @ 785: uvm_test_top.env_h.scb_h [COMPARE] READ PASS | EXPECTED RDATA = 0  ACTUAL RDATA =0 |EXPECTED  READ ADDR = 161 ACTUAL READ ADDR =161
# READ_ADDRESS_VALIDITY: ASSERTION PASS
# TRANSFER_VALIDITY: ASSERTION PASS
# ---------------------------------DRIVER-------------------
# ------------------------------------------------------------------------------------------------
# Name                           Type        Size  Value                                          
# ------------------------------------------------------------------------------------------------
# txn                            ApbSeqItem  -     @936                                           
#   apb_write_paddr              integral    9     'h144                                          
#   apb_read_paddr               integral    9     'h3d                                           
#   apb_write_data               integral    8     'h98                                           
#   transfer                     integral    1     'h1                                            
#   READ_WRITE                   integral    1     'h0                                            
#   apb_read_data_out            integral    8     'h0                                            
#   begin_time                   time        64    785                                            
#   end_time                     time        64    785                                            
#   depth                        int         32    'd2                                            
#   parent sequence (name)       string      15    writereadseq2_h                                
#   parent sequence (full name)  string      47    uvm_test_top.env_h.act_h.seqr_h.writereadseq2_h
#   sequencer                    string      31    uvm_test_top.env_h.act_h.seqr_h                
# ------------------------------------------------------------------------------------------------
# --------------------------------------DRIVER----------------------------------
# UVM_INFO ApbScoreboard.sv(39) @ 795: uvm_test_top.env_h.scb_h [SB] EXPECTED TRANSACTION: size = 40 | TRANSFER = 1 | RW = 0 | WDATA = 98 | WPADDR = 144 | RPADDR = 161
# ----------------------------------------------INPUT MONITOR-------------------------------------------------------
# --------------------------------------------
# Name                 Type        Size  Value
# --------------------------------------------
# ip_mon_h             ApbSeqItem  -     @709 
#   apb_write_paddr    integral    9     'h144
#   apb_read_paddr     integral    9     'h161
#   apb_write_data     integral    8     'h98 
#   transfer           integral    1     'h1  
#   READ_WRITE         integral    1     'h0  
#   apb_read_data_out  integral    8     'h0  
# --------------------------------------------
# WRITE ADDRESS = 101000100  READ ADDRESS =101100001 || WRITE DATA =98
# THE RESET IS 1
# ----------------------------------------------INPUT MONITOR-------------------------------------------------------
# WRITE_ADDRESS_VALIDITY: ASSERTION PASS
# TRANSFER_VALIDITY: ASSERTION PASS
# ---------------------------------DRIVER-------------------
# ------------------------------------------------------------------------------------------------
# Name                           Type        Size  Value                                          
# ------------------------------------------------------------------------------------------------
# txn                            ApbSeqItem  -     @940                                           
#   apb_write_paddr              integral    9     'h1ac                                          
#   apb_read_paddr               integral    9     'h144                                          
#   apb_write_data               integral    8     'h75                                           
#   transfer                     integral    1     'h1                                            
#   READ_WRITE                   integral    1     'h1                                            
#   apb_read_data_out            integral    8     'h0                                            
#   begin_time                   time        64    795                                            
#   depth                        int         32    'd2                                            
#   parent sequence (name)       string      15    writereadseq2_h                                
#   parent sequence (full name)  string      47    uvm_test_top.env_h.act_h.seqr_h.writereadseq2_h
#   sequencer                    string      31    uvm_test_top.env_h.act_h.seqr_h                
# ------------------------------------------------------------------------------------------------
# --------------------------------------DRIVER----------------------------------
# UVM_INFO ApbScoreboard.sv(39) @ 805: uvm_test_top.env_h.scb_h [SB] EXPECTED TRANSACTION: size = 41 | TRANSFER = 1 | RW = 0 | WDATA = 98 | WPADDR = 144 | RPADDR = 161
# ----------------------------------------------INPUT MONITOR-------------------------------------------------------
# --------------------------------------------
# Name                 Type        Size  Value
# --------------------------------------------
# ip_mon_h             ApbSeqItem  -     @709 
#   apb_write_paddr    integral    9     'h144
#   apb_read_paddr     integral    9     'h161
#   apb_write_data     integral    8     'h98 
#   transfer           integral    1     'h1  
#   READ_WRITE         integral    1     'h0  
#   apb_read_data_out  integral    8     'h0  
# --------------------------------------------
# WRITE ADDRESS = 101000100  READ ADDRESS =101100001 || WRITE DATA =98
# THE RESET IS 1
# ----------------------------------------------INPUT MONITOR-------------------------------------------------------
# UVM_INFO ApbScoreboard.sv(46) @ 805: uvm_test_top.env_h.scb_h [SB] ACTUAL TRANSACTION: size = 1 | TRANSFER = 1 | RW = 0 | WPADDR = 144 | WDATA = 98 | RDATA = 0 | RPADDR = 161
# ----------------------------------------------OUTPUT MONITOR-------------------------------------------------------
# --------------------------------------------
# Name                 Type        Size  Value
# --------------------------------------------
# op_mon_h             ApbSeqItem  -     @734 
#   apb_write_paddr    integral    9     'h144
#   apb_read_paddr     integral    9     'h161
#   apb_write_data     integral    8     'h98 
#   transfer           integral    1     'h1  
#   READ_WRITE         integral    1     'h0  
#   apb_read_data_out  integral    8     'h0  
# --------------------------------------------
# ----------------------------------------------OUTPUT MONITOR-------------------------------------------------------
# FOR COMPARING : WRITE DATA =98 READ DATA OUT =xx
# -------------------------------------------------------------------WRITE--PASS---------------------------------------------------------------------
# UVM_INFO ApbScoreboard.sv(84) @ 805: uvm_test_top.env_h.scb_h [COMPARE] WRITE PASS | EXPECTED WDATA = 98  ACTUAL WDATA =98 |EXPECTED  WRITE ADDR = 144 ACTUAL WRITE ADDR =144
# WRITE_ADDRESS_VALIDITY: ASSERTION PASS
# TRANSFER_VALIDITY: ASSERTION PASS
# ---------------------------------DRIVER-------------------
# ------------------------------------------------------------------------------------------------
# Name                           Type        Size  Value                                          
# ------------------------------------------------------------------------------------------------
# txn                            ApbSeqItem  -     @940                                           
#   apb_write_paddr              integral    9     'h1ac                                          
#   apb_read_paddr               integral    9     'h144                                          
#   apb_write_data               integral    8     'h75                                           
#   transfer                     integral    1     'h1                                            
#   READ_WRITE                   integral    1     'h1                                            
#   apb_read_data_out            integral    8     'h0                                            
#   begin_time                   time        64    805                                            
#   end_time                     time        64    805                                            
#   depth                        int         32    'd2                                            
#   parent sequence (name)       string      15    writereadseq2_h                                
#   parent sequence (full name)  string      47    uvm_test_top.env_h.act_h.seqr_h.writereadseq2_h
#   sequencer                    string      31    uvm_test_top.env_h.act_h.seqr_h                
# ------------------------------------------------------------------------------------------------
# --------------------------------------DRIVER----------------------------------
# UVM_INFO ApbScoreboard.sv(39) @ 815: uvm_test_top.env_h.scb_h [SB] EXPECTED TRANSACTION: size = 41 | TRANSFER = 1 | RW = 1 | WDATA = 98 | WPADDR = 144 | RPADDR = 144
# ----------------------------------------------INPUT MONITOR-------------------------------------------------------
# --------------------------------------------
# Name                 Type        Size  Value
# --------------------------------------------
# ip_mon_h             ApbSeqItem  -     @709 
#   apb_write_paddr    integral    9     'h144
#   apb_read_paddr     integral    9     'h144
#   apb_write_data     integral    8     'h98 
#   transfer           integral    1     'h1  
#   READ_WRITE         integral    1     'h1  
#   apb_read_data_out  integral    8     'h0  
# --------------------------------------------
# WRITE ADDRESS = 101000100  READ ADDRESS =101000100 || WRITE DATA =98
# THE RESET IS 1
# ----------------------------------------------INPUT MONITOR-------------------------------------------------------
# READ_ADDRESS_VALIDITY: ASSERTION PASS
# TRANSFER_VALIDITY: ASSERTION PASS
# ---------------------------------DRIVER-------------------
# ---------------------------------------------------------------------------------------------------
# Name                           Type        Size  Value                                             
# ---------------------------------------------------------------------------------------------------
# txn                            ApbSeqItem  -     @944                                              
#   apb_write_paddr              integral    9     'h8                                               
#   apb_read_paddr               integral    9     'hdf                                              
#   apb_write_data               integral    8     'h94                                              
#   transfer                     integral    1     'h1                                               
#   READ_WRITE                   integral    1     'h0                                               
#   apb_read_data_out            integral    8     'h0                                               
#   begin_time                   time        64    815                                               
#   depth                        int         32    'd2                                               
#   parent sequence (name)       string      18    continuouswrseq1_h                                
#   parent sequence (full name)  string      50    uvm_test_top.env_h.act_h.seqr_h.continuouswrseq1_h
#   sequencer                    string      31    uvm_test_top.env_h.act_h.seqr_h                   
# ---------------------------------------------------------------------------------------------------
# --------------------------------------DRIVER----------------------------------
# UVM_INFO ApbScoreboard.sv(39) @ 825: uvm_test_top.env_h.scb_h [SB] EXPECTED TRANSACTION: size = 42 | TRANSFER = 1 | RW = 1 | WDATA = 98 | WPADDR = 144 | RPADDR = 144
# ----------------------------------------------INPUT MONITOR-------------------------------------------------------
# --------------------------------------------
# Name                 Type        Size  Value
# --------------------------------------------
# ip_mon_h             ApbSeqItem  -     @709 
#   apb_write_paddr    integral    9     'h144
#   apb_read_paddr     integral    9     'h144
#   apb_write_data     integral    8     'h98 
#   transfer           integral    1     'h1  
#   READ_WRITE         integral    1     'h1  
#   apb_read_data_out  integral    8     'h0  
# --------------------------------------------
# WRITE ADDRESS = 101000100  READ ADDRESS =101000100 || WRITE DATA =98
# THE RESET IS 1
# ----------------------------------------------INPUT MONITOR-------------------------------------------------------
# UVM_INFO ApbScoreboard.sv(46) @ 825: uvm_test_top.env_h.scb_h [SB] ACTUAL TRANSACTION: size = 1 | TRANSFER = 1 | RW = 1 | WPADDR = 144 | WDATA = 98 | RDATA = 0 | RPADDR = 144
# ----------------------------------------------OUTPUT MONITOR-------------------------------------------------------
# --------------------------------------------
# Name                 Type        Size  Value
# --------------------------------------------
# op_mon_h             ApbSeqItem  -     @734 
#   apb_write_paddr    integral    9     'h144
#   apb_read_paddr     integral    9     'h144
#   apb_write_data     integral    8     'h98 
#   transfer           integral    1     'h1  
#   READ_WRITE         integral    1     'h1  
#   apb_read_data_out  integral    8     'h0  
# --------------------------------------------
# ----------------------------------------------OUTPUT MONITOR-------------------------------------------------------
# FOR COMPARING : WRITE DATA =98 READ DATA OUT =xx
# -------------------------------------------------------------------------READ PASS---------------------------------------------------------------------
# UVM_INFO ApbScoreboard.sv(103) @ 825: uvm_test_top.env_h.scb_h [COMPARE] READ PASS | EXPECTED RDATA = 0  ACTUAL RDATA =0 |EXPECTED  READ ADDR = 144 ACTUAL READ ADDR =144
# READ_ADDRESS_VALIDITY: ASSERTION PASS
# TRANSFER_VALIDITY: ASSERTION PASS
# ---------------------------------DRIVER-------------------
# ---------------------------------------------------------------------------------------------------
# Name                           Type        Size  Value                                             
# ---------------------------------------------------------------------------------------------------
# txn                            ApbSeqItem  -     @944                                              
#   apb_write_paddr              integral    9     'h8                                               
#   apb_read_paddr               integral    9     'hdf                                              
#   apb_write_data               integral    8     'h94                                              
#   transfer                     integral    1     'h1                                               
#   READ_WRITE                   integral    1     'h0                                               
#   apb_read_data_out            integral    8     'h0                                               
#   begin_time                   time        64    825                                               
#   end_time                     time        64    825                                               
#   depth                        int         32    'd2                                               
#   parent sequence (name)       string      18    continuouswrseq1_h                                
#   parent sequence (full name)  string      50    uvm_test_top.env_h.act_h.seqr_h.continuouswrseq1_h
#   sequencer                    string      31    uvm_test_top.env_h.act_h.seqr_h                   
# ---------------------------------------------------------------------------------------------------
# --------------------------------------DRIVER----------------------------------
# UVM_INFO ApbScoreboard.sv(39) @ 835: uvm_test_top.env_h.scb_h [SB] EXPECTED TRANSACTION: size = 42 | TRANSFER = 1 | RW = 0 | WDATA = 94 | WPADDR = 8 | RPADDR = 144
# ----------------------------------------------INPUT MONITOR-------------------------------------------------------
# --------------------------------------------
# Name                 Type        Size  Value
# --------------------------------------------
# ip_mon_h             ApbSeqItem  -     @709 
#   apb_write_paddr    integral    9     'h8  
#   apb_read_paddr     integral    9     'h144
#   apb_write_data     integral    8     'h94 
#   transfer           integral    1     'h1  
#   READ_WRITE         integral    1     'h0  
#   apb_read_data_out  integral    8     'h0  
# --------------------------------------------
# WRITE ADDRESS = 000001000  READ ADDRESS =101000100 || WRITE DATA =94
# THE RESET IS 1
# ----------------------------------------------INPUT MONITOR-------------------------------------------------------
# WRITE_ADDRESS_VALIDITY: ASSERTION PASS
# TRANSFER_VALIDITY: ASSERTION PASS
# ---------------------------------DRIVER-------------------
# ---------------------------------------------------------------------------------------------------
# Name                           Type        Size  Value                                             
# ---------------------------------------------------------------------------------------------------
# txn                            ApbSeqItem  -     @948                                              
#   apb_write_paddr              integral    9     'h6                                               
#   apb_read_paddr               integral    9     'hac                                              
#   apb_write_data               integral    8     'h9                                               
#   transfer                     integral    1     'h1                                               
#   READ_WRITE                   integral    1     'h0                                               
#   apb_read_data_out            integral    8     'h0                                               
#   begin_time                   time        64    835                                               
#   depth                        int         32    'd2                                               
#   parent sequence (name)       string      18    continuouswrseq1_h                                
#   parent sequence (full name)  string      50    uvm_test_top.env_h.act_h.seqr_h.continuouswrseq1_h
#   sequencer                    string      31    uvm_test_top.env_h.act_h.seqr_h                   
# ---------------------------------------------------------------------------------------------------
# --------------------------------------DRIVER----------------------------------
# UVM_INFO ApbScoreboard.sv(39) @ 845: uvm_test_top.env_h.scb_h [SB] EXPECTED TRANSACTION: size = 43 | TRANSFER = 1 | RW = 0 | WDATA = 94 | WPADDR = 8 | RPADDR = 144
# ----------------------------------------------INPUT MONITOR-------------------------------------------------------
# --------------------------------------------
# Name                 Type        Size  Value
# --------------------------------------------
# ip_mon_h             ApbSeqItem  -     @709 
#   apb_write_paddr    integral    9     'h8  
#   apb_read_paddr     integral    9     'h144
#   apb_write_data     integral    8     'h94 
#   transfer           integral    1     'h1  
#   READ_WRITE         integral    1     'h0  
#   apb_read_data_out  integral    8     'h0  
# --------------------------------------------
# WRITE ADDRESS = 000001000  READ ADDRESS =101000100 || WRITE DATA =94
# THE RESET IS 1
# ----------------------------------------------INPUT MONITOR-------------------------------------------------------
# UVM_INFO ApbScoreboard.sv(46) @ 845: uvm_test_top.env_h.scb_h [SB] ACTUAL TRANSACTION: size = 1 | TRANSFER = 1 | RW = 0 | WPADDR = 8 | WDATA = 94 | RDATA = 0 | RPADDR = 144
# ----------------------------------------------OUTPUT MONITOR-------------------------------------------------------
# --------------------------------------------
# Name                 Type        Size  Value
# --------------------------------------------
# op_mon_h             ApbSeqItem  -     @734 
#   apb_write_paddr    integral    9     'h8  
#   apb_read_paddr     integral    9     'h144
#   apb_write_data     integral    8     'h94 
#   transfer           integral    1     'h1  
#   READ_WRITE         integral    1     'h0  
#   apb_read_data_out  integral    8     'h0  
# --------------------------------------------
# ----------------------------------------------OUTPUT MONITOR-------------------------------------------------------
# FOR COMPARING : WRITE DATA =94 READ DATA OUT =xx
# -------------------------------------------------------------------WRITE--PASS---------------------------------------------------------------------
# UVM_INFO ApbScoreboard.sv(84) @ 845: uvm_test_top.env_h.scb_h [COMPARE] WRITE PASS | EXPECTED WDATA = 94  ACTUAL WDATA =94 |EXPECTED  WRITE ADDR = 8 ACTUAL WRITE ADDR =8
# WRITE_ADDRESS_VALIDITY: ASSERTION PASS
# TRANSFER_VALIDITY: ASSERTION PASS
# ---------------------------------DRIVER-------------------
# ---------------------------------------------------------------------------------------------------
# Name                           Type        Size  Value                                             
# ---------------------------------------------------------------------------------------------------
# txn                            ApbSeqItem  -     @948                                              
#   apb_write_paddr              integral    9     'h6                                               
#   apb_read_paddr               integral    9     'hac                                              
#   apb_write_data               integral    8     'h9                                               
#   transfer                     integral    1     'h1                                               
#   READ_WRITE                   integral    1     'h0                                               
#   apb_read_data_out            integral    8     'h0                                               
#   begin_time                   time        64    845                                               
#   end_time                     time        64    845                                               
#   depth                        int         32    'd2                                               
#   parent sequence (name)       string      18    continuouswrseq1_h                                
#   parent sequence (full name)  string      50    uvm_test_top.env_h.act_h.seqr_h.continuouswrseq1_h
#   sequencer                    string      31    uvm_test_top.env_h.act_h.seqr_h                   
# ---------------------------------------------------------------------------------------------------
# --------------------------------------DRIVER----------------------------------
# UVM_INFO ApbScoreboard.sv(39) @ 855: uvm_test_top.env_h.scb_h [SB] EXPECTED TRANSACTION: size = 43 | TRANSFER = 1 | RW = 0 | WDATA = 9 | WPADDR = 6 | RPADDR = 144
# ----------------------------------------------INPUT MONITOR-------------------------------------------------------
# --------------------------------------------
# Name                 Type        Size  Value
# --------------------------------------------
# ip_mon_h             ApbSeqItem  -     @709 
#   apb_write_paddr    integral    9     'h6  
#   apb_read_paddr     integral    9     'h144
#   apb_write_data     integral    8     'h9  
#   transfer           integral    1     'h1  
#   READ_WRITE         integral    1     'h0  
#   apb_read_data_out  integral    8     'h0  
# --------------------------------------------
# WRITE ADDRESS = 000000110  READ ADDRESS =101000100 || WRITE DATA =9
# THE RESET IS 1
# ----------------------------------------------INPUT MONITOR-------------------------------------------------------
# WRITE_ADDRESS_VALIDITY: ASSERTION PASS
# TRANSFER_VALIDITY: ASSERTION PASS
# ---------------------------------DRIVER-------------------
# ---------------------------------------------------------------------------------------------------
# Name                           Type        Size  Value                                             
# ---------------------------------------------------------------------------------------------------
# txn                            ApbSeqItem  -     @952                                              
#   apb_write_paddr              integral    9     'h2                                               
#   apb_read_paddr               integral    9     'h86                                              
#   apb_write_data               integral    8     'he4                                              
#   transfer                     integral    1     'h1                                               
#   READ_WRITE                   integral    1     'h0                                               
#   apb_read_data_out            integral    8     'h0                                               
#   begin_time                   time        64    855                                               
#   depth                        int         32    'd2                                               
#   parent sequence (name)       string      18    continuouswrseq1_h                                
#   parent sequence (full name)  string      50    uvm_test_top.env_h.act_h.seqr_h.continuouswrseq1_h
#   sequencer                    string      31    uvm_test_top.env_h.act_h.seqr_h                   
# ---------------------------------------------------------------------------------------------------
# --------------------------------------DRIVER----------------------------------
# UVM_INFO ApbScoreboard.sv(39) @ 865: uvm_test_top.env_h.scb_h [SB] EXPECTED TRANSACTION: size = 44 | TRANSFER = 1 | RW = 0 | WDATA = 9 | WPADDR = 6 | RPADDR = 144
# ----------------------------------------------INPUT MONITOR-------------------------------------------------------
# --------------------------------------------
# Name                 Type        Size  Value
# --------------------------------------------
# ip_mon_h             ApbSeqItem  -     @709 
#   apb_write_paddr    integral    9     'h6  
#   apb_read_paddr     integral    9     'h144
#   apb_write_data     integral    8     'h9  
#   transfer           integral    1     'h1  
#   READ_WRITE         integral    1     'h0  
#   apb_read_data_out  integral    8     'h0  
# --------------------------------------------
# WRITE ADDRESS = 000000110  READ ADDRESS =101000100 || WRITE DATA =9
# THE RESET IS 1
# ----------------------------------------------INPUT MONITOR-------------------------------------------------------
# UVM_INFO ApbScoreboard.sv(46) @ 865: uvm_test_top.env_h.scb_h [SB] ACTUAL TRANSACTION: size = 1 | TRANSFER = 1 | RW = 0 | WPADDR = 6 | WDATA = 9 | RDATA = 0 | RPADDR = 144
# ----------------------------------------------OUTPUT MONITOR-------------------------------------------------------
# --------------------------------------------
# Name                 Type        Size  Value
# --------------------------------------------
# op_mon_h             ApbSeqItem  -     @734 
#   apb_write_paddr    integral    9     'h6  
#   apb_read_paddr     integral    9     'h144
#   apb_write_data     integral    8     'h9  
#   transfer           integral    1     'h1  
#   READ_WRITE         integral    1     'h0  
#   apb_read_data_out  integral    8     'h0  
# --------------------------------------------
# ----------------------------------------------OUTPUT MONITOR-------------------------------------------------------
# FOR COMPARING : WRITE DATA =09 READ DATA OUT =xx
# -------------------------------------------------------------------WRITE--PASS---------------------------------------------------------------------
# UVM_INFO ApbScoreboard.sv(84) @ 865: uvm_test_top.env_h.scb_h [COMPARE] WRITE PASS | EXPECTED WDATA = 9  ACTUAL WDATA =9 |EXPECTED  WRITE ADDR = 6 ACTUAL WRITE ADDR =6
# WRITE_ADDRESS_VALIDITY: ASSERTION PASS
# TRANSFER_VALIDITY: ASSERTION PASS
# ---------------------------------DRIVER-------------------
# ---------------------------------------------------------------------------------------------------
# Name                           Type        Size  Value                                             
# ---------------------------------------------------------------------------------------------------
# txn                            ApbSeqItem  -     @952                                              
#   apb_write_paddr              integral    9     'h2                                               
#   apb_read_paddr               integral    9     'h86                                              
#   apb_write_data               integral    8     'he4                                              
#   transfer                     integral    1     'h1                                               
#   READ_WRITE                   integral    1     'h0                                               
#   apb_read_data_out            integral    8     'h0                                               
#   begin_time                   time        64    865                                               
#   end_time                     time        64    865                                               
#   depth                        int         32    'd2                                               
#   parent sequence (name)       string      18    continuouswrseq1_h                                
#   parent sequence (full name)  string      50    uvm_test_top.env_h.act_h.seqr_h.continuouswrseq1_h
#   sequencer                    string      31    uvm_test_top.env_h.act_h.seqr_h                   
# ---------------------------------------------------------------------------------------------------
# --------------------------------------DRIVER----------------------------------
# UVM_INFO ApbScoreboard.sv(39) @ 875: uvm_test_top.env_h.scb_h [SB] EXPECTED TRANSACTION: size = 44 | TRANSFER = 1 | RW = 0 | WDATA = e4 | WPADDR = 2 | RPADDR = 144
# ----------------------------------------------INPUT MONITOR-------------------------------------------------------
# --------------------------------------------
# Name                 Type        Size  Value
# --------------------------------------------
# ip_mon_h             ApbSeqItem  -     @709 
#   apb_write_paddr    integral    9     'h2  
#   apb_read_paddr     integral    9     'h144
#   apb_write_data     integral    8     'he4 
#   transfer           integral    1     'h1  
#   READ_WRITE         integral    1     'h0  
#   apb_read_data_out  integral    8     'h0  
# --------------------------------------------
# WRITE ADDRESS = 000000010  READ ADDRESS =101000100 || WRITE DATA =e4
# THE RESET IS 1
# ----------------------------------------------INPUT MONITOR-------------------------------------------------------
# WRITE_ADDRESS_VALIDITY: ASSERTION PASS
# TRANSFER_VALIDITY: ASSERTION PASS
# ---------------------------------DRIVER-------------------
# ---------------------------------------------------------------------------------------------------
# Name                           Type        Size  Value                                             
# ---------------------------------------------------------------------------------------------------
# txn                            ApbSeqItem  -     @956                                              
#   apb_write_paddr              integral    9     'h1b9                                             
#   apb_read_paddr               integral    9     'h2                                               
#   apb_write_data               integral    8     'h6e                                              
#   transfer                     integral    1     'h1                                               
#   READ_WRITE                   integral    1     'h1                                               
#   apb_read_data_out            integral    8     'h0                                               
#   begin_time                   time        64    875                                               
#   depth                        int         32    'd2                                               
#   parent sequence (name)       string      18    continuouswrseq1_h                                
#   parent sequence (full name)  string      50    uvm_test_top.env_h.act_h.seqr_h.continuouswrseq1_h
#   sequencer                    string      31    uvm_test_top.env_h.act_h.seqr_h                   
# ---------------------------------------------------------------------------------------------------
# --------------------------------------DRIVER----------------------------------
# UVM_INFO ApbScoreboard.sv(39) @ 885: uvm_test_top.env_h.scb_h [SB] EXPECTED TRANSACTION: size = 45 | TRANSFER = 1 | RW = 0 | WDATA = e4 | WPADDR = 2 | RPADDR = 144
# ----------------------------------------------INPUT MONITOR-------------------------------------------------------
# --------------------------------------------
# Name                 Type        Size  Value
# --------------------------------------------
# ip_mon_h             ApbSeqItem  -     @709 
#   apb_write_paddr    integral    9     'h2  
#   apb_read_paddr     integral    9     'h144
#   apb_write_data     integral    8     'he4 
#   transfer           integral    1     'h1  
#   READ_WRITE         integral    1     'h0  
#   apb_read_data_out  integral    8     'h0  
# --------------------------------------------
# WRITE ADDRESS = 000000010  READ ADDRESS =101000100 || WRITE DATA =e4
# THE RESET IS 1
# ----------------------------------------------INPUT MONITOR-------------------------------------------------------
# UVM_INFO ApbScoreboard.sv(46) @ 885: uvm_test_top.env_h.scb_h [SB] ACTUAL TRANSACTION: size = 1 | TRANSFER = 1 | RW = 0 | WPADDR = 2 | WDATA = e4 | RDATA = 0 | RPADDR = 144
# ----------------------------------------------OUTPUT MONITOR-------------------------------------------------------
# --------------------------------------------
# Name                 Type        Size  Value
# --------------------------------------------
# op_mon_h             ApbSeqItem  -     @734 
#   apb_write_paddr    integral    9     'h2  
#   apb_read_paddr     integral    9     'h144
#   apb_write_data     integral    8     'he4 
#   transfer           integral    1     'h1  
#   READ_WRITE         integral    1     'h0  
#   apb_read_data_out  integral    8     'h0  
# --------------------------------------------
# ----------------------------------------------OUTPUT MONITOR-------------------------------------------------------
# FOR COMPARING : WRITE DATA =e4 READ DATA OUT =xx
# -------------------------------------------------------------------WRITE--PASS---------------------------------------------------------------------
# UVM_INFO ApbScoreboard.sv(84) @ 885: uvm_test_top.env_h.scb_h [COMPARE] WRITE PASS | EXPECTED WDATA = e4  ACTUAL WDATA =e4 |EXPECTED  WRITE ADDR = 2 ACTUAL WRITE ADDR =2
# WRITE_ADDRESS_VALIDITY: ASSERTION PASS
# TRANSFER_VALIDITY: ASSERTION PASS
# ---------------------------------DRIVER-------------------
# ---------------------------------------------------------------------------------------------------
# Name                           Type        Size  Value                                             
# ---------------------------------------------------------------------------------------------------
# txn                            ApbSeqItem  -     @956                                              
#   apb_write_paddr              integral    9     'h1b9                                             
#   apb_read_paddr               integral    9     'h2                                               
#   apb_write_data               integral    8     'h6e                                              
#   transfer                     integral    1     'h1                                               
#   READ_WRITE                   integral    1     'h1                                               
#   apb_read_data_out            integral    8     'h0                                               
#   begin_time                   time        64    885                                               
#   end_time                     time        64    885                                               
#   depth                        int         32    'd2                                               
#   parent sequence (name)       string      18    continuouswrseq1_h                                
#   parent sequence (full name)  string      50    uvm_test_top.env_h.act_h.seqr_h.continuouswrseq1_h
#   sequencer                    string      31    uvm_test_top.env_h.act_h.seqr_h                   
# ---------------------------------------------------------------------------------------------------
# --------------------------------------DRIVER----------------------------------
# UVM_INFO ApbScoreboard.sv(39) @ 895: uvm_test_top.env_h.scb_h [SB] EXPECTED TRANSACTION: size = 45 | TRANSFER = 1 | RW = 1 | WDATA = e4 | WPADDR = 2 | RPADDR = 2
# ----------------------------------------------INPUT MONITOR-------------------------------------------------------
# --------------------------------------------
# Name                 Type        Size  Value
# --------------------------------------------
# ip_mon_h             ApbSeqItem  -     @709 
#   apb_write_paddr    integral    9     'h2  
#   apb_read_paddr     integral    9     'h2  
#   apb_write_data     integral    8     'he4 
#   transfer           integral    1     'h1  
#   READ_WRITE         integral    1     'h1  
#   apb_read_data_out  integral    8     'h0  
# --------------------------------------------
# WRITE ADDRESS = 000000010  READ ADDRESS =000000010 || WRITE DATA =e4
# THE RESET IS 1
# ----------------------------------------------INPUT MONITOR-------------------------------------------------------
# READ_ADDRESS_VALIDITY: ASSERTION PASS
# TRANSFER_VALIDITY: ASSERTION PASS
# ---------------------------------DRIVER-------------------
# ---------------------------------------------------------------------------------------------------
# Name                           Type        Size  Value                                             
# ---------------------------------------------------------------------------------------------------
# txn                            ApbSeqItem  -     @960                                              
#   apb_write_paddr              integral    9     'h9                                               
#   apb_read_paddr               integral    9     'h82                                              
#   apb_write_data               integral    8     'h1f                                              
#   transfer                     integral    1     'h1                                               
#   READ_WRITE                   integral    1     'h0                                               
#   apb_read_data_out            integral    8     'h0                                               
#   begin_time                   time        64    895                                               
#   depth                        int         32    'd2                                               
#   parent sequence (name)       string      18    continuouswrseq1_h                                
#   parent sequence (full name)  string      50    uvm_test_top.env_h.act_h.seqr_h.continuouswrseq1_h
#   sequencer                    string      31    uvm_test_top.env_h.act_h.seqr_h                   
# ---------------------------------------------------------------------------------------------------
# --------------------------------------DRIVER----------------------------------
# UVM_INFO ApbScoreboard.sv(39) @ 905: uvm_test_top.env_h.scb_h [SB] EXPECTED TRANSACTION: size = 46 | TRANSFER = 1 | RW = 1 | WDATA = e4 | WPADDR = 2 | RPADDR = 2
# ----------------------------------------------INPUT MONITOR-------------------------------------------------------
# --------------------------------------------
# Name                 Type        Size  Value
# --------------------------------------------
# ip_mon_h             ApbSeqItem  -     @709 
#   apb_write_paddr    integral    9     'h2  
#   apb_read_paddr     integral    9     'h2  
#   apb_write_data     integral    8     'he4 
#   transfer           integral    1     'h1  
#   READ_WRITE         integral    1     'h1  
#   apb_read_data_out  integral    8     'h0  
# --------------------------------------------
# WRITE ADDRESS = 000000010  READ ADDRESS =000000010 || WRITE DATA =e4
# THE RESET IS 1
# ----------------------------------------------INPUT MONITOR-------------------------------------------------------
# UVM_INFO ApbScoreboard.sv(46) @ 905: uvm_test_top.env_h.scb_h [SB] ACTUAL TRANSACTION: size = 1 | TRANSFER = 1 | RW = 1 | WPADDR = 2 | WDATA = e4 | RDATA = e4 | RPADDR = 2
# ----------------------------------------------OUTPUT MONITOR-------------------------------------------------------
# --------------------------------------------
# Name                 Type        Size  Value
# --------------------------------------------
# op_mon_h             ApbSeqItem  -     @734 
#   apb_write_paddr    integral    9     'h2  
#   apb_read_paddr     integral    9     'h2  
#   apb_write_data     integral    8     'he4 
#   transfer           integral    1     'h1  
#   READ_WRITE         integral    1     'h1  
#   apb_read_data_out  integral    8     'he4 
# --------------------------------------------
# ----------------------------------------------OUTPUT MONITOR-------------------------------------------------------
# FOR COMPARING : WRITE DATA =e4 READ DATA OUT =e4
# -------------------------------------------------------------------------READ PASS---------------------------------------------------------------------
# UVM_INFO ApbScoreboard.sv(103) @ 905: uvm_test_top.env_h.scb_h [COMPARE] READ PASS | EXPECTED RDATA = e4  ACTUAL RDATA =e4 |EXPECTED  READ ADDR = 2 ACTUAL READ ADDR =2
# READ_ADDRESS_VALIDITY: ASSERTION PASS
# TRANSFER_VALIDITY: ASSERTION PASS
# ---------------------------------DRIVER-------------------
# ---------------------------------------------------------------------------------------------------
# Name                           Type        Size  Value                                             
# ---------------------------------------------------------------------------------------------------
# txn                            ApbSeqItem  -     @960                                              
#   apb_write_paddr              integral    9     'h9                                               
#   apb_read_paddr               integral    9     'h82                                              
#   apb_write_data               integral    8     'h1f                                              
#   transfer                     integral    1     'h1                                               
#   READ_WRITE                   integral    1     'h0                                               
#   apb_read_data_out            integral    8     'h0                                               
#   begin_time                   time        64    905                                               
#   end_time                     time        64    905                                               
#   depth                        int         32    'd2                                               
#   parent sequence (name)       string      18    continuouswrseq1_h                                
#   parent sequence (full name)  string      50    uvm_test_top.env_h.act_h.seqr_h.continuouswrseq1_h
#   sequencer                    string      31    uvm_test_top.env_h.act_h.seqr_h                   
# ---------------------------------------------------------------------------------------------------
# --------------------------------------DRIVER----------------------------------
# UVM_INFO ApbScoreboard.sv(39) @ 915: uvm_test_top.env_h.scb_h [SB] EXPECTED TRANSACTION: size = 46 | TRANSFER = 1 | RW = 0 | WDATA = 1f | WPADDR = 9 | RPADDR = 2
# ----------------------------------------------INPUT MONITOR-------------------------------------------------------
# --------------------------------------------
# Name                 Type        Size  Value
# --------------------------------------------
# ip_mon_h             ApbSeqItem  -     @709 
#   apb_write_paddr    integral    9     'h9  
#   apb_read_paddr     integral    9     'h2  
#   apb_write_data     integral    8     'h1f 
#   transfer           integral    1     'h1  
#   READ_WRITE         integral    1     'h0  
#   apb_read_data_out  integral    8     'he4 
# --------------------------------------------
# WRITE ADDRESS = 000001001  READ ADDRESS =000000010 || WRITE DATA =1f
# THE RESET IS 1
# ----------------------------------------------INPUT MONITOR-------------------------------------------------------
# WRITE_ADDRESS_VALIDITY: ASSERTION PASS
# TRANSFER_VALIDITY: ASSERTION PASS
# ---------------------------------DRIVER-------------------
# ---------------------------------------------------------------------------------------------------
# Name                           Type        Size  Value                                             
# ---------------------------------------------------------------------------------------------------
# txn                            ApbSeqItem  -     @964                                              
#   apb_write_paddr              integral    9     'h0                                               
#   apb_read_paddr               integral    9     'h1d0                                             
#   apb_write_data               integral    8     'h66                                              
#   transfer                     integral    1     'h1                                               
#   READ_WRITE                   integral    1     'h0                                               
#   apb_read_data_out            integral    8     'h0                                               
#   begin_time                   time        64    915                                               
#   depth                        int         32    'd2                                               
#   parent sequence (name)       string      18    continuouswrseq1_h                                
#   parent sequence (full name)  string      50    uvm_test_top.env_h.act_h.seqr_h.continuouswrseq1_h
#   sequencer                    string      31    uvm_test_top.env_h.act_h.seqr_h                   
# ---------------------------------------------------------------------------------------------------
# --------------------------------------DRIVER----------------------------------
# UVM_INFO ApbScoreboard.sv(39) @ 925: uvm_test_top.env_h.scb_h [SB] EXPECTED TRANSACTION: size = 47 | TRANSFER = 1 | RW = 0 | WDATA = 1f | WPADDR = 9 | RPADDR = 2
# ----------------------------------------------INPUT MONITOR-------------------------------------------------------
# --------------------------------------------
# Name                 Type        Size  Value
# --------------------------------------------
# ip_mon_h             ApbSeqItem  -     @709 
#   apb_write_paddr    integral    9     'h9  
#   apb_read_paddr     integral    9     'h2  
#   apb_write_data     integral    8     'h1f 
#   transfer           integral    1     'h1  
#   READ_WRITE         integral    1     'h0  
#   apb_read_data_out  integral    8     'he4 
# --------------------------------------------
# WRITE ADDRESS = 000001001  READ ADDRESS =000000010 || WRITE DATA =1f
# THE RESET IS 1
# ----------------------------------------------INPUT MONITOR-------------------------------------------------------
# UVM_INFO ApbScoreboard.sv(46) @ 925: uvm_test_top.env_h.scb_h [SB] ACTUAL TRANSACTION: size = 1 | TRANSFER = 1 | RW = 0 | WPADDR = 9 | WDATA = 1f | RDATA = e4 | RPADDR = 2
# ----------------------------------------------OUTPUT MONITOR-------------------------------------------------------
# --------------------------------------------
# Name                 Type        Size  Value
# --------------------------------------------
# op_mon_h             ApbSeqItem  -     @734 
#   apb_write_paddr    integral    9     'h9  
#   apb_read_paddr     integral    9     'h2  
#   apb_write_data     integral    8     'h1f 
#   transfer           integral    1     'h1  
#   READ_WRITE         integral    1     'h0  
#   apb_read_data_out  integral    8     'he4 
# --------------------------------------------
# ----------------------------------------------OUTPUT MONITOR-------------------------------------------------------
# FOR COMPARING : WRITE DATA =1f READ DATA OUT =e4
# -------------------------------------------------------------------WRITE--PASS---------------------------------------------------------------------
# UVM_INFO ApbScoreboard.sv(84) @ 925: uvm_test_top.env_h.scb_h [COMPARE] WRITE PASS | EXPECTED WDATA = 1f  ACTUAL WDATA =1f |EXPECTED  WRITE ADDR = 9 ACTUAL WRITE ADDR =9
# WRITE_ADDRESS_VALIDITY: ASSERTION PASS
# TRANSFER_VALIDITY: ASSERTION PASS
# ---------------------------------DRIVER-------------------
# ---------------------------------------------------------------------------------------------------
# Name                           Type        Size  Value                                             
# ---------------------------------------------------------------------------------------------------
# txn                            ApbSeqItem  -     @964                                              
#   apb_write_paddr              integral    9     'h0                                               
#   apb_read_paddr               integral    9     'h1d0                                             
#   apb_write_data               integral    8     'h66                                              
#   transfer                     integral    1     'h1                                               
#   READ_WRITE                   integral    1     'h0                                               
#   apb_read_data_out            integral    8     'h0                                               
#   begin_time                   time        64    925                                               
#   end_time                     time        64    925                                               
#   depth                        int         32    'd2                                               
#   parent sequence (name)       string      18    continuouswrseq1_h                                
#   parent sequence (full name)  string      50    uvm_test_top.env_h.act_h.seqr_h.continuouswrseq1_h
#   sequencer                    string      31    uvm_test_top.env_h.act_h.seqr_h                   
# ---------------------------------------------------------------------------------------------------
# --------------------------------------DRIVER----------------------------------
# UVM_INFO ApbScoreboard.sv(39) @ 935: uvm_test_top.env_h.scb_h [SB] EXPECTED TRANSACTION: size = 47 | TRANSFER = 1 | RW = 0 | WDATA = 66 | WPADDR = 0 | RPADDR = 2
# ----------------------------------------------INPUT MONITOR-------------------------------------------------------
# --------------------------------------------
# Name                 Type        Size  Value
# --------------------------------------------
# ip_mon_h             ApbSeqItem  -     @709 
#   apb_write_paddr    integral    9     'h0  
#   apb_read_paddr     integral    9     'h2  
#   apb_write_data     integral    8     'h66 
#   transfer           integral    1     'h1  
#   READ_WRITE         integral    1     'h0  
#   apb_read_data_out  integral    8     'he4 
# --------------------------------------------
# WRITE ADDRESS = 000000000  READ ADDRESS =000000010 || WRITE DATA =66
# THE RESET IS 1
# ----------------------------------------------INPUT MONITOR-------------------------------------------------------
# WRITE_ADDRESS_VALIDITY: ASSERTION PASS
# TRANSFER_VALIDITY: ASSERTION PASS
# ---------------------------------DRIVER-------------------
# ---------------------------------------------------------------------------------------------------
# Name                           Type        Size  Value                                             
# ---------------------------------------------------------------------------------------------------
# txn                            ApbSeqItem  -     @968                                              
#   apb_write_paddr              integral    9     'h1                                               
#   apb_read_paddr               integral    9     'h1da                                             
#   apb_write_data               integral    8     'h55                                              
#   transfer                     integral    1     'h1                                               
#   READ_WRITE                   integral    1     'h0                                               
#   apb_read_data_out            integral    8     'h0                                               
#   begin_time                   time        64    935                                               
#   depth                        int         32    'd2                                               
#   parent sequence (name)       string      18    continuouswrseq1_h                                
#   parent sequence (full name)  string      50    uvm_test_top.env_h.act_h.seqr_h.continuouswrseq1_h
#   sequencer                    string      31    uvm_test_top.env_h.act_h.seqr_h                   
# ---------------------------------------------------------------------------------------------------
# --------------------------------------DRIVER----------------------------------
# UVM_INFO ApbScoreboard.sv(39) @ 945: uvm_test_top.env_h.scb_h [SB] EXPECTED TRANSACTION: size = 48 | TRANSFER = 1 | RW = 0 | WDATA = 66 | WPADDR = 0 | RPADDR = 2
# ----------------------------------------------INPUT MONITOR-------------------------------------------------------
# --------------------------------------------
# Name                 Type        Size  Value
# --------------------------------------------
# ip_mon_h             ApbSeqItem  -     @709 
#   apb_write_paddr    integral    9     'h0  
#   apb_read_paddr     integral    9     'h2  
#   apb_write_data     integral    8     'h66 
#   transfer           integral    1     'h1  
#   READ_WRITE         integral    1     'h0  
#   apb_read_data_out  integral    8     'he4 
# --------------------------------------------
# WRITE ADDRESS = 000000000  READ ADDRESS =000000010 || WRITE DATA =66
# THE RESET IS 1
# ----------------------------------------------INPUT MONITOR-------------------------------------------------------
# UVM_INFO ApbScoreboard.sv(46) @ 945: uvm_test_top.env_h.scb_h [SB] ACTUAL TRANSACTION: size = 1 | TRANSFER = 1 | RW = 0 | WPADDR = 0 | WDATA = 66 | RDATA = e4 | RPADDR = 2
# ----------------------------------------------OUTPUT MONITOR-------------------------------------------------------
# --------------------------------------------
# Name                 Type        Size  Value
# --------------------------------------------
# op_mon_h             ApbSeqItem  -     @734 
#   apb_write_paddr    integral    9     'h0  
#   apb_read_paddr     integral    9     'h2  
#   apb_write_data     integral    8     'h66 
#   transfer           integral    1     'h1  
#   READ_WRITE         integral    1     'h0  
#   apb_read_data_out  integral    8     'he4 
# --------------------------------------------
# ----------------------------------------------OUTPUT MONITOR-------------------------------------------------------
# FOR COMPARING : WRITE DATA =66 READ DATA OUT =e4
# -------------------------------------------------------------------WRITE--PASS---------------------------------------------------------------------
# UVM_INFO ApbScoreboard.sv(84) @ 945: uvm_test_top.env_h.scb_h [COMPARE] WRITE PASS | EXPECTED WDATA = 66  ACTUAL WDATA =66 |EXPECTED  WRITE ADDR = 0 ACTUAL WRITE ADDR =0
# WRITE_ADDRESS_VALIDITY: ASSERTION PASS
# TRANSFER_VALIDITY: ASSERTION PASS
# ---------------------------------DRIVER-------------------
# ---------------------------------------------------------------------------------------------------
# Name                           Type        Size  Value                                             
# ---------------------------------------------------------------------------------------------------
# txn                            ApbSeqItem  -     @968                                              
#   apb_write_paddr              integral    9     'h1                                               
#   apb_read_paddr               integral    9     'h1da                                             
#   apb_write_data               integral    8     'h55                                              
#   transfer                     integral    1     'h1                                               
#   READ_WRITE                   integral    1     'h0                                               
#   apb_read_data_out            integral    8     'h0                                               
#   begin_time                   time        64    945                                               
#   end_time                     time        64    945                                               
#   depth                        int         32    'd2                                               
#   parent sequence (name)       string      18    continuouswrseq1_h                                
#   parent sequence (full name)  string      50    uvm_test_top.env_h.act_h.seqr_h.continuouswrseq1_h
#   sequencer                    string      31    uvm_test_top.env_h.act_h.seqr_h                   
# ---------------------------------------------------------------------------------------------------
# --------------------------------------DRIVER----------------------------------
# UVM_INFO ApbScoreboard.sv(39) @ 955: uvm_test_top.env_h.scb_h [SB] EXPECTED TRANSACTION: size = 48 | TRANSFER = 1 | RW = 0 | WDATA = 55 | WPADDR = 1 | RPADDR = 2
# ----------------------------------------------INPUT MONITOR-------------------------------------------------------
# --------------------------------------------
# Name                 Type        Size  Value
# --------------------------------------------
# ip_mon_h             ApbSeqItem  -     @709 
#   apb_write_paddr    integral    9     'h1  
#   apb_read_paddr     integral    9     'h2  
#   apb_write_data     integral    8     'h55 
#   transfer           integral    1     'h1  
#   READ_WRITE         integral    1     'h0  
#   apb_read_data_out  integral    8     'he4 
# --------------------------------------------
# WRITE ADDRESS = 000000001  READ ADDRESS =000000010 || WRITE DATA =55
# THE RESET IS 1
# ----------------------------------------------INPUT MONITOR-------------------------------------------------------
# WRITE_ADDRESS_VALIDITY: ASSERTION PASS
# TRANSFER_VALIDITY: ASSERTION PASS
# ---------------------------------DRIVER-------------------
# ---------------------------------------------------------------------------------------------------
# Name                           Type        Size  Value                                             
# ---------------------------------------------------------------------------------------------------
# txn                            ApbSeqItem  -     @972                                              
#   apb_write_paddr              integral    9     'h1e0                                             
#   apb_read_paddr               integral    9     'h1                                               
#   apb_write_data               integral    8     'h1b                                              
#   transfer                     integral    1     'h1                                               
#   READ_WRITE                   integral    1     'h1                                               
#   apb_read_data_out            integral    8     'h0                                               
#   begin_time                   time        64    955                                               
#   depth                        int         32    'd2                                               
#   parent sequence (name)       string      18    continuouswrseq1_h                                
#   parent sequence (full name)  string      50    uvm_test_top.env_h.act_h.seqr_h.continuouswrseq1_h
#   sequencer                    string      31    uvm_test_top.env_h.act_h.seqr_h                   
# ---------------------------------------------------------------------------------------------------
# --------------------------------------DRIVER----------------------------------
# UVM_INFO ApbScoreboard.sv(39) @ 965: uvm_test_top.env_h.scb_h [SB] EXPECTED TRANSACTION: size = 49 | TRANSFER = 1 | RW = 0 | WDATA = 55 | WPADDR = 1 | RPADDR = 2
# ----------------------------------------------INPUT MONITOR-------------------------------------------------------
# --------------------------------------------
# Name                 Type        Size  Value
# --------------------------------------------
# ip_mon_h             ApbSeqItem  -     @709 
#   apb_write_paddr    integral    9     'h1  
#   apb_read_paddr     integral    9     'h2  
#   apb_write_data     integral    8     'h55 
#   transfer           integral    1     'h1  
#   READ_WRITE         integral    1     'h0  
#   apb_read_data_out  integral    8     'he4 
# --------------------------------------------
# WRITE ADDRESS = 000000001  READ ADDRESS =000000010 || WRITE DATA =55
# THE RESET IS 1
# ----------------------------------------------INPUT MONITOR-------------------------------------------------------
# UVM_INFO ApbScoreboard.sv(46) @ 965: uvm_test_top.env_h.scb_h [SB] ACTUAL TRANSACTION: size = 1 | TRANSFER = 1 | RW = 0 | WPADDR = 1 | WDATA = 55 | RDATA = e4 | RPADDR = 2
# ----------------------------------------------OUTPUT MONITOR-------------------------------------------------------
# --------------------------------------------
# Name                 Type        Size  Value
# --------------------------------------------
# op_mon_h             ApbSeqItem  -     @734 
#   apb_write_paddr    integral    9     'h1  
#   apb_read_paddr     integral    9     'h2  
#   apb_write_data     integral    8     'h55 
#   transfer           integral    1     'h1  
#   READ_WRITE         integral    1     'h0  
#   apb_read_data_out  integral    8     'he4 
# --------------------------------------------
# ----------------------------------------------OUTPUT MONITOR-------------------------------------------------------
# FOR COMPARING : WRITE DATA =55 READ DATA OUT =e4
# -------------------------------------------------------------------WRITE--PASS---------------------------------------------------------------------
# UVM_INFO ApbScoreboard.sv(84) @ 965: uvm_test_top.env_h.scb_h [COMPARE] WRITE PASS | EXPECTED WDATA = 55  ACTUAL WDATA =55 |EXPECTED  WRITE ADDR = 1 ACTUAL WRITE ADDR =1
# WRITE_ADDRESS_VALIDITY: ASSERTION PASS
# TRANSFER_VALIDITY: ASSERTION PASS
# ---------------------------------DRIVER-------------------
# ---------------------------------------------------------------------------------------------------
# Name                           Type        Size  Value                                             
# ---------------------------------------------------------------------------------------------------
# txn                            ApbSeqItem  -     @972                                              
#   apb_write_paddr              integral    9     'h1e0                                             
#   apb_read_paddr               integral    9     'h1                                               
#   apb_write_data               integral    8     'h1b                                              
#   transfer                     integral    1     'h1                                               
#   READ_WRITE                   integral    1     'h1                                               
#   apb_read_data_out            integral    8     'h0                                               
#   begin_time                   time        64    965                                               
#   end_time                     time        64    965                                               
#   depth                        int         32    'd2                                               
#   parent sequence (name)       string      18    continuouswrseq1_h                                
#   parent sequence (full name)  string      50    uvm_test_top.env_h.act_h.seqr_h.continuouswrseq1_h
#   sequencer                    string      31    uvm_test_top.env_h.act_h.seqr_h                   
# ---------------------------------------------------------------------------------------------------
# --------------------------------------DRIVER----------------------------------
# UVM_INFO ApbScoreboard.sv(39) @ 975: uvm_test_top.env_h.scb_h [SB] EXPECTED TRANSACTION: size = 49 | TRANSFER = 1 | RW = 1 | WDATA = 55 | WPADDR = 1 | RPADDR = 1
# ----------------------------------------------INPUT MONITOR-------------------------------------------------------
# --------------------------------------------
# Name                 Type        Size  Value
# --------------------------------------------
# ip_mon_h             ApbSeqItem  -     @709 
#   apb_write_paddr    integral    9     'h1  
#   apb_read_paddr     integral    9     'h1  
#   apb_write_data     integral    8     'h55 
#   transfer           integral    1     'h1  
#   READ_WRITE         integral    1     'h1  
#   apb_read_data_out  integral    8     'he4 
# --------------------------------------------
# WRITE ADDRESS = 000000001  READ ADDRESS =000000001 || WRITE DATA =55
# THE RESET IS 1
# ----------------------------------------------INPUT MONITOR-------------------------------------------------------
# READ_ADDRESS_VALIDITY: ASSERTION PASS
# TRANSFER_VALIDITY: ASSERTION PASS
# ---------------------------------DRIVER-------------------
# ---------------------------------------------------------------------------------------------------
# Name                           Type        Size  Value                                             
# ---------------------------------------------------------------------------------------------------
# txn                            ApbSeqItem  -     @976                                              
#   apb_write_paddr              integral    9     'ha                                               
#   apb_read_paddr               integral    9     'h12c                                             
#   apb_write_data               integral    8     'h9a                                              
#   transfer                     integral    1     'h1                                               
#   READ_WRITE                   integral    1     'h0                                               
#   apb_read_data_out            integral    8     'h0                                               
#   begin_time                   time        64    975                                               
#   depth                        int         32    'd2                                               
#   parent sequence (name)       string      18    continuouswrseq1_h                                
#   parent sequence (full name)  string      50    uvm_test_top.env_h.act_h.seqr_h.continuouswrseq1_h
#   sequencer                    string      31    uvm_test_top.env_h.act_h.seqr_h                   
# ---------------------------------------------------------------------------------------------------
# --------------------------------------DRIVER----------------------------------
# UVM_INFO ApbScoreboard.sv(39) @ 985: uvm_test_top.env_h.scb_h [SB] EXPECTED TRANSACTION: size = 50 | TRANSFER = 1 | RW = 1 | WDATA = 55 | WPADDR = 1 | RPADDR = 1
# ----------------------------------------------INPUT MONITOR-------------------------------------------------------
# --------------------------------------------
# Name                 Type        Size  Value
# --------------------------------------------
# ip_mon_h             ApbSeqItem  -     @709 
#   apb_write_paddr    integral    9     'h1  
#   apb_read_paddr     integral    9     'h1  
#   apb_write_data     integral    8     'h55 
#   transfer           integral    1     'h1  
#   READ_WRITE         integral    1     'h1  
#   apb_read_data_out  integral    8     'he4 
# --------------------------------------------
# WRITE ADDRESS = 000000001  READ ADDRESS =000000001 || WRITE DATA =55
# THE RESET IS 1
# ----------------------------------------------INPUT MONITOR-------------------------------------------------------
# UVM_INFO ApbScoreboard.sv(46) @ 985: uvm_test_top.env_h.scb_h [SB] ACTUAL TRANSACTION: size = 1 | TRANSFER = 1 | RW = 1 | WPADDR = 1 | WDATA = 55 | RDATA = 55 | RPADDR = 1
# ----------------------------------------------OUTPUT MONITOR-------------------------------------------------------
# --------------------------------------------
# Name                 Type        Size  Value
# --------------------------------------------
# op_mon_h             ApbSeqItem  -     @734 
#   apb_write_paddr    integral    9     'h1  
#   apb_read_paddr     integral    9     'h1  
#   apb_write_data     integral    8     'h55 
#   transfer           integral    1     'h1  
#   READ_WRITE         integral    1     'h1  
#   apb_read_data_out  integral    8     'h55 
# --------------------------------------------
# ----------------------------------------------OUTPUT MONITOR-------------------------------------------------------
# FOR COMPARING : WRITE DATA =55 READ DATA OUT =55
# -------------------------------------------------------------------------READ PASS---------------------------------------------------------------------
# UVM_INFO ApbScoreboard.sv(103) @ 985: uvm_test_top.env_h.scb_h [COMPARE] READ PASS | EXPECTED RDATA = 55  ACTUAL RDATA =55 |EXPECTED  READ ADDR = 1 ACTUAL READ ADDR =1
# READ_ADDRESS_VALIDITY: ASSERTION PASS
# TRANSFER_VALIDITY: ASSERTION PASS
# ---------------------------------DRIVER-------------------
# ---------------------------------------------------------------------------------------------------
# Name                           Type        Size  Value                                             
# ---------------------------------------------------------------------------------------------------
# txn                            ApbSeqItem  -     @976                                              
#   apb_write_paddr              integral    9     'ha                                               
#   apb_read_paddr               integral    9     'h12c                                             
#   apb_write_data               integral    8     'h9a                                              
#   transfer                     integral    1     'h1                                               
#   READ_WRITE                   integral    1     'h0                                               
#   apb_read_data_out            integral    8     'h0                                               
#   begin_time                   time        64    985                                               
#   end_time                     time        64    985                                               
#   depth                        int         32    'd2                                               
#   parent sequence (name)       string      18    continuouswrseq1_h                                
#   parent sequence (full name)  string      50    uvm_test_top.env_h.act_h.seqr_h.continuouswrseq1_h
#   sequencer                    string      31    uvm_test_top.env_h.act_h.seqr_h                   
# ---------------------------------------------------------------------------------------------------
# --------------------------------------DRIVER----------------------------------
# UVM_INFO ApbScoreboard.sv(39) @ 995: uvm_test_top.env_h.scb_h [SB] EXPECTED TRANSACTION: size = 50 | TRANSFER = 1 | RW = 0 | WDATA = 9a | WPADDR = a | RPADDR = 1
# ----------------------------------------------INPUT MONITOR-------------------------------------------------------
# --------------------------------------------
# Name                 Type        Size  Value
# --------------------------------------------
# ip_mon_h             ApbSeqItem  -     @709 
#   apb_write_paddr    integral    9     'ha  
#   apb_read_paddr     integral    9     'h1  
#   apb_write_data     integral    8     'h9a 
#   transfer           integral    1     'h1  
#   READ_WRITE         integral    1     'h0  
#   apb_read_data_out  integral    8     'h55 
# --------------------------------------------
# WRITE ADDRESS = 000001010  READ ADDRESS =000000001 || WRITE DATA =9a
# THE RESET IS 1
# ----------------------------------------------INPUT MONITOR-------------------------------------------------------
# WRITE_ADDRESS_VALIDITY: ASSERTION PASS
# TRANSFER_VALIDITY: ASSERTION PASS
# ---------------------------------DRIVER-------------------
# ---------------------------------------------------------------------------------------------------
# Name                           Type        Size  Value                                             
# ---------------------------------------------------------------------------------------------------
# txn                            ApbSeqItem  -     @980                                              
#   apb_write_paddr              integral    9     'h6                                               
#   apb_read_paddr               integral    9     'hd2                                              
#   apb_write_data               integral    8     'h13                                              
#   transfer                     integral    1     'h1                                               
#   READ_WRITE                   integral    1     'h0                                               
#   apb_read_data_out            integral    8     'h0                                               
#   begin_time                   time        64    995                                               
#   depth                        int         32    'd2                                               
#   parent sequence (name)       string      18    continuouswrseq1_h                                
#   parent sequence (full name)  string      50    uvm_test_top.env_h.act_h.seqr_h.continuouswrseq1_h
#   sequencer                    string      31    uvm_test_top.env_h.act_h.seqr_h                   
# ---------------------------------------------------------------------------------------------------
# --------------------------------------DRIVER----------------------------------
# UVM_INFO ApbScoreboard.sv(39) @ 1005: uvm_test_top.env_h.scb_h [SB] EXPECTED TRANSACTION: size = 51 | TRANSFER = 1 | RW = 0 | WDATA = 9a | WPADDR = a | RPADDR = 1
# ----------------------------------------------INPUT MONITOR-------------------------------------------------------
# --------------------------------------------
# Name                 Type        Size  Value
# --------------------------------------------
# ip_mon_h             ApbSeqItem  -     @709 
#   apb_write_paddr    integral    9     'ha  
#   apb_read_paddr     integral    9     'h1  
#   apb_write_data     integral    8     'h9a 
#   transfer           integral    1     'h1  
#   READ_WRITE         integral    1     'h0  
#   apb_read_data_out  integral    8     'h55 
# --------------------------------------------
# WRITE ADDRESS = 000001010  READ ADDRESS =000000001 || WRITE DATA =9a
# THE RESET IS 1
# ----------------------------------------------INPUT MONITOR-------------------------------------------------------
# UVM_INFO ApbScoreboard.sv(46) @ 1005: uvm_test_top.env_h.scb_h [SB] ACTUAL TRANSACTION: size = 1 | TRANSFER = 1 | RW = 0 | WPADDR = a | WDATA = 9a | RDATA = 55 | RPADDR = 1
# ----------------------------------------------OUTPUT MONITOR-------------------------------------------------------
# --------------------------------------------
# Name                 Type        Size  Value
# --------------------------------------------
# op_mon_h             ApbSeqItem  -     @734 
#   apb_write_paddr    integral    9     'ha  
#   apb_read_paddr     integral    9     'h1  
#   apb_write_data     integral    8     'h9a 
#   transfer           integral    1     'h1  
#   READ_WRITE         integral    1     'h0  
#   apb_read_data_out  integral    8     'h55 
# --------------------------------------------
# ----------------------------------------------OUTPUT MONITOR-------------------------------------------------------
# FOR COMPARING : WRITE DATA =9a READ DATA OUT =55
# -------------------------------------------------------------------WRITE--PASS---------------------------------------------------------------------
# UVM_INFO ApbScoreboard.sv(84) @ 1005: uvm_test_top.env_h.scb_h [COMPARE] WRITE PASS | EXPECTED WDATA = 9a  ACTUAL WDATA =9a |EXPECTED  WRITE ADDR = a ACTUAL WRITE ADDR =a
# WRITE_ADDRESS_VALIDITY: ASSERTION PASS
# TRANSFER_VALIDITY: ASSERTION PASS
# ---------------------------------DRIVER-------------------
# ---------------------------------------------------------------------------------------------------
# Name                           Type        Size  Value                                             
# ---------------------------------------------------------------------------------------------------
# txn                            ApbSeqItem  -     @980                                              
#   apb_write_paddr              integral    9     'h6                                               
#   apb_read_paddr               integral    9     'hd2                                              
#   apb_write_data               integral    8     'h13                                              
#   transfer                     integral    1     'h1                                               
#   READ_WRITE                   integral    1     'h0                                               
#   apb_read_data_out            integral    8     'h0                                               
#   begin_time                   time        64    1005                                              
#   end_time                     time        64    1005                                              
#   depth                        int         32    'd2                                               
#   parent sequence (name)       string      18    continuouswrseq1_h                                
#   parent sequence (full name)  string      50    uvm_test_top.env_h.act_h.seqr_h.continuouswrseq1_h
#   sequencer                    string      31    uvm_test_top.env_h.act_h.seqr_h                   
# ---------------------------------------------------------------------------------------------------
# --------------------------------------DRIVER----------------------------------
# UVM_INFO ApbScoreboard.sv(39) @ 1015: uvm_test_top.env_h.scb_h [SB] EXPECTED TRANSACTION: size = 51 | TRANSFER = 1 | RW = 0 | WDATA = 13 | WPADDR = 6 | RPADDR = 1
# ----------------------------------------------INPUT MONITOR-------------------------------------------------------
# --------------------------------------------
# Name                 Type        Size  Value
# --------------------------------------------
# ip_mon_h             ApbSeqItem  -     @709 
#   apb_write_paddr    integral    9     'h6  
#   apb_read_paddr     integral    9     'h1  
#   apb_write_data     integral    8     'h13 
#   transfer           integral    1     'h1  
#   READ_WRITE         integral    1     'h0  
#   apb_read_data_out  integral    8     'h55 
# --------------------------------------------
# WRITE ADDRESS = 000000110  READ ADDRESS =000000001 || WRITE DATA =13
# THE RESET IS 1
# ----------------------------------------------INPUT MONITOR-------------------------------------------------------
# WRITE_ADDRESS_VALIDITY: ASSERTION PASS
# TRANSFER_VALIDITY: ASSERTION PASS
# ---------------------------------DRIVER-------------------
# ---------------------------------------------------------------------------------------------------
# Name                           Type        Size  Value                                             
# ---------------------------------------------------------------------------------------------------
# txn                            ApbSeqItem  -     @984                                              
#   apb_write_paddr              integral    9     'h3                                               
#   apb_read_paddr               integral    9     'h91                                              
#   apb_write_data               integral    8     'h48                                              
#   transfer                     integral    1     'h1                                               
#   READ_WRITE                   integral    1     'h0                                               
#   apb_read_data_out            integral    8     'h0                                               
#   begin_time                   time        64    1015                                              
#   depth                        int         32    'd2                                               
#   parent sequence (name)       string      18    continuouswrseq1_h                                
#   parent sequence (full name)  string      50    uvm_test_top.env_h.act_h.seqr_h.continuouswrseq1_h
#   sequencer                    string      31    uvm_test_top.env_h.act_h.seqr_h                   
# ---------------------------------------------------------------------------------------------------
# --------------------------------------DRIVER----------------------------------
# UVM_INFO ApbScoreboard.sv(39) @ 1025: uvm_test_top.env_h.scb_h [SB] EXPECTED TRANSACTION: size = 52 | TRANSFER = 1 | RW = 0 | WDATA = 13 | WPADDR = 6 | RPADDR = 1
# ----------------------------------------------INPUT MONITOR-------------------------------------------------------
# --------------------------------------------
# Name                 Type        Size  Value
# --------------------------------------------
# ip_mon_h             ApbSeqItem  -     @709 
#   apb_write_paddr    integral    9     'h6  
#   apb_read_paddr     integral    9     'h1  
#   apb_write_data     integral    8     'h13 
#   transfer           integral    1     'h1  
#   READ_WRITE         integral    1     'h0  
#   apb_read_data_out  integral    8     'h55 
# --------------------------------------------
# WRITE ADDRESS = 000000110  READ ADDRESS =000000001 || WRITE DATA =13
# THE RESET IS 1
# ----------------------------------------------INPUT MONITOR-------------------------------------------------------
# UVM_INFO ApbScoreboard.sv(46) @ 1025: uvm_test_top.env_h.scb_h [SB] ACTUAL TRANSACTION: size = 1 | TRANSFER = 1 | RW = 0 | WPADDR = 6 | WDATA = 13 | RDATA = 55 | RPADDR = 1
# ----------------------------------------------OUTPUT MONITOR-------------------------------------------------------
# --------------------------------------------
# Name                 Type        Size  Value
# --------------------------------------------
# op_mon_h             ApbSeqItem  -     @734 
#   apb_write_paddr    integral    9     'h6  
#   apb_read_paddr     integral    9     'h1  
#   apb_write_data     integral    8     'h13 
#   transfer           integral    1     'h1  
#   READ_WRITE         integral    1     'h0  
#   apb_read_data_out  integral    8     'h55 
# --------------------------------------------
# ----------------------------------------------OUTPUT MONITOR-------------------------------------------------------
# FOR COMPARING : WRITE DATA =13 READ DATA OUT =55
# -------------------------------------------------------------------WRITE--PASS---------------------------------------------------------------------
# UVM_INFO ApbScoreboard.sv(84) @ 1025: uvm_test_top.env_h.scb_h [COMPARE] WRITE PASS | EXPECTED WDATA = 13  ACTUAL WDATA =13 |EXPECTED  WRITE ADDR = 6 ACTUAL WRITE ADDR =6
# WRITE_ADDRESS_VALIDITY: ASSERTION PASS
# TRANSFER_VALIDITY: ASSERTION PASS
# ---------------------------------DRIVER-------------------
# ---------------------------------------------------------------------------------------------------
# Name                           Type        Size  Value                                             
# ---------------------------------------------------------------------------------------------------
# txn                            ApbSeqItem  -     @984                                              
#   apb_write_paddr              integral    9     'h3                                               
#   apb_read_paddr               integral    9     'h91                                              
#   apb_write_data               integral    8     'h48                                              
#   transfer                     integral    1     'h1                                               
#   READ_WRITE                   integral    1     'h0                                               
#   apb_read_data_out            integral    8     'h0                                               
#   begin_time                   time        64    1025                                              
#   end_time                     time        64    1025                                              
#   depth                        int         32    'd2                                               
#   parent sequence (name)       string      18    continuouswrseq1_h                                
#   parent sequence (full name)  string      50    uvm_test_top.env_h.act_h.seqr_h.continuouswrseq1_h
#   sequencer                    string      31    uvm_test_top.env_h.act_h.seqr_h                   
# ---------------------------------------------------------------------------------------------------
# --------------------------------------DRIVER----------------------------------
# UVM_INFO ApbScoreboard.sv(39) @ 1035: uvm_test_top.env_h.scb_h [SB] EXPECTED TRANSACTION: size = 52 | TRANSFER = 1 | RW = 0 | WDATA = 48 | WPADDR = 3 | RPADDR = 1
# ----------------------------------------------INPUT MONITOR-------------------------------------------------------
# --------------------------------------------
# Name                 Type        Size  Value
# --------------------------------------------
# ip_mon_h             ApbSeqItem  -     @709 
#   apb_write_paddr    integral    9     'h3  
#   apb_read_paddr     integral    9     'h1  
#   apb_write_data     integral    8     'h48 
#   transfer           integral    1     'h1  
#   READ_WRITE         integral    1     'h0  
#   apb_read_data_out  integral    8     'h55 
# --------------------------------------------
# WRITE ADDRESS = 000000011  READ ADDRESS =000000001 || WRITE DATA =48
# THE RESET IS 1
# ----------------------------------------------INPUT MONITOR-------------------------------------------------------
# WRITE_ADDRESS_VALIDITY: ASSERTION PASS
# TRANSFER_VALIDITY: ASSERTION PASS
# ---------------------------------DRIVER-------------------
# ---------------------------------------------------------------------------------------------------
# Name                           Type        Size  Value                                             
# ---------------------------------------------------------------------------------------------------
# txn                            ApbSeqItem  -     @988                                              
#   apb_write_paddr              integral    9     'he2                                              
#   apb_read_paddr               integral    9     'h3                                               
#   apb_write_data               integral    8     'hb9                                              
#   transfer                     integral    1     'h1                                               
#   READ_WRITE                   integral    1     'h1                                               
#   apb_read_data_out            integral    8     'h0                                               
#   begin_time                   time        64    1035                                              
#   depth                        int         32    'd2                                               
#   parent sequence (name)       string      18    continuouswrseq1_h                                
#   parent sequence (full name)  string      50    uvm_test_top.env_h.act_h.seqr_h.continuouswrseq1_h
#   sequencer                    string      31    uvm_test_top.env_h.act_h.seqr_h                   
# ---------------------------------------------------------------------------------------------------
# --------------------------------------DRIVER----------------------------------
# UVM_INFO ApbScoreboard.sv(39) @ 1045: uvm_test_top.env_h.scb_h [SB] EXPECTED TRANSACTION: size = 53 | TRANSFER = 1 | RW = 0 | WDATA = 48 | WPADDR = 3 | RPADDR = 1
# ----------------------------------------------INPUT MONITOR-------------------------------------------------------
# --------------------------------------------
# Name                 Type        Size  Value
# --------------------------------------------
# ip_mon_h             ApbSeqItem  -     @709 
#   apb_write_paddr    integral    9     'h3  
#   apb_read_paddr     integral    9     'h1  
#   apb_write_data     integral    8     'h48 
#   transfer           integral    1     'h1  
#   READ_WRITE         integral    1     'h0  
#   apb_read_data_out  integral    8     'h55 
# --------------------------------------------
# WRITE ADDRESS = 000000011  READ ADDRESS =000000001 || WRITE DATA =48
# THE RESET IS 1
# ----------------------------------------------INPUT MONITOR-------------------------------------------------------
# UVM_INFO ApbScoreboard.sv(46) @ 1045: uvm_test_top.env_h.scb_h [SB] ACTUAL TRANSACTION: size = 1 | TRANSFER = 1 | RW = 0 | WPADDR = 3 | WDATA = 48 | RDATA = 55 | RPADDR = 1
# ----------------------------------------------OUTPUT MONITOR-------------------------------------------------------
# --------------------------------------------
# Name                 Type        Size  Value
# --------------------------------------------
# op_mon_h             ApbSeqItem  -     @734 
#   apb_write_paddr    integral    9     'h3  
#   apb_read_paddr     integral    9     'h1  
#   apb_write_data     integral    8     'h48 
#   transfer           integral    1     'h1  
#   READ_WRITE         integral    1     'h0  
#   apb_read_data_out  integral    8     'h55 
# --------------------------------------------
# ----------------------------------------------OUTPUT MONITOR-------------------------------------------------------
# FOR COMPARING : WRITE DATA =48 READ DATA OUT =55
# -------------------------------------------------------------------WRITE--PASS---------------------------------------------------------------------
# UVM_INFO ApbScoreboard.sv(84) @ 1045: uvm_test_top.env_h.scb_h [COMPARE] WRITE PASS | EXPECTED WDATA = 48  ACTUAL WDATA =48 |EXPECTED  WRITE ADDR = 3 ACTUAL WRITE ADDR =3
# WRITE_ADDRESS_VALIDITY: ASSERTION PASS
# TRANSFER_VALIDITY: ASSERTION PASS
# ---------------------------------DRIVER-------------------
# ---------------------------------------------------------------------------------------------------
# Name                           Type        Size  Value                                             
# ---------------------------------------------------------------------------------------------------
# txn                            ApbSeqItem  -     @988                                              
#   apb_write_paddr              integral    9     'he2                                              
#   apb_read_paddr               integral    9     'h3                                               
#   apb_write_data               integral    8     'hb9                                              
#   transfer                     integral    1     'h1                                               
#   READ_WRITE                   integral    1     'h1                                               
#   apb_read_data_out            integral    8     'h0                                               
#   begin_time                   time        64    1045                                              
#   end_time                     time        64    1045                                              
#   depth                        int         32    'd2                                               
#   parent sequence (name)       string      18    continuouswrseq1_h                                
#   parent sequence (full name)  string      50    uvm_test_top.env_h.act_h.seqr_h.continuouswrseq1_h
#   sequencer                    string      31    uvm_test_top.env_h.act_h.seqr_h                   
# ---------------------------------------------------------------------------------------------------
# --------------------------------------DRIVER----------------------------------
# UVM_INFO ApbScoreboard.sv(39) @ 1055: uvm_test_top.env_h.scb_h [SB] EXPECTED TRANSACTION: size = 53 | TRANSFER = 1 | RW = 1 | WDATA = 48 | WPADDR = 3 | RPADDR = 3
# ----------------------------------------------INPUT MONITOR-------------------------------------------------------
# --------------------------------------------
# Name                 Type        Size  Value
# --------------------------------------------
# ip_mon_h             ApbSeqItem  -     @709 
#   apb_write_paddr    integral    9     'h3  
#   apb_read_paddr     integral    9     'h3  
#   apb_write_data     integral    8     'h48 
#   transfer           integral    1     'h1  
#   READ_WRITE         integral    1     'h1  
#   apb_read_data_out  integral    8     'h55 
# --------------------------------------------
# WRITE ADDRESS = 000000011  READ ADDRESS =000000011 || WRITE DATA =48
# THE RESET IS 1
# ----------------------------------------------INPUT MONITOR-------------------------------------------------------
# READ_ADDRESS_VALIDITY: ASSERTION PASS
# TRANSFER_VALIDITY: ASSERTION PASS
# ---------------------------------DRIVER-------------------
# ---------------------------------------------------------------------------------------------------
# Name                           Type        Size  Value                                             
# ---------------------------------------------------------------------------------------------------
# txn                            ApbSeqItem  -     @992                                              
#   apb_write_paddr              integral    9     'h7                                               
#   apb_read_paddr               integral    9     'h1b                                              
#   apb_write_data               integral    8     'h14                                              
#   transfer                     integral    1     'h1                                               
#   READ_WRITE                   integral    1     'h0                                               
#   apb_read_data_out            integral    8     'h0                                               
#   begin_time                   time        64    1055                                              
#   depth                        int         32    'd2                                               
#   parent sequence (name)       string      18    continuouswrseq1_h                                
#   parent sequence (full name)  string      50    uvm_test_top.env_h.act_h.seqr_h.continuouswrseq1_h
#   sequencer                    string      31    uvm_test_top.env_h.act_h.seqr_h                   
# ---------------------------------------------------------------------------------------------------
# --------------------------------------DRIVER----------------------------------
# UVM_INFO ApbScoreboard.sv(39) @ 1065: uvm_test_top.env_h.scb_h [SB] EXPECTED TRANSACTION: size = 54 | TRANSFER = 1 | RW = 1 | WDATA = 48 | WPADDR = 3 | RPADDR = 3
# ----------------------------------------------INPUT MONITOR-------------------------------------------------------
# --------------------------------------------
# Name                 Type        Size  Value
# --------------------------------------------
# ip_mon_h             ApbSeqItem  -     @709 
#   apb_write_paddr    integral    9     'h3  
#   apb_read_paddr     integral    9     'h3  
#   apb_write_data     integral    8     'h48 
#   transfer           integral    1     'h1  
#   READ_WRITE         integral    1     'h1  
#   apb_read_data_out  integral    8     'h55 
# --------------------------------------------
# WRITE ADDRESS = 000000011  READ ADDRESS =000000011 || WRITE DATA =48
# THE RESET IS 1
# ----------------------------------------------INPUT MONITOR-------------------------------------------------------
# UVM_INFO ApbScoreboard.sv(46) @ 1065: uvm_test_top.env_h.scb_h [SB] ACTUAL TRANSACTION: size = 1 | TRANSFER = 1 | RW = 1 | WPADDR = 3 | WDATA = 48 | RDATA = 48 | RPADDR = 3
# ----------------------------------------------OUTPUT MONITOR-------------------------------------------------------
# --------------------------------------------
# Name                 Type        Size  Value
# --------------------------------------------
# op_mon_h             ApbSeqItem  -     @734 
#   apb_write_paddr    integral    9     'h3  
#   apb_read_paddr     integral    9     'h3  
#   apb_write_data     integral    8     'h48 
#   transfer           integral    1     'h1  
#   READ_WRITE         integral    1     'h1  
#   apb_read_data_out  integral    8     'h48 
# --------------------------------------------
# ----------------------------------------------OUTPUT MONITOR-------------------------------------------------------
# FOR COMPARING : WRITE DATA =48 READ DATA OUT =48
# -------------------------------------------------------------------------READ PASS---------------------------------------------------------------------
# UVM_INFO ApbScoreboard.sv(103) @ 1065: uvm_test_top.env_h.scb_h [COMPARE] READ PASS | EXPECTED RDATA = 48  ACTUAL RDATA =48 |EXPECTED  READ ADDR = 3 ACTUAL READ ADDR =3
# READ_ADDRESS_VALIDITY: ASSERTION PASS
# TRANSFER_VALIDITY: ASSERTION PASS
# ---------------------------------DRIVER-------------------
# ---------------------------------------------------------------------------------------------------
# Name                           Type        Size  Value                                             
# ---------------------------------------------------------------------------------------------------
# txn                            ApbSeqItem  -     @992                                              
#   apb_write_paddr              integral    9     'h7                                               
#   apb_read_paddr               integral    9     'h1b                                              
#   apb_write_data               integral    8     'h14                                              
#   transfer                     integral    1     'h1                                               
#   READ_WRITE                   integral    1     'h0                                               
#   apb_read_data_out            integral    8     'h0                                               
#   begin_time                   time        64    1065                                              
#   end_time                     time        64    1065                                              
#   depth                        int         32    'd2                                               
#   parent sequence (name)       string      18    continuouswrseq1_h                                
#   parent sequence (full name)  string      50    uvm_test_top.env_h.act_h.seqr_h.continuouswrseq1_h
#   sequencer                    string      31    uvm_test_top.env_h.act_h.seqr_h                   
# ---------------------------------------------------------------------------------------------------
# --------------------------------------DRIVER----------------------------------
# UVM_INFO ApbScoreboard.sv(39) @ 1075: uvm_test_top.env_h.scb_h [SB] EXPECTED TRANSACTION: size = 54 | TRANSFER = 1 | RW = 0 | WDATA = 14 | WPADDR = 7 | RPADDR = 3
# ----------------------------------------------INPUT MONITOR-------------------------------------------------------
# --------------------------------------------
# Name                 Type        Size  Value
# --------------------------------------------
# ip_mon_h             ApbSeqItem  -     @709 
#   apb_write_paddr    integral    9     'h7  
#   apb_read_paddr     integral    9     'h3  
#   apb_write_data     integral    8     'h14 
#   transfer           integral    1     'h1  
#   READ_WRITE         integral    1     'h0  
#   apb_read_data_out  integral    8     'h48 
# --------------------------------------------
# WRITE ADDRESS = 000000111  READ ADDRESS =000000011 || WRITE DATA =14
# THE RESET IS 1
# ----------------------------------------------INPUT MONITOR-------------------------------------------------------
# WRITE_ADDRESS_VALIDITY: ASSERTION PASS
# TRANSFER_VALIDITY: ASSERTION PASS
# ---------------------------------DRIVER-------------------
# ---------------------------------------------------------------------------------------------------
# Name                           Type        Size  Value                                             
# ---------------------------------------------------------------------------------------------------
# txn                            ApbSeqItem  -     @996                                              
#   apb_write_paddr              integral    9     'ha                                               
#   apb_read_paddr               integral    9     'h1b5                                             
#   apb_write_data               integral    8     'h26                                              
#   transfer                     integral    1     'h1                                               
#   READ_WRITE                   integral    1     'h0                                               
#   apb_read_data_out            integral    8     'h0                                               
#   begin_time                   time        64    1075                                              
#   depth                        int         32    'd2                                               
#   parent sequence (name)       string      18    continuouswrseq1_h                                
#   parent sequence (full name)  string      50    uvm_test_top.env_h.act_h.seqr_h.continuouswrseq1_h
#   sequencer                    string      31    uvm_test_top.env_h.act_h.seqr_h                   
# ---------------------------------------------------------------------------------------------------
# --------------------------------------DRIVER----------------------------------
# UVM_INFO ApbScoreboard.sv(39) @ 1085: uvm_test_top.env_h.scb_h [SB] EXPECTED TRANSACTION: size = 55 | TRANSFER = 1 | RW = 0 | WDATA = 14 | WPADDR = 7 | RPADDR = 3
# ----------------------------------------------INPUT MONITOR-------------------------------------------------------
# --------------------------------------------
# Name                 Type        Size  Value
# --------------------------------------------
# ip_mon_h             ApbSeqItem  -     @709 
#   apb_write_paddr    integral    9     'h7  
#   apb_read_paddr     integral    9     'h3  
#   apb_write_data     integral    8     'h14 
#   transfer           integral    1     'h1  
#   READ_WRITE         integral    1     'h0  
#   apb_read_data_out  integral    8     'h48 
# --------------------------------------------
# WRITE ADDRESS = 000000111  READ ADDRESS =000000011 || WRITE DATA =14
# THE RESET IS 1
# ----------------------------------------------INPUT MONITOR-------------------------------------------------------
# UVM_INFO ApbScoreboard.sv(46) @ 1085: uvm_test_top.env_h.scb_h [SB] ACTUAL TRANSACTION: size = 1 | TRANSFER = 1 | RW = 0 | WPADDR = 7 | WDATA = 14 | RDATA = 48 | RPADDR = 3
# ----------------------------------------------OUTPUT MONITOR-------------------------------------------------------
# --------------------------------------------
# Name                 Type        Size  Value
# --------------------------------------------
# op_mon_h             ApbSeqItem  -     @734 
#   apb_write_paddr    integral    9     'h7  
#   apb_read_paddr     integral    9     'h3  
#   apb_write_data     integral    8     'h14 
#   transfer           integral    1     'h1  
#   READ_WRITE         integral    1     'h0  
#   apb_read_data_out  integral    8     'h48 
# --------------------------------------------
# ----------------------------------------------OUTPUT MONITOR-------------------------------------------------------
# FOR COMPARING : WRITE DATA =14 READ DATA OUT =48
# -------------------------------------------------------------------WRITE--PASS---------------------------------------------------------------------
# UVM_INFO ApbScoreboard.sv(84) @ 1085: uvm_test_top.env_h.scb_h [COMPARE] WRITE PASS | EXPECTED WDATA = 14  ACTUAL WDATA =14 |EXPECTED  WRITE ADDR = 7 ACTUAL WRITE ADDR =7
# WRITE_ADDRESS_VALIDITY: ASSERTION PASS
# TRANSFER_VALIDITY: ASSERTION PASS
# ---------------------------------DRIVER-------------------
# ---------------------------------------------------------------------------------------------------
# Name                           Type        Size  Value                                             
# ---------------------------------------------------------------------------------------------------
# txn                            ApbSeqItem  -     @996                                              
#   apb_write_paddr              integral    9     'ha                                               
#   apb_read_paddr               integral    9     'h1b5                                             
#   apb_write_data               integral    8     'h26                                              
#   transfer                     integral    1     'h1                                               
#   READ_WRITE                   integral    1     'h0                                               
#   apb_read_data_out            integral    8     'h0                                               
#   begin_time                   time        64    1085                                              
#   end_time                     time        64    1085                                              
#   depth                        int         32    'd2                                               
#   parent sequence (name)       string      18    continuouswrseq1_h                                
#   parent sequence (full name)  string      50    uvm_test_top.env_h.act_h.seqr_h.continuouswrseq1_h
#   sequencer                    string      31    uvm_test_top.env_h.act_h.seqr_h                   
# ---------------------------------------------------------------------------------------------------
# --------------------------------------DRIVER----------------------------------
# UVM_INFO ApbScoreboard.sv(39) @ 1095: uvm_test_top.env_h.scb_h [SB] EXPECTED TRANSACTION: size = 55 | TRANSFER = 1 | RW = 0 | WDATA = 26 | WPADDR = a | RPADDR = 3
# ----------------------------------------------INPUT MONITOR-------------------------------------------------------
# --------------------------------------------
# Name                 Type        Size  Value
# --------------------------------------------
# ip_mon_h             ApbSeqItem  -     @709 
#   apb_write_paddr    integral    9     'ha  
#   apb_read_paddr     integral    9     'h3  
#   apb_write_data     integral    8     'h26 
#   transfer           integral    1     'h1  
#   READ_WRITE         integral    1     'h0  
#   apb_read_data_out  integral    8     'h48 
# --------------------------------------------
# WRITE ADDRESS = 000001010  READ ADDRESS =000000011 || WRITE DATA =26
# THE RESET IS 1
# ----------------------------------------------INPUT MONITOR-------------------------------------------------------
# WRITE_ADDRESS_VALIDITY: ASSERTION PASS
# TRANSFER_VALIDITY: ASSERTION PASS
# ---------------------------------DRIVER-------------------
# ---------------------------------------------------------------------------------------------------
# Name                           Type        Size  Value                                             
# ---------------------------------------------------------------------------------------------------
# txn                            ApbSeqItem  -     @1000                                             
#   apb_write_paddr              integral    9     'h1                                               
#   apb_read_paddr               integral    9     'h37                                              
#   apb_write_data               integral    8     'h9a                                              
#   transfer                     integral    1     'h1                                               
#   READ_WRITE                   integral    1     'h0                                               
#   apb_read_data_out            integral    8     'h0                                               
#   begin_time                   time        64    1095                                              
#   depth                        int         32    'd2                                               
#   parent sequence (name)       string      18    continuouswrseq1_h                                
#   parent sequence (full name)  string      50    uvm_test_top.env_h.act_h.seqr_h.continuouswrseq1_h
#   sequencer                    string      31    uvm_test_top.env_h.act_h.seqr_h                   
# ---------------------------------------------------------------------------------------------------
# --------------------------------------DRIVER----------------------------------
# UVM_INFO ApbScoreboard.sv(39) @ 1105: uvm_test_top.env_h.scb_h [SB] EXPECTED TRANSACTION: size = 56 | TRANSFER = 1 | RW = 0 | WDATA = 26 | WPADDR = a | RPADDR = 3
# ----------------------------------------------INPUT MONITOR-------------------------------------------------------
# --------------------------------------------
# Name                 Type        Size  Value
# --------------------------------------------
# ip_mon_h             ApbSeqItem  -     @709 
#   apb_write_paddr    integral    9     'ha  
#   apb_read_paddr     integral    9     'h3  
#   apb_write_data     integral    8     'h26 
#   transfer           integral    1     'h1  
#   READ_WRITE         integral    1     'h0  
#   apb_read_data_out  integral    8     'h48 
# --------------------------------------------
# WRITE ADDRESS = 000001010  READ ADDRESS =000000011 || WRITE DATA =26
# THE RESET IS 1
# ----------------------------------------------INPUT MONITOR-------------------------------------------------------
# UVM_INFO ApbScoreboard.sv(46) @ 1105: uvm_test_top.env_h.scb_h [SB] ACTUAL TRANSACTION: size = 1 | TRANSFER = 1 | RW = 0 | WPADDR = a | WDATA = 26 | RDATA = 48 | RPADDR = 3
# ----------------------------------------------OUTPUT MONITOR-------------------------------------------------------
# --------------------------------------------
# Name                 Type        Size  Value
# --------------------------------------------
# op_mon_h             ApbSeqItem  -     @734 
#   apb_write_paddr    integral    9     'ha  
#   apb_read_paddr     integral    9     'h3  
#   apb_write_data     integral    8     'h26 
#   transfer           integral    1     'h1  
#   READ_WRITE         integral    1     'h0  
#   apb_read_data_out  integral    8     'h48 
# --------------------------------------------
# ----------------------------------------------OUTPUT MONITOR-------------------------------------------------------
# FOR COMPARING : WRITE DATA =26 READ DATA OUT =48
# -------------------------------------------------------------------WRITE--PASS---------------------------------------------------------------------
# UVM_INFO ApbScoreboard.sv(84) @ 1105: uvm_test_top.env_h.scb_h [COMPARE] WRITE PASS | EXPECTED WDATA = 26  ACTUAL WDATA =26 |EXPECTED  WRITE ADDR = a ACTUAL WRITE ADDR =a
# WRITE_ADDRESS_VALIDITY: ASSERTION PASS
# TRANSFER_VALIDITY: ASSERTION PASS
# ---------------------------------DRIVER-------------------
# ---------------------------------------------------------------------------------------------------
# Name                           Type        Size  Value                                             
# ---------------------------------------------------------------------------------------------------
# txn                            ApbSeqItem  -     @1000                                             
#   apb_write_paddr              integral    9     'h1                                               
#   apb_read_paddr               integral    9     'h37                                              
#   apb_write_data               integral    8     'h9a                                              
#   transfer                     integral    1     'h1                                               
#   READ_WRITE                   integral    1     'h0                                               
#   apb_read_data_out            integral    8     'h0                                               
#   begin_time                   time        64    1105                                              
#   end_time                     time        64    1105                                              
#   depth                        int         32    'd2                                               
#   parent sequence (name)       string      18    continuouswrseq1_h                                
#   parent sequence (full name)  string      50    uvm_test_top.env_h.act_h.seqr_h.continuouswrseq1_h
#   sequencer                    string      31    uvm_test_top.env_h.act_h.seqr_h                   
# ---------------------------------------------------------------------------------------------------
# --------------------------------------DRIVER----------------------------------
# UVM_INFO ApbScoreboard.sv(39) @ 1115: uvm_test_top.env_h.scb_h [SB] EXPECTED TRANSACTION: size = 56 | TRANSFER = 1 | RW = 0 | WDATA = 9a | WPADDR = 1 | RPADDR = 3
# ----------------------------------------------INPUT MONITOR-------------------------------------------------------
# --------------------------------------------
# Name                 Type        Size  Value
# --------------------------------------------
# ip_mon_h             ApbSeqItem  -     @709 
#   apb_write_paddr    integral    9     'h1  
#   apb_read_paddr     integral    9     'h3  
#   apb_write_data     integral    8     'h9a 
#   transfer           integral    1     'h1  
#   READ_WRITE         integral    1     'h0  
#   apb_read_data_out  integral    8     'h48 
# --------------------------------------------
# WRITE ADDRESS = 000000001  READ ADDRESS =000000011 || WRITE DATA =9a
# THE RESET IS 1
# ----------------------------------------------INPUT MONITOR-------------------------------------------------------
# WRITE_ADDRESS_VALIDITY: ASSERTION PASS
# TRANSFER_VALIDITY: ASSERTION PASS
# ---------------------------------DRIVER-------------------
# ---------------------------------------------------------------------------------------------------
# Name                           Type        Size  Value                                             
# ---------------------------------------------------------------------------------------------------
# txn                            ApbSeqItem  -     @1004                                             
#   apb_write_paddr              integral    9     'h168                                             
#   apb_read_paddr               integral    9     'h1                                               
#   apb_write_data               integral    8     'hcb                                              
#   transfer                     integral    1     'h1                                               
#   READ_WRITE                   integral    1     'h1                                               
#   apb_read_data_out            integral    8     'h0                                               
#   begin_time                   time        64    1115                                              
#   depth                        int         32    'd2                                               
#   parent sequence (name)       string      18    continuouswrseq1_h                                
#   parent sequence (full name)  string      50    uvm_test_top.env_h.act_h.seqr_h.continuouswrseq1_h
#   sequencer                    string      31    uvm_test_top.env_h.act_h.seqr_h                   
# ---------------------------------------------------------------------------------------------------
# --------------------------------------DRIVER----------------------------------
# UVM_INFO ApbScoreboard.sv(39) @ 1125: uvm_test_top.env_h.scb_h [SB] EXPECTED TRANSACTION: size = 57 | TRANSFER = 1 | RW = 0 | WDATA = 9a | WPADDR = 1 | RPADDR = 3
# ----------------------------------------------INPUT MONITOR-------------------------------------------------------
# --------------------------------------------
# Name                 Type        Size  Value
# --------------------------------------------
# ip_mon_h             ApbSeqItem  -     @709 
#   apb_write_paddr    integral    9     'h1  
#   apb_read_paddr     integral    9     'h3  
#   apb_write_data     integral    8     'h9a 
#   transfer           integral    1     'h1  
#   READ_WRITE         integral    1     'h0  
#   apb_read_data_out  integral    8     'h48 
# --------------------------------------------
# WRITE ADDRESS = 000000001  READ ADDRESS =000000011 || WRITE DATA =9a
# THE RESET IS 1
# ----------------------------------------------INPUT MONITOR-------------------------------------------------------
# UVM_INFO ApbScoreboard.sv(46) @ 1125: uvm_test_top.env_h.scb_h [SB] ACTUAL TRANSACTION: size = 1 | TRANSFER = 1 | RW = 0 | WPADDR = 1 | WDATA = 9a | RDATA = 48 | RPADDR = 3
# ----------------------------------------------OUTPUT MONITOR-------------------------------------------------------
# --------------------------------------------
# Name                 Type        Size  Value
# --------------------------------------------
# op_mon_h             ApbSeqItem  -     @734 
#   apb_write_paddr    integral    9     'h1  
#   apb_read_paddr     integral    9     'h3  
#   apb_write_data     integral    8     'h9a 
#   transfer           integral    1     'h1  
#   READ_WRITE         integral    1     'h0  
#   apb_read_data_out  integral    8     'h48 
# --------------------------------------------
# ----------------------------------------------OUTPUT MONITOR-------------------------------------------------------
# FOR COMPARING : WRITE DATA =9a READ DATA OUT =48
# -------------------------------------------------------------------WRITE--PASS---------------------------------------------------------------------
# UVM_INFO ApbScoreboard.sv(84) @ 1125: uvm_test_top.env_h.scb_h [COMPARE] WRITE PASS | EXPECTED WDATA = 9a  ACTUAL WDATA =9a |EXPECTED  WRITE ADDR = 1 ACTUAL WRITE ADDR =1
# WRITE_ADDRESS_VALIDITY: ASSERTION PASS
# TRANSFER_VALIDITY: ASSERTION PASS
# ---------------------------------DRIVER-------------------
# ---------------------------------------------------------------------------------------------------
# Name                           Type        Size  Value                                             
# ---------------------------------------------------------------------------------------------------
# txn                            ApbSeqItem  -     @1004                                             
#   apb_write_paddr              integral    9     'h168                                             
#   apb_read_paddr               integral    9     'h1                                               
#   apb_write_data               integral    8     'hcb                                              
#   transfer                     integral    1     'h1                                               
#   READ_WRITE                   integral    1     'h1                                               
#   apb_read_data_out            integral    8     'h0                                               
#   begin_time                   time        64    1125                                              
#   end_time                     time        64    1125                                              
#   depth                        int         32    'd2                                               
#   parent sequence (name)       string      18    continuouswrseq1_h                                
#   parent sequence (full name)  string      50    uvm_test_top.env_h.act_h.seqr_h.continuouswrseq1_h
#   sequencer                    string      31    uvm_test_top.env_h.act_h.seqr_h                   
# ---------------------------------------------------------------------------------------------------
# --------------------------------------DRIVER----------------------------------
# UVM_INFO ApbScoreboard.sv(39) @ 1135: uvm_test_top.env_h.scb_h [SB] EXPECTED TRANSACTION: size = 57 | TRANSFER = 1 | RW = 1 | WDATA = 9a | WPADDR = 1 | RPADDR = 1
# ----------------------------------------------INPUT MONITOR-------------------------------------------------------
# --------------------------------------------
# Name                 Type        Size  Value
# --------------------------------------------
# ip_mon_h             ApbSeqItem  -     @709 
#   apb_write_paddr    integral    9     'h1  
#   apb_read_paddr     integral    9     'h1  
#   apb_write_data     integral    8     'h9a 
#   transfer           integral    1     'h1  
#   READ_WRITE         integral    1     'h1  
#   apb_read_data_out  integral    8     'h48 
# --------------------------------------------
# WRITE ADDRESS = 000000001  READ ADDRESS =000000001 || WRITE DATA =9a
# THE RESET IS 1
# ----------------------------------------------INPUT MONITOR-------------------------------------------------------
# READ_ADDRESS_VALIDITY: ASSERTION PASS
# TRANSFER_VALIDITY: ASSERTION PASS
# ---------------------------------DRIVER-------------------
# ---------------------------------------------------------------------------------------------------
# Name                           Type        Size  Value                                             
# ---------------------------------------------------------------------------------------------------
# txn                            ApbSeqItem  -     @1008                                             
#   apb_write_paddr              integral    9     'h1c4                                             
#   apb_read_paddr               integral    9     'h1f6                                             
#   apb_write_data               integral    8     'h5c                                              
#   transfer                     integral    1     'h1                                               
#   READ_WRITE                   integral    1     'h0                                               
#   apb_read_data_out            integral    8     'h0                                               
#   begin_time                   time        64    1135                                              
#   depth                        int         32    'd2                                               
#   parent sequence (name)       string      18    continuouswrseq2_h                                
#   parent sequence (full name)  string      50    uvm_test_top.env_h.act_h.seqr_h.continuouswrseq2_h
#   sequencer                    string      31    uvm_test_top.env_h.act_h.seqr_h                   
# ---------------------------------------------------------------------------------------------------
# --------------------------------------DRIVER----------------------------------
# UVM_INFO ApbScoreboard.sv(39) @ 1145: uvm_test_top.env_h.scb_h [SB] EXPECTED TRANSACTION: size = 58 | TRANSFER = 1 | RW = 1 | WDATA = 9a | WPADDR = 1 | RPADDR = 1
# ----------------------------------------------INPUT MONITOR-------------------------------------------------------
# --------------------------------------------
# Name                 Type        Size  Value
# --------------------------------------------
# ip_mon_h             ApbSeqItem  -     @709 
#   apb_write_paddr    integral    9     'h1  
#   apb_read_paddr     integral    9     'h1  
#   apb_write_data     integral    8     'h9a 
#   transfer           integral    1     'h1  
#   READ_WRITE         integral    1     'h1  
#   apb_read_data_out  integral    8     'h48 
# --------------------------------------------
# WRITE ADDRESS = 000000001  READ ADDRESS =000000001 || WRITE DATA =9a
# THE RESET IS 1
# ----------------------------------------------INPUT MONITOR-------------------------------------------------------
# UVM_INFO ApbScoreboard.sv(46) @ 1145: uvm_test_top.env_h.scb_h [SB] ACTUAL TRANSACTION: size = 1 | TRANSFER = 1 | RW = 1 | WPADDR = 1 | WDATA = 9a | RDATA = 9a | RPADDR = 1
# ----------------------------------------------OUTPUT MONITOR-------------------------------------------------------
# --------------------------------------------
# Name                 Type        Size  Value
# --------------------------------------------
# op_mon_h             ApbSeqItem  -     @734 
#   apb_write_paddr    integral    9     'h1  
#   apb_read_paddr     integral    9     'h1  
#   apb_write_data     integral    8     'h9a 
#   transfer           integral    1     'h1  
#   READ_WRITE         integral    1     'h1  
#   apb_read_data_out  integral    8     'h9a 
# --------------------------------------------
# ----------------------------------------------OUTPUT MONITOR-------------------------------------------------------
# FOR COMPARING : WRITE DATA =9a READ DATA OUT =9a
# -------------------------------------------------------------------------READ PASS---------------------------------------------------------------------
# UVM_INFO ApbScoreboard.sv(103) @ 1145: uvm_test_top.env_h.scb_h [COMPARE] READ PASS | EXPECTED RDATA = 9a  ACTUAL RDATA =9a |EXPECTED  READ ADDR = 1 ACTUAL READ ADDR =1
# READ_ADDRESS_VALIDITY: ASSERTION PASS
# TRANSFER_VALIDITY: ASSERTION PASS
# ---------------------------------DRIVER-------------------
# ---------------------------------------------------------------------------------------------------
# Name                           Type        Size  Value                                             
# ---------------------------------------------------------------------------------------------------
# txn                            ApbSeqItem  -     @1008                                             
#   apb_write_paddr              integral    9     'h1c4                                             
#   apb_read_paddr               integral    9     'h1f6                                             
#   apb_write_data               integral    8     'h5c                                              
#   transfer                     integral    1     'h1                                               
#   READ_WRITE                   integral    1     'h0                                               
#   apb_read_data_out            integral    8     'h0                                               
#   begin_time                   time        64    1145                                              
#   end_time                     time        64    1145                                              
#   depth                        int         32    'd2                                               
#   parent sequence (name)       string      18    continuouswrseq2_h                                
#   parent sequence (full name)  string      50    uvm_test_top.env_h.act_h.seqr_h.continuouswrseq2_h
#   sequencer                    string      31    uvm_test_top.env_h.act_h.seqr_h                   
# ---------------------------------------------------------------------------------------------------
# --------------------------------------DRIVER----------------------------------
# UVM_INFO ApbScoreboard.sv(39) @ 1155: uvm_test_top.env_h.scb_h [SB] EXPECTED TRANSACTION: size = 58 | TRANSFER = 1 | RW = 0 | WDATA = 5c | WPADDR = 1c4 | RPADDR = 1
# ----------------------------------------------INPUT MONITOR-------------------------------------------------------
# --------------------------------------------
# Name                 Type        Size  Value
# --------------------------------------------
# ip_mon_h             ApbSeqItem  -     @709 
#   apb_write_paddr    integral    9     'h1c4
#   apb_read_paddr     integral    9     'h1  
#   apb_write_data     integral    8     'h5c 
#   transfer           integral    1     'h1  
#   READ_WRITE         integral    1     'h0  
#   apb_read_data_out  integral    8     'h9a 
# --------------------------------------------
# WRITE ADDRESS = 111000100  READ ADDRESS =000000001 || WRITE DATA =5c
# THE RESET IS 1
# ----------------------------------------------INPUT MONITOR-------------------------------------------------------
# WRITE_ADDRESS_VALIDITY: ASSERTION PASS
# TRANSFER_VALIDITY: ASSERTION PASS
# ---------------------------------DRIVER-------------------
# ---------------------------------------------------------------------------------------------------
# Name                           Type        Size  Value                                             
# ---------------------------------------------------------------------------------------------------
# txn                            ApbSeqItem  -     @1012                                             
#   apb_write_paddr              integral    9     'h1c3                                             
#   apb_read_paddr               integral    9     'h28                                              
#   apb_write_data               integral    8     'h96                                              
#   transfer                     integral    1     'h1                                               
#   READ_WRITE                   integral    1     'h0                                               
#   apb_read_data_out            integral    8     'h0                                               
#   begin_time                   time        64    1155                                              
#   depth                        int         32    'd2                                               
#   parent sequence (name)       string      18    continuouswrseq2_h                                
#   parent sequence (full name)  string      50    uvm_test_top.env_h.act_h.seqr_h.continuouswrseq2_h
#   sequencer                    string      31    uvm_test_top.env_h.act_h.seqr_h                   
# ---------------------------------------------------------------------------------------------------
# --------------------------------------DRIVER----------------------------------
# UVM_INFO ApbScoreboard.sv(39) @ 1165: uvm_test_top.env_h.scb_h [SB] EXPECTED TRANSACTION: size = 59 | TRANSFER = 1 | RW = 0 | WDATA = 5c | WPADDR = 1c4 | RPADDR = 1
# ----------------------------------------------INPUT MONITOR-------------------------------------------------------
# --------------------------------------------
# Name                 Type        Size  Value
# --------------------------------------------
# ip_mon_h             ApbSeqItem  -     @709 
#   apb_write_paddr    integral    9     'h1c4
#   apb_read_paddr     integral    9     'h1  
#   apb_write_data     integral    8     'h5c 
#   transfer           integral    1     'h1  
#   READ_WRITE         integral    1     'h0  
#   apb_read_data_out  integral    8     'h9a 
# --------------------------------------------
# WRITE ADDRESS = 111000100  READ ADDRESS =000000001 || WRITE DATA =5c
# THE RESET IS 1
# ----------------------------------------------INPUT MONITOR-------------------------------------------------------
# UVM_INFO ApbScoreboard.sv(46) @ 1165: uvm_test_top.env_h.scb_h [SB] ACTUAL TRANSACTION: size = 1 | TRANSFER = 1 | RW = 0 | WPADDR = 1c4 | WDATA = 5c | RDATA = 9a | RPADDR = 1
# ----------------------------------------------OUTPUT MONITOR-------------------------------------------------------
# --------------------------------------------
# Name                 Type        Size  Value
# --------------------------------------------
# op_mon_h             ApbSeqItem  -     @734 
#   apb_write_paddr    integral    9     'h1c4
#   apb_read_paddr     integral    9     'h1  
#   apb_write_data     integral    8     'h5c 
#   transfer           integral    1     'h1  
#   READ_WRITE         integral    1     'h0  
#   apb_read_data_out  integral    8     'h9a 
# --------------------------------------------
# ----------------------------------------------OUTPUT MONITOR-------------------------------------------------------
# FOR COMPARING : WRITE DATA =5c READ DATA OUT =9a
# -------------------------------------------------------------------WRITE--PASS---------------------------------------------------------------------
# UVM_INFO ApbScoreboard.sv(84) @ 1165: uvm_test_top.env_h.scb_h [COMPARE] WRITE PASS | EXPECTED WDATA = 5c  ACTUAL WDATA =5c |EXPECTED  WRITE ADDR = 1c4 ACTUAL WRITE ADDR =1c4
# WRITE_ADDRESS_VALIDITY: ASSERTION PASS
# TRANSFER_VALIDITY: ASSERTION PASS
# ---------------------------------DRIVER-------------------
# ---------------------------------------------------------------------------------------------------
# Name                           Type        Size  Value                                             
# ---------------------------------------------------------------------------------------------------
# txn                            ApbSeqItem  -     @1012                                             
#   apb_write_paddr              integral    9     'h1c3                                             
#   apb_read_paddr               integral    9     'h28                                              
#   apb_write_data               integral    8     'h96                                              
#   transfer                     integral    1     'h1                                               
#   READ_WRITE                   integral    1     'h0                                               
#   apb_read_data_out            integral    8     'h0                                               
#   begin_time                   time        64    1165                                              
#   end_time                     time        64    1165                                              
#   depth                        int         32    'd2                                               
#   parent sequence (name)       string      18    continuouswrseq2_h                                
#   parent sequence (full name)  string      50    uvm_test_top.env_h.act_h.seqr_h.continuouswrseq2_h
#   sequencer                    string      31    uvm_test_top.env_h.act_h.seqr_h                   
# ---------------------------------------------------------------------------------------------------
# --------------------------------------DRIVER----------------------------------
# UVM_INFO ApbScoreboard.sv(39) @ 1175: uvm_test_top.env_h.scb_h [SB] EXPECTED TRANSACTION: size = 59 | TRANSFER = 1 | RW = 0 | WDATA = 96 | WPADDR = 1c3 | RPADDR = 1
# ----------------------------------------------INPUT MONITOR-------------------------------------------------------
# --------------------------------------------
# Name                 Type        Size  Value
# --------------------------------------------
# ip_mon_h             ApbSeqItem  -     @709 
#   apb_write_paddr    integral    9     'h1c3
#   apb_read_paddr     integral    9     'h1  
#   apb_write_data     integral    8     'h96 
#   transfer           integral    1     'h1  
#   READ_WRITE         integral    1     'h0  
#   apb_read_data_out  integral    8     'h9a 
# --------------------------------------------
# WRITE ADDRESS = 111000011  READ ADDRESS =000000001 || WRITE DATA =96
# THE RESET IS 1
# ----------------------------------------------INPUT MONITOR-------------------------------------------------------
# WRITE_ADDRESS_VALIDITY: ASSERTION PASS
# TRANSFER_VALIDITY: ASSERTION PASS
# ---------------------------------DRIVER-------------------
# ---------------------------------------------------------------------------------------------------
# Name                           Type        Size  Value                                             
# ---------------------------------------------------------------------------------------------------
# txn                            ApbSeqItem  -     @1016                                             
#   apb_write_paddr              integral    9     'h144                                             
#   apb_read_paddr               integral    9     'h54                                              
#   apb_write_data               integral    8     'hd2                                              
#   transfer                     integral    1     'h1                                               
#   READ_WRITE                   integral    1     'h0                                               
#   apb_read_data_out            integral    8     'h0                                               
#   begin_time                   time        64    1175                                              
#   depth                        int         32    'd2                                               
#   parent sequence (name)       string      18    continuouswrseq2_h                                
#   parent sequence (full name)  string      50    uvm_test_top.env_h.act_h.seqr_h.continuouswrseq2_h
#   sequencer                    string      31    uvm_test_top.env_h.act_h.seqr_h                   
# ---------------------------------------------------------------------------------------------------
# --------------------------------------DRIVER----------------------------------
# UVM_INFO ApbScoreboard.sv(39) @ 1185: uvm_test_top.env_h.scb_h [SB] EXPECTED TRANSACTION: size = 60 | TRANSFER = 1 | RW = 0 | WDATA = 96 | WPADDR = 1c3 | RPADDR = 1
# ----------------------------------------------INPUT MONITOR-------------------------------------------------------
# --------------------------------------------
# Name                 Type        Size  Value
# --------------------------------------------
# ip_mon_h             ApbSeqItem  -     @709 
#   apb_write_paddr    integral    9     'h1c3
#   apb_read_paddr     integral    9     'h1  
#   apb_write_data     integral    8     'h96 
#   transfer           integral    1     'h1  
#   READ_WRITE         integral    1     'h0  
#   apb_read_data_out  integral    8     'h9a 
# --------------------------------------------
# WRITE ADDRESS = 111000011  READ ADDRESS =000000001 || WRITE DATA =96
# THE RESET IS 1
# ----------------------------------------------INPUT MONITOR-------------------------------------------------------
# UVM_INFO ApbScoreboard.sv(46) @ 1185: uvm_test_top.env_h.scb_h [SB] ACTUAL TRANSACTION: size = 1 | TRANSFER = 1 | RW = 0 | WPADDR = 1c3 | WDATA = 96 | RDATA = 9a | RPADDR = 1
# ----------------------------------------------OUTPUT MONITOR-------------------------------------------------------
# --------------------------------------------
# Name                 Type        Size  Value
# --------------------------------------------
# op_mon_h             ApbSeqItem  -     @734 
#   apb_write_paddr    integral    9     'h1c3
#   apb_read_paddr     integral    9     'h1  
#   apb_write_data     integral    8     'h96 
#   transfer           integral    1     'h1  
#   READ_WRITE         integral    1     'h0  
#   apb_read_data_out  integral    8     'h9a 
# --------------------------------------------
# ----------------------------------------------OUTPUT MONITOR-------------------------------------------------------
# FOR COMPARING : WRITE DATA =96 READ DATA OUT =9a
# -------------------------------------------------------------------WRITE--PASS---------------------------------------------------------------------
# UVM_INFO ApbScoreboard.sv(84) @ 1185: uvm_test_top.env_h.scb_h [COMPARE] WRITE PASS | EXPECTED WDATA = 96  ACTUAL WDATA =96 |EXPECTED  WRITE ADDR = 1c3 ACTUAL WRITE ADDR =1c3
# WRITE_ADDRESS_VALIDITY: ASSERTION PASS
# TRANSFER_VALIDITY: ASSERTION PASS
# ---------------------------------DRIVER-------------------
# ---------------------------------------------------------------------------------------------------
# Name                           Type        Size  Value                                             
# ---------------------------------------------------------------------------------------------------
# txn                            ApbSeqItem  -     @1016                                             
#   apb_write_paddr              integral    9     'h144                                             
#   apb_read_paddr               integral    9     'h54                                              
#   apb_write_data               integral    8     'hd2                                              
#   transfer                     integral    1     'h1                                               
#   READ_WRITE                   integral    1     'h0                                               
#   apb_read_data_out            integral    8     'h0                                               
#   begin_time                   time        64    1185                                              
#   end_time                     time        64    1185                                              
#   depth                        int         32    'd2                                               
#   parent sequence (name)       string      18    continuouswrseq2_h                                
#   parent sequence (full name)  string      50    uvm_test_top.env_h.act_h.seqr_h.continuouswrseq2_h
#   sequencer                    string      31    uvm_test_top.env_h.act_h.seqr_h                   
# ---------------------------------------------------------------------------------------------------
# --------------------------------------DRIVER----------------------------------
# UVM_INFO ApbScoreboard.sv(39) @ 1195: uvm_test_top.env_h.scb_h [SB] EXPECTED TRANSACTION: size = 60 | TRANSFER = 1 | RW = 0 | WDATA = d2 | WPADDR = 144 | RPADDR = 1
# ----------------------------------------------INPUT MONITOR-------------------------------------------------------
# --------------------------------------------
# Name                 Type        Size  Value
# --------------------------------------------
# ip_mon_h             ApbSeqItem  -     @709 
#   apb_write_paddr    integral    9     'h144
#   apb_read_paddr     integral    9     'h1  
#   apb_write_data     integral    8     'hd2 
#   transfer           integral    1     'h1  
#   READ_WRITE         integral    1     'h0  
#   apb_read_data_out  integral    8     'h9a 
# --------------------------------------------
# WRITE ADDRESS = 101000100  READ ADDRESS =000000001 || WRITE DATA =d2
# THE RESET IS 1
# ----------------------------------------------INPUT MONITOR-------------------------------------------------------
# WRITE_ADDRESS_VALIDITY: ASSERTION PASS
# TRANSFER_VALIDITY: ASSERTION PASS
# ---------------------------------DRIVER-------------------
# ---------------------------------------------------------------------------------------------------
# Name                           Type        Size  Value                                             
# ---------------------------------------------------------------------------------------------------
# txn                            ApbSeqItem  -     @1020                                             
#   apb_write_paddr              integral    9     'h1e1                                             
#   apb_read_paddr               integral    9     'h144                                             
#   apb_write_data               integral    8     'hdc                                              
#   transfer                     integral    1     'h1                                               
#   READ_WRITE                   integral    1     'h1                                               
#   apb_read_data_out            integral    8     'h0                                               
#   begin_time                   time        64    1195                                              
#   depth                        int         32    'd2                                               
#   parent sequence (name)       string      18    continuouswrseq2_h                                
#   parent sequence (full name)  string      50    uvm_test_top.env_h.act_h.seqr_h.continuouswrseq2_h
#   sequencer                    string      31    uvm_test_top.env_h.act_h.seqr_h                   
# ---------------------------------------------------------------------------------------------------
# --------------------------------------DRIVER----------------------------------
# UVM_INFO ApbScoreboard.sv(39) @ 1205: uvm_test_top.env_h.scb_h [SB] EXPECTED TRANSACTION: size = 61 | TRANSFER = 1 | RW = 0 | WDATA = d2 | WPADDR = 144 | RPADDR = 1
# ----------------------------------------------INPUT MONITOR-------------------------------------------------------
# --------------------------------------------
# Name                 Type        Size  Value
# --------------------------------------------
# ip_mon_h             ApbSeqItem  -     @709 
#   apb_write_paddr    integral    9     'h144
#   apb_read_paddr     integral    9     'h1  
#   apb_write_data     integral    8     'hd2 
#   transfer           integral    1     'h1  
#   READ_WRITE         integral    1     'h0  
#   apb_read_data_out  integral    8     'h9a 
# --------------------------------------------
# WRITE ADDRESS = 101000100  READ ADDRESS =000000001 || WRITE DATA =d2
# THE RESET IS 1
# ----------------------------------------------INPUT MONITOR-------------------------------------------------------
# UVM_INFO ApbScoreboard.sv(46) @ 1205: uvm_test_top.env_h.scb_h [SB] ACTUAL TRANSACTION: size = 1 | TRANSFER = 1 | RW = 0 | WPADDR = 144 | WDATA = d2 | RDATA = 9a | RPADDR = 1
# ----------------------------------------------OUTPUT MONITOR-------------------------------------------------------
# --------------------------------------------
# Name                 Type        Size  Value
# --------------------------------------------
# op_mon_h             ApbSeqItem  -     @734 
#   apb_write_paddr    integral    9     'h144
#   apb_read_paddr     integral    9     'h1  
#   apb_write_data     integral    8     'hd2 
#   transfer           integral    1     'h1  
#   READ_WRITE         integral    1     'h0  
#   apb_read_data_out  integral    8     'h9a 
# --------------------------------------------
# ----------------------------------------------OUTPUT MONITOR-------------------------------------------------------
# FOR COMPARING : WRITE DATA =d2 READ DATA OUT =9a
# -------------------------------------------------------------------WRITE--PASS---------------------------------------------------------------------
# UVM_INFO ApbScoreboard.sv(84) @ 1205: uvm_test_top.env_h.scb_h [COMPARE] WRITE PASS | EXPECTED WDATA = d2  ACTUAL WDATA =d2 |EXPECTED  WRITE ADDR = 144 ACTUAL WRITE ADDR =144
# WRITE_ADDRESS_VALIDITY: ASSERTION PASS
# TRANSFER_VALIDITY: ASSERTION PASS
# ---------------------------------DRIVER-------------------
# ---------------------------------------------------------------------------------------------------
# Name                           Type        Size  Value                                             
# ---------------------------------------------------------------------------------------------------
# txn                            ApbSeqItem  -     @1020                                             
#   apb_write_paddr              integral    9     'h1e1                                             
#   apb_read_paddr               integral    9     'h144                                             
#   apb_write_data               integral    8     'hdc                                              
#   transfer                     integral    1     'h1                                               
#   READ_WRITE                   integral    1     'h1                                               
#   apb_read_data_out            integral    8     'h0                                               
#   begin_time                   time        64    1205                                              
#   end_time                     time        64    1205                                              
#   depth                        int         32    'd2                                               
#   parent sequence (name)       string      18    continuouswrseq2_h                                
#   parent sequence (full name)  string      50    uvm_test_top.env_h.act_h.seqr_h.continuouswrseq2_h
#   sequencer                    string      31    uvm_test_top.env_h.act_h.seqr_h                   
# ---------------------------------------------------------------------------------------------------
# --------------------------------------DRIVER----------------------------------
# UVM_INFO ApbScoreboard.sv(39) @ 1215: uvm_test_top.env_h.scb_h [SB] EXPECTED TRANSACTION: size = 61 | TRANSFER = 1 | RW = 1 | WDATA = d2 | WPADDR = 144 | RPADDR = 144
# ----------------------------------------------INPUT MONITOR-------------------------------------------------------
# --------------------------------------------
# Name                 Type        Size  Value
# --------------------------------------------
# ip_mon_h             ApbSeqItem  -     @709 
#   apb_write_paddr    integral    9     'h144
#   apb_read_paddr     integral    9     'h144
#   apb_write_data     integral    8     'hd2 
#   transfer           integral    1     'h1  
#   READ_WRITE         integral    1     'h1  
#   apb_read_data_out  integral    8     'h9a 
# --------------------------------------------
# WRITE ADDRESS = 101000100  READ ADDRESS =101000100 || WRITE DATA =d2
# THE RESET IS 1
# ----------------------------------------------INPUT MONITOR-------------------------------------------------------
# READ_ADDRESS_VALIDITY: ASSERTION PASS
# TRANSFER_VALIDITY: ASSERTION PASS
# ---------------------------------DRIVER-------------------
# ---------------------------------------------------------------------------------------------------
# Name                           Type        Size  Value                                             
# ---------------------------------------------------------------------------------------------------
# txn                            ApbSeqItem  -     @1024                                             
#   apb_write_paddr              integral    9     'h19e                                             
#   apb_read_paddr               integral    9     'h1e2                                             
#   apb_write_data               integral    8     'h6b                                              
#   transfer                     integral    1     'h1                                               
#   READ_WRITE                   integral    1     'h0                                               
#   apb_read_data_out            integral    8     'h0                                               
#   begin_time                   time        64    1215                                              
#   depth                        int         32    'd2                                               
#   parent sequence (name)       string      18    continuouswrseq2_h                                
#   parent sequence (full name)  string      50    uvm_test_top.env_h.act_h.seqr_h.continuouswrseq2_h
#   sequencer                    string      31    uvm_test_top.env_h.act_h.seqr_h                   
# ---------------------------------------------------------------------------------------------------
# --------------------------------------DRIVER----------------------------------
# UVM_INFO ApbScoreboard.sv(39) @ 1225: uvm_test_top.env_h.scb_h [SB] EXPECTED TRANSACTION: size = 62 | TRANSFER = 1 | RW = 1 | WDATA = d2 | WPADDR = 144 | RPADDR = 144
# ----------------------------------------------INPUT MONITOR-------------------------------------------------------
# --------------------------------------------
# Name                 Type        Size  Value
# --------------------------------------------
# ip_mon_h             ApbSeqItem  -     @709 
#   apb_write_paddr    integral    9     'h144
#   apb_read_paddr     integral    9     'h144
#   apb_write_data     integral    8     'hd2 
#   transfer           integral    1     'h1  
#   READ_WRITE         integral    1     'h1  
#   apb_read_data_out  integral    8     'h9a 
# --------------------------------------------
# WRITE ADDRESS = 101000100  READ ADDRESS =101000100 || WRITE DATA =d2
# THE RESET IS 1
# ----------------------------------------------INPUT MONITOR-------------------------------------------------------
# UVM_INFO ApbScoreboard.sv(46) @ 1225: uvm_test_top.env_h.scb_h [SB] ACTUAL TRANSACTION: size = 1 | TRANSFER = 1 | RW = 1 | WPADDR = 144 | WDATA = d2 | RDATA = 0 | RPADDR = 144
# ----------------------------------------------OUTPUT MONITOR-------------------------------------------------------
# --------------------------------------------
# Name                 Type        Size  Value
# --------------------------------------------
# op_mon_h             ApbSeqItem  -     @734 
#   apb_write_paddr    integral    9     'h144
#   apb_read_paddr     integral    9     'h144
#   apb_write_data     integral    8     'hd2 
#   transfer           integral    1     'h1  
#   READ_WRITE         integral    1     'h1  
#   apb_read_data_out  integral    8     'h0  
# --------------------------------------------
# ----------------------------------------------OUTPUT MONITOR-------------------------------------------------------
# FOR COMPARING : WRITE DATA =d2 READ DATA OUT =xx
# -------------------------------------------------------------------------READ PASS---------------------------------------------------------------------
# UVM_INFO ApbScoreboard.sv(103) @ 1225: uvm_test_top.env_h.scb_h [COMPARE] READ PASS | EXPECTED RDATA = 0  ACTUAL RDATA =0 |EXPECTED  READ ADDR = 144 ACTUAL READ ADDR =144
# READ_ADDRESS_VALIDITY: ASSERTION PASS
# TRANSFER_VALIDITY: ASSERTION PASS
# ---------------------------------DRIVER-------------------
# ---------------------------------------------------------------------------------------------------
# Name                           Type        Size  Value                                             
# ---------------------------------------------------------------------------------------------------
# txn                            ApbSeqItem  -     @1024                                             
#   apb_write_paddr              integral    9     'h19e                                             
#   apb_read_paddr               integral    9     'h1e2                                             
#   apb_write_data               integral    8     'h6b                                              
#   transfer                     integral    1     'h1                                               
#   READ_WRITE                   integral    1     'h0                                               
#   apb_read_data_out            integral    8     'h0                                               
#   begin_time                   time        64    1225                                              
#   end_time                     time        64    1225                                              
#   depth                        int         32    'd2                                               
#   parent sequence (name)       string      18    continuouswrseq2_h                                
#   parent sequence (full name)  string      50    uvm_test_top.env_h.act_h.seqr_h.continuouswrseq2_h
#   sequencer                    string      31    uvm_test_top.env_h.act_h.seqr_h                   
# ---------------------------------------------------------------------------------------------------
# --------------------------------------DRIVER----------------------------------
# UVM_INFO ApbScoreboard.sv(39) @ 1235: uvm_test_top.env_h.scb_h [SB] EXPECTED TRANSACTION: size = 62 | TRANSFER = 1 | RW = 0 | WDATA = 6b | WPADDR = 19e | RPADDR = 144
# ----------------------------------------------INPUT MONITOR-------------------------------------------------------
# --------------------------------------------
# Name                 Type        Size  Value
# --------------------------------------------
# ip_mon_h             ApbSeqItem  -     @709 
#   apb_write_paddr    integral    9     'h19e
#   apb_read_paddr     integral    9     'h144
#   apb_write_data     integral    8     'h6b 
#   transfer           integral    1     'h1  
#   READ_WRITE         integral    1     'h0  
#   apb_read_data_out  integral    8     'h0  
# --------------------------------------------
# WRITE ADDRESS = 110011110  READ ADDRESS =101000100 || WRITE DATA =6b
# THE RESET IS 1
# ----------------------------------------------INPUT MONITOR-------------------------------------------------------
# WRITE_ADDRESS_VALIDITY: ASSERTION PASS
# TRANSFER_VALIDITY: ASSERTION PASS
# ---------------------------------DRIVER-------------------
# ---------------------------------------------------------------------------------------------------
# Name                           Type        Size  Value                                             
# ---------------------------------------------------------------------------------------------------
# txn                            ApbSeqItem  -     @1028                                             
#   apb_write_paddr              integral    9     'h1b6                                             
#   apb_read_paddr               integral    9     'h1ac                                             
#   apb_write_data               integral    8     'ha7                                              
#   transfer                     integral    1     'h1                                               
#   READ_WRITE                   integral    1     'h0                                               
#   apb_read_data_out            integral    8     'h0                                               
#   begin_time                   time        64    1235                                              
#   depth                        int         32    'd2                                               
#   parent sequence (name)       string      18    continuouswrseq2_h                                
#   parent sequence (full name)  string      50    uvm_test_top.env_h.act_h.seqr_h.continuouswrseq2_h
#   sequencer                    string      31    uvm_test_top.env_h.act_h.seqr_h                   
# ---------------------------------------------------------------------------------------------------
# --------------------------------------DRIVER----------------------------------
# UVM_INFO ApbScoreboard.sv(39) @ 1245: uvm_test_top.env_h.scb_h [SB] EXPECTED TRANSACTION: size = 63 | TRANSFER = 1 | RW = 0 | WDATA = 6b | WPADDR = 19e | RPADDR = 144
# ----------------------------------------------INPUT MONITOR-------------------------------------------------------
# --------------------------------------------
# Name                 Type        Size  Value
# --------------------------------------------
# ip_mon_h             ApbSeqItem  -     @709 
#   apb_write_paddr    integral    9     'h19e
#   apb_read_paddr     integral    9     'h144
#   apb_write_data     integral    8     'h6b 
#   transfer           integral    1     'h1  
#   READ_WRITE         integral    1     'h0  
#   apb_read_data_out  integral    8     'h0  
# --------------------------------------------
# WRITE ADDRESS = 110011110  READ ADDRESS =101000100 || WRITE DATA =6b
# THE RESET IS 1
# ----------------------------------------------INPUT MONITOR-------------------------------------------------------
# UVM_INFO ApbScoreboard.sv(46) @ 1245: uvm_test_top.env_h.scb_h [SB] ACTUAL TRANSACTION: size = 1 | TRANSFER = 1 | RW = 0 | WPADDR = 19e | WDATA = 6b | RDATA = 0 | RPADDR = 144
# ----------------------------------------------OUTPUT MONITOR-------------------------------------------------------
# --------------------------------------------
# Name                 Type        Size  Value
# --------------------------------------------
# op_mon_h             ApbSeqItem  -     @734 
#   apb_write_paddr    integral    9     'h19e
#   apb_read_paddr     integral    9     'h144
#   apb_write_data     integral    8     'h6b 
#   transfer           integral    1     'h1  
#   READ_WRITE         integral    1     'h0  
#   apb_read_data_out  integral    8     'h0  
# --------------------------------------------
# ----------------------------------------------OUTPUT MONITOR-------------------------------------------------------
# FOR COMPARING : WRITE DATA =6b READ DATA OUT =xx
# -------------------------------------------------------------------WRITE--PASS---------------------------------------------------------------------
# UVM_INFO ApbScoreboard.sv(84) @ 1245: uvm_test_top.env_h.scb_h [COMPARE] WRITE PASS | EXPECTED WDATA = 6b  ACTUAL WDATA =6b |EXPECTED  WRITE ADDR = 19e ACTUAL WRITE ADDR =19e
# WRITE_ADDRESS_VALIDITY: ASSERTION PASS
# TRANSFER_VALIDITY: ASSERTION PASS
# ---------------------------------DRIVER-------------------
# ---------------------------------------------------------------------------------------------------
# Name                           Type        Size  Value                                             
# ---------------------------------------------------------------------------------------------------
# txn                            ApbSeqItem  -     @1028                                             
#   apb_write_paddr              integral    9     'h1b6                                             
#   apb_read_paddr               integral    9     'h1ac                                             
#   apb_write_data               integral    8     'ha7                                              
#   transfer                     integral    1     'h1                                               
#   READ_WRITE                   integral    1     'h0                                               
#   apb_read_data_out            integral    8     'h0                                               
#   begin_time                   time        64    1245                                              
#   end_time                     time        64    1245                                              
#   depth                        int         32    'd2                                               
#   parent sequence (name)       string      18    continuouswrseq2_h                                
#   parent sequence (full name)  string      50    uvm_test_top.env_h.act_h.seqr_h.continuouswrseq2_h
#   sequencer                    string      31    uvm_test_top.env_h.act_h.seqr_h                   
# ---------------------------------------------------------------------------------------------------
# --------------------------------------DRIVER----------------------------------
# UVM_INFO ApbScoreboard.sv(39) @ 1255: uvm_test_top.env_h.scb_h [SB] EXPECTED TRANSACTION: size = 63 | TRANSFER = 1 | RW = 0 | WDATA = a7 | WPADDR = 1b6 | RPADDR = 144
# ----------------------------------------------INPUT MONITOR-------------------------------------------------------
# --------------------------------------------
# Name                 Type        Size  Value
# --------------------------------------------
# ip_mon_h             ApbSeqItem  -     @709 
#   apb_write_paddr    integral    9     'h1b6
#   apb_read_paddr     integral    9     'h144
#   apb_write_data     integral    8     'ha7 
#   transfer           integral    1     'h1  
#   READ_WRITE         integral    1     'h0  
#   apb_read_data_out  integral    8     'h0  
# --------------------------------------------
# WRITE ADDRESS = 110110110  READ ADDRESS =101000100 || WRITE DATA =a7
# THE RESET IS 1
# ----------------------------------------------INPUT MONITOR-------------------------------------------------------
# WRITE_ADDRESS_VALIDITY: ASSERTION PASS
# TRANSFER_VALIDITY: ASSERTION PASS
# ---------------------------------DRIVER-------------------
# ---------------------------------------------------------------------------------------------------
# Name                           Type        Size  Value                                             
# ---------------------------------------------------------------------------------------------------
# txn                            ApbSeqItem  -     @1032                                             
#   apb_write_paddr              integral    9     'h1d7                                             
#   apb_read_paddr               integral    9     'h154                                             
#   apb_write_data               integral    8     'hb3                                              
#   transfer                     integral    1     'h1                                               
#   READ_WRITE                   integral    1     'h0                                               
#   apb_read_data_out            integral    8     'h0                                               
#   begin_time                   time        64    1255                                              
#   depth                        int         32    'd2                                               
#   parent sequence (name)       string      18    continuouswrseq2_h                                
#   parent sequence (full name)  string      50    uvm_test_top.env_h.act_h.seqr_h.continuouswrseq2_h
#   sequencer                    string      31    uvm_test_top.env_h.act_h.seqr_h                   
# ---------------------------------------------------------------------------------------------------
# --------------------------------------DRIVER----------------------------------
# UVM_INFO ApbScoreboard.sv(39) @ 1265: uvm_test_top.env_h.scb_h [SB] EXPECTED TRANSACTION: size = 64 | TRANSFER = 1 | RW = 0 | WDATA = a7 | WPADDR = 1b6 | RPADDR = 144
# ----------------------------------------------INPUT MONITOR-------------------------------------------------------
# --------------------------------------------
# Name                 Type        Size  Value
# --------------------------------------------
# ip_mon_h             ApbSeqItem  -     @709 
#   apb_write_paddr    integral    9     'h1b6
#   apb_read_paddr     integral    9     'h144
#   apb_write_data     integral    8     'ha7 
#   transfer           integral    1     'h1  
#   READ_WRITE         integral    1     'h0  
#   apb_read_data_out  integral    8     'h0  
# --------------------------------------------
# WRITE ADDRESS = 110110110  READ ADDRESS =101000100 || WRITE DATA =a7
# THE RESET IS 1
# ----------------------------------------------INPUT MONITOR-------------------------------------------------------
# UVM_INFO ApbScoreboard.sv(46) @ 1265: uvm_test_top.env_h.scb_h [SB] ACTUAL TRANSACTION: size = 1 | TRANSFER = 1 | RW = 0 | WPADDR = 1b6 | WDATA = a7 | RDATA = 0 | RPADDR = 144
# ----------------------------------------------OUTPUT MONITOR-------------------------------------------------------
# --------------------------------------------
# Name                 Type        Size  Value
# --------------------------------------------
# op_mon_h             ApbSeqItem  -     @734 
#   apb_write_paddr    integral    9     'h1b6
#   apb_read_paddr     integral    9     'h144
#   apb_write_data     integral    8     'ha7 
#   transfer           integral    1     'h1  
#   READ_WRITE         integral    1     'h0  
#   apb_read_data_out  integral    8     'h0  
# --------------------------------------------
# ----------------------------------------------OUTPUT MONITOR-------------------------------------------------------
# FOR COMPARING : WRITE DATA =a7 READ DATA OUT =xx
# -------------------------------------------------------------------WRITE--PASS---------------------------------------------------------------------
# UVM_INFO ApbScoreboard.sv(84) @ 1265: uvm_test_top.env_h.scb_h [COMPARE] WRITE PASS | EXPECTED WDATA = a7  ACTUAL WDATA =a7 |EXPECTED  WRITE ADDR = 1b6 ACTUAL WRITE ADDR =1b6
# WRITE_ADDRESS_VALIDITY: ASSERTION PASS
# TRANSFER_VALIDITY: ASSERTION PASS
# ---------------------------------DRIVER-------------------
# ---------------------------------------------------------------------------------------------------
# Name                           Type        Size  Value                                             
# ---------------------------------------------------------------------------------------------------
# txn                            ApbSeqItem  -     @1032                                             
#   apb_write_paddr              integral    9     'h1d7                                             
#   apb_read_paddr               integral    9     'h154                                             
#   apb_write_data               integral    8     'hb3                                              
#   transfer                     integral    1     'h1                                               
#   READ_WRITE                   integral    1     'h0                                               
#   apb_read_data_out            integral    8     'h0                                               
#   begin_time                   time        64    1265                                              
#   end_time                     time        64    1265                                              
#   depth                        int         32    'd2                                               
#   parent sequence (name)       string      18    continuouswrseq2_h                                
#   parent sequence (full name)  string      50    uvm_test_top.env_h.act_h.seqr_h.continuouswrseq2_h
#   sequencer                    string      31    uvm_test_top.env_h.act_h.seqr_h                   
# ---------------------------------------------------------------------------------------------------
# --------------------------------------DRIVER----------------------------------
# UVM_INFO ApbScoreboard.sv(39) @ 1275: uvm_test_top.env_h.scb_h [SB] EXPECTED TRANSACTION: size = 64 | TRANSFER = 1 | RW = 0 | WDATA = b3 | WPADDR = 1d7 | RPADDR = 144
# ----------------------------------------------INPUT MONITOR-------------------------------------------------------
# --------------------------------------------
# Name                 Type        Size  Value
# --------------------------------------------
# ip_mon_h             ApbSeqItem  -     @709 
#   apb_write_paddr    integral    9     'h1d7
#   apb_read_paddr     integral    9     'h144
#   apb_write_data     integral    8     'hb3 
#   transfer           integral    1     'h1  
#   READ_WRITE         integral    1     'h0  
#   apb_read_data_out  integral    8     'h0  
# --------------------------------------------
# WRITE ADDRESS = 111010111  READ ADDRESS =101000100 || WRITE DATA =b3
# THE RESET IS 1
# ----------------------------------------------INPUT MONITOR-------------------------------------------------------
# WRITE_ADDRESS_VALIDITY: ASSERTION PASS
# TRANSFER_VALIDITY: ASSERTION PASS
# ---------------------------------DRIVER-------------------
# ---------------------------------------------------------------------------------------------------
# Name                           Type        Size  Value                                             
# ---------------------------------------------------------------------------------------------------
# txn                            ApbSeqItem  -     @1036                                             
#   apb_write_paddr              integral    9     'h5                                               
#   apb_read_paddr               integral    9     'h1d7                                             
#   apb_write_data               integral    8     'h93                                              
#   transfer                     integral    1     'h1                                               
#   READ_WRITE                   integral    1     'h1                                               
#   apb_read_data_out            integral    8     'h0                                               
#   begin_time                   time        64    1275                                              
#   depth                        int         32    'd2                                               
#   parent sequence (name)       string      18    continuouswrseq2_h                                
#   parent sequence (full name)  string      50    uvm_test_top.env_h.act_h.seqr_h.continuouswrseq2_h
#   sequencer                    string      31    uvm_test_top.env_h.act_h.seqr_h                   
# ---------------------------------------------------------------------------------------------------
# --------------------------------------DRIVER----------------------------------
# UVM_INFO ApbScoreboard.sv(39) @ 1285: uvm_test_top.env_h.scb_h [SB] EXPECTED TRANSACTION: size = 65 | TRANSFER = 1 | RW = 0 | WDATA = b3 | WPADDR = 1d7 | RPADDR = 144
# ----------------------------------------------INPUT MONITOR-------------------------------------------------------
# --------------------------------------------
# Name                 Type        Size  Value
# --------------------------------------------
# ip_mon_h             ApbSeqItem  -     @709 
#   apb_write_paddr    integral    9     'h1d7
#   apb_read_paddr     integral    9     'h144
#   apb_write_data     integral    8     'hb3 
#   transfer           integral    1     'h1  
#   READ_WRITE         integral    1     'h0  
#   apb_read_data_out  integral    8     'h0  
# --------------------------------------------
# WRITE ADDRESS = 111010111  READ ADDRESS =101000100 || WRITE DATA =b3
# THE RESET IS 1
# ----------------------------------------------INPUT MONITOR-------------------------------------------------------
# UVM_INFO ApbScoreboard.sv(46) @ 1285: uvm_test_top.env_h.scb_h [SB] ACTUAL TRANSACTION: size = 1 | TRANSFER = 1 | RW = 0 | WPADDR = 1d7 | WDATA = b3 | RDATA = 0 | RPADDR = 144
# ----------------------------------------------OUTPUT MONITOR-------------------------------------------------------
# --------------------------------------------
# Name                 Type        Size  Value
# --------------------------------------------
# op_mon_h             ApbSeqItem  -     @734 
#   apb_write_paddr    integral    9     'h1d7
#   apb_read_paddr     integral    9     'h144
#   apb_write_data     integral    8     'hb3 
#   transfer           integral    1     'h1  
#   READ_WRITE         integral    1     'h0  
#   apb_read_data_out  integral    8     'h0  
# --------------------------------------------
# ----------------------------------------------OUTPUT MONITOR-------------------------------------------------------
# FOR COMPARING : WRITE DATA =b3 READ DATA OUT =xx
# -------------------------------------------------------------------WRITE--PASS---------------------------------------------------------------------
# UVM_INFO ApbScoreboard.sv(84) @ 1285: uvm_test_top.env_h.scb_h [COMPARE] WRITE PASS | EXPECTED WDATA = b3  ACTUAL WDATA =b3 |EXPECTED  WRITE ADDR = 1d7 ACTUAL WRITE ADDR =1d7
# WRITE_ADDRESS_VALIDITY: ASSERTION PASS
# TRANSFER_VALIDITY: ASSERTION PASS
# ---------------------------------DRIVER-------------------
# ---------------------------------------------------------------------------------------------------
# Name                           Type        Size  Value                                             
# ---------------------------------------------------------------------------------------------------
# txn                            ApbSeqItem  -     @1036                                             
#   apb_write_paddr              integral    9     'h5                                               
#   apb_read_paddr               integral    9     'h1d7                                             
#   apb_write_data               integral    8     'h93                                              
#   transfer                     integral    1     'h1                                               
#   READ_WRITE                   integral    1     'h1                                               
#   apb_read_data_out            integral    8     'h0                                               
#   begin_time                   time        64    1285                                              
#   end_time                     time        64    1285                                              
#   depth                        int         32    'd2                                               
#   parent sequence (name)       string      18    continuouswrseq2_h                                
#   parent sequence (full name)  string      50    uvm_test_top.env_h.act_h.seqr_h.continuouswrseq2_h
#   sequencer                    string      31    uvm_test_top.env_h.act_h.seqr_h                   
# ---------------------------------------------------------------------------------------------------
# --------------------------------------DRIVER----------------------------------
# UVM_INFO ApbScoreboard.sv(39) @ 1295: uvm_test_top.env_h.scb_h [SB] EXPECTED TRANSACTION: size = 65 | TRANSFER = 1 | RW = 1 | WDATA = b3 | WPADDR = 1d7 | RPADDR = 1d7
# ----------------------------------------------INPUT MONITOR-------------------------------------------------------
# --------------------------------------------
# Name                 Type        Size  Value
# --------------------------------------------
# ip_mon_h             ApbSeqItem  -     @709 
#   apb_write_paddr    integral    9     'h1d7
#   apb_read_paddr     integral    9     'h1d7
#   apb_write_data     integral    8     'hb3 
#   transfer           integral    1     'h1  
#   READ_WRITE         integral    1     'h1  
#   apb_read_data_out  integral    8     'h0  
# --------------------------------------------
# WRITE ADDRESS = 111010111  READ ADDRESS =111010111 || WRITE DATA =b3
# THE RESET IS 1
# ----------------------------------------------INPUT MONITOR-------------------------------------------------------
# READ_ADDRESS_VALIDITY: ASSERTION PASS
# TRANSFER_VALIDITY: ASSERTION PASS
# ---------------------------------DRIVER-------------------
# ---------------------------------------------------------------------------------------------------
# Name                           Type        Size  Value                                             
# ---------------------------------------------------------------------------------------------------
# txn                            ApbSeqItem  -     @1040                                             
#   apb_write_paddr              integral    9     'h1a9                                             
#   apb_read_paddr               integral    9     'h1a2                                             
#   apb_write_data               integral    8     'h29                                              
#   transfer                     integral    1     'h1                                               
#   READ_WRITE                   integral    1     'h0                                               
#   apb_read_data_out            integral    8     'h0                                               
#   begin_time                   time        64    1295                                              
#   depth                        int         32    'd2                                               
#   parent sequence (name)       string      18    continuouswrseq2_h                                
#   parent sequence (full name)  string      50    uvm_test_top.env_h.act_h.seqr_h.continuouswrseq2_h
#   sequencer                    string      31    uvm_test_top.env_h.act_h.seqr_h                   
# ---------------------------------------------------------------------------------------------------
# --------------------------------------DRIVER----------------------------------
# UVM_INFO ApbScoreboard.sv(39) @ 1305: uvm_test_top.env_h.scb_h [SB] EXPECTED TRANSACTION: size = 66 | TRANSFER = 1 | RW = 1 | WDATA = b3 | WPADDR = 1d7 | RPADDR = 1d7
# ----------------------------------------------INPUT MONITOR-------------------------------------------------------
# --------------------------------------------
# Name                 Type        Size  Value
# --------------------------------------------
# ip_mon_h             ApbSeqItem  -     @709 
#   apb_write_paddr    integral    9     'h1d7
#   apb_read_paddr     integral    9     'h1d7
#   apb_write_data     integral    8     'hb3 
#   transfer           integral    1     'h1  
#   READ_WRITE         integral    1     'h1  
#   apb_read_data_out  integral    8     'h0  
# --------------------------------------------
# WRITE ADDRESS = 111010111  READ ADDRESS =111010111 || WRITE DATA =b3
# THE RESET IS 1
# ----------------------------------------------INPUT MONITOR-------------------------------------------------------
# UVM_INFO ApbScoreboard.sv(46) @ 1305: uvm_test_top.env_h.scb_h [SB] ACTUAL TRANSACTION: size = 1 | TRANSFER = 1 | RW = 1 | WPADDR = 1d7 | WDATA = b3 | RDATA = 0 | RPADDR = 1d7
# ----------------------------------------------OUTPUT MONITOR-------------------------------------------------------
# --------------------------------------------
# Name                 Type        Size  Value
# --------------------------------------------
# op_mon_h             ApbSeqItem  -     @734 
#   apb_write_paddr    integral    9     'h1d7
#   apb_read_paddr     integral    9     'h1d7
#   apb_write_data     integral    8     'hb3 
#   transfer           integral    1     'h1  
#   READ_WRITE         integral    1     'h1  
#   apb_read_data_out  integral    8     'h0  
# --------------------------------------------
# ----------------------------------------------OUTPUT MONITOR-------------------------------------------------------
# FOR COMPARING : WRITE DATA =b3 READ DATA OUT =xx
# -------------------------------------------------------------------------READ PASS---------------------------------------------------------------------
# UVM_INFO ApbScoreboard.sv(103) @ 1305: uvm_test_top.env_h.scb_h [COMPARE] READ PASS | EXPECTED RDATA = 0  ACTUAL RDATA =0 |EXPECTED  READ ADDR = 1d7 ACTUAL READ ADDR =1d7
# READ_ADDRESS_VALIDITY: ASSERTION PASS
# TRANSFER_VALIDITY: ASSERTION PASS
# ---------------------------------DRIVER-------------------
# ---------------------------------------------------------------------------------------------------
# Name                           Type        Size  Value                                             
# ---------------------------------------------------------------------------------------------------
# txn                            ApbSeqItem  -     @1040                                             
#   apb_write_paddr              integral    9     'h1a9                                             
#   apb_read_paddr               integral    9     'h1a2                                             
#   apb_write_data               integral    8     'h29                                              
#   transfer                     integral    1     'h1                                               
#   READ_WRITE                   integral    1     'h0                                               
#   apb_read_data_out            integral    8     'h0                                               
#   begin_time                   time        64    1305                                              
#   end_time                     time        64    1305                                              
#   depth                        int         32    'd2                                               
#   parent sequence (name)       string      18    continuouswrseq2_h                                
#   parent sequence (full name)  string      50    uvm_test_top.env_h.act_h.seqr_h.continuouswrseq2_h
#   sequencer                    string      31    uvm_test_top.env_h.act_h.seqr_h                   
# ---------------------------------------------------------------------------------------------------
# --------------------------------------DRIVER----------------------------------
# UVM_INFO ApbScoreboard.sv(39) @ 1315: uvm_test_top.env_h.scb_h [SB] EXPECTED TRANSACTION: size = 66 | TRANSFER = 1 | RW = 0 | WDATA = 29 | WPADDR = 1a9 | RPADDR = 1d7
# ----------------------------------------------INPUT MONITOR-------------------------------------------------------
# --------------------------------------------
# Name                 Type        Size  Value
# --------------------------------------------
# ip_mon_h             ApbSeqItem  -     @709 
#   apb_write_paddr    integral    9     'h1a9
#   apb_read_paddr     integral    9     'h1d7
#   apb_write_data     integral    8     'h29 
#   transfer           integral    1     'h1  
#   READ_WRITE         integral    1     'h0  
#   apb_read_data_out  integral    8     'h0  
# --------------------------------------------
# WRITE ADDRESS = 110101001  READ ADDRESS =111010111 || WRITE DATA =29
# THE RESET IS 1
# ----------------------------------------------INPUT MONITOR-------------------------------------------------------
# WRITE_ADDRESS_VALIDITY: ASSERTION PASS
# TRANSFER_VALIDITY: ASSERTION PASS
# ---------------------------------DRIVER-------------------
# ---------------------------------------------------------------------------------------------------
# Name                           Type        Size  Value                                             
# ---------------------------------------------------------------------------------------------------
# txn                            ApbSeqItem  -     @1044                                             
#   apb_write_paddr              integral    9     'h11b                                             
#   apb_read_paddr               integral    9     'h116                                             
#   apb_write_data               integral    8     'hd1                                              
#   transfer                     integral    1     'h1                                               
#   READ_WRITE                   integral    1     'h0                                               
#   apb_read_data_out            integral    8     'h0                                               
#   begin_time                   time        64    1315                                              
#   depth                        int         32    'd2                                               
#   parent sequence (name)       string      18    continuouswrseq2_h                                
#   parent sequence (full name)  string      50    uvm_test_top.env_h.act_h.seqr_h.continuouswrseq2_h
#   sequencer                    string      31    uvm_test_top.env_h.act_h.seqr_h                   
# ---------------------------------------------------------------------------------------------------
# --------------------------------------DRIVER----------------------------------
# UVM_INFO ApbScoreboard.sv(39) @ 1325: uvm_test_top.env_h.scb_h [SB] EXPECTED TRANSACTION: size = 67 | TRANSFER = 1 | RW = 0 | WDATA = 29 | WPADDR = 1a9 | RPADDR = 1d7
# ----------------------------------------------INPUT MONITOR-------------------------------------------------------
# --------------------------------------------
# Name                 Type        Size  Value
# --------------------------------------------
# ip_mon_h             ApbSeqItem  -     @709 
#   apb_write_paddr    integral    9     'h1a9
#   apb_read_paddr     integral    9     'h1d7
#   apb_write_data     integral    8     'h29 
#   transfer           integral    1     'h1  
#   READ_WRITE         integral    1     'h0  
#   apb_read_data_out  integral    8     'h0  
# --------------------------------------------
# WRITE ADDRESS = 110101001  READ ADDRESS =111010111 || WRITE DATA =29
# THE RESET IS 1
# ----------------------------------------------INPUT MONITOR-------------------------------------------------------
# UVM_INFO ApbScoreboard.sv(46) @ 1325: uvm_test_top.env_h.scb_h [SB] ACTUAL TRANSACTION: size = 1 | TRANSFER = 1 | RW = 0 | WPADDR = 1a9 | WDATA = 29 | RDATA = 0 | RPADDR = 1d7
# ----------------------------------------------OUTPUT MONITOR-------------------------------------------------------
# --------------------------------------------
# Name                 Type        Size  Value
# --------------------------------------------
# op_mon_h             ApbSeqItem  -     @734 
#   apb_write_paddr    integral    9     'h1a9
#   apb_read_paddr     integral    9     'h1d7
#   apb_write_data     integral    8     'h29 
#   transfer           integral    1     'h1  
#   READ_WRITE         integral    1     'h0  
#   apb_read_data_out  integral    8     'h0  
# --------------------------------------------
# ----------------------------------------------OUTPUT MONITOR-------------------------------------------------------
# FOR COMPARING : WRITE DATA =29 READ DATA OUT =xx
# -------------------------------------------------------------------WRITE--PASS---------------------------------------------------------------------
# UVM_INFO ApbScoreboard.sv(84) @ 1325: uvm_test_top.env_h.scb_h [COMPARE] WRITE PASS | EXPECTED WDATA = 29  ACTUAL WDATA =29 |EXPECTED  WRITE ADDR = 1a9 ACTUAL WRITE ADDR =1a9
# WRITE_ADDRESS_VALIDITY: ASSERTION PASS
# TRANSFER_VALIDITY: ASSERTION PASS
# ---------------------------------DRIVER-------------------
# ---------------------------------------------------------------------------------------------------
# Name                           Type        Size  Value                                             
# ---------------------------------------------------------------------------------------------------
# txn                            ApbSeqItem  -     @1044                                             
#   apb_write_paddr              integral    9     'h11b                                             
#   apb_read_paddr               integral    9     'h116                                             
#   apb_write_data               integral    8     'hd1                                              
#   transfer                     integral    1     'h1                                               
#   READ_WRITE                   integral    1     'h0                                               
#   apb_read_data_out            integral    8     'h0                                               
#   begin_time                   time        64    1325                                              
#   end_time                     time        64    1325                                              
#   depth                        int         32    'd2                                               
#   parent sequence (name)       string      18    continuouswrseq2_h                                
#   parent sequence (full name)  string      50    uvm_test_top.env_h.act_h.seqr_h.continuouswrseq2_h
#   sequencer                    string      31    uvm_test_top.env_h.act_h.seqr_h                   
# ---------------------------------------------------------------------------------------------------
# --------------------------------------DRIVER----------------------------------
# UVM_INFO ApbScoreboard.sv(39) @ 1335: uvm_test_top.env_h.scb_h [SB] EXPECTED TRANSACTION: size = 67 | TRANSFER = 1 | RW = 0 | WDATA = d1 | WPADDR = 11b | RPADDR = 1d7
# ----------------------------------------------INPUT MONITOR-------------------------------------------------------
# --------------------------------------------
# Name                 Type        Size  Value
# --------------------------------------------
# ip_mon_h             ApbSeqItem  -     @709 
#   apb_write_paddr    integral    9     'h11b
#   apb_read_paddr     integral    9     'h1d7
#   apb_write_data     integral    8     'hd1 
#   transfer           integral    1     'h1  
#   READ_WRITE         integral    1     'h0  
#   apb_read_data_out  integral    8     'h0  
# --------------------------------------------
# WRITE ADDRESS = 100011011  READ ADDRESS =111010111 || WRITE DATA =d1
# THE RESET IS 1
# ----------------------------------------------INPUT MONITOR-------------------------------------------------------
# WRITE_ADDRESS_VALIDITY: ASSERTION PASS
# TRANSFER_VALIDITY: ASSERTION PASS
# ---------------------------------DRIVER-------------------
# ---------------------------------------------------------------------------------------------------
# Name                           Type        Size  Value                                             
# ---------------------------------------------------------------------------------------------------
# txn                            ApbSeqItem  -     @1048                                             
#   apb_write_paddr              integral    9     'h147                                             
#   apb_read_paddr               integral    9     'h67                                              
#   apb_write_data               integral    8     'h45                                              
#   transfer                     integral    1     'h1                                               
#   READ_WRITE                   integral    1     'h0                                               
#   apb_read_data_out            integral    8     'h0                                               
#   begin_time                   time        64    1335                                              
#   depth                        int         32    'd2                                               
#   parent sequence (name)       string      18    continuouswrseq2_h                                
#   parent sequence (full name)  string      50    uvm_test_top.env_h.act_h.seqr_h.continuouswrseq2_h
#   sequencer                    string      31    uvm_test_top.env_h.act_h.seqr_h                   
# ---------------------------------------------------------------------------------------------------
# --------------------------------------DRIVER----------------------------------
# UVM_INFO ApbScoreboard.sv(39) @ 1345: uvm_test_top.env_h.scb_h [SB] EXPECTED TRANSACTION: size = 68 | TRANSFER = 1 | RW = 0 | WDATA = d1 | WPADDR = 11b | RPADDR = 1d7
# ----------------------------------------------INPUT MONITOR-------------------------------------------------------
# --------------------------------------------
# Name                 Type        Size  Value
# --------------------------------------------
# ip_mon_h             ApbSeqItem  -     @709 
#   apb_write_paddr    integral    9     'h11b
#   apb_read_paddr     integral    9     'h1d7
#   apb_write_data     integral    8     'hd1 
#   transfer           integral    1     'h1  
#   READ_WRITE         integral    1     'h0  
#   apb_read_data_out  integral    8     'h0  
# --------------------------------------------
# WRITE ADDRESS = 100011011  READ ADDRESS =111010111 || WRITE DATA =d1
# THE RESET IS 1
# ----------------------------------------------INPUT MONITOR-------------------------------------------------------
# UVM_INFO ApbScoreboard.sv(46) @ 1345: uvm_test_top.env_h.scb_h [SB] ACTUAL TRANSACTION: size = 1 | TRANSFER = 1 | RW = 0 | WPADDR = 11b | WDATA = d1 | RDATA = 0 | RPADDR = 1d7
# ----------------------------------------------OUTPUT MONITOR-------------------------------------------------------
# --------------------------------------------
# Name                 Type        Size  Value
# --------------------------------------------
# op_mon_h             ApbSeqItem  -     @734 
#   apb_write_paddr    integral    9     'h11b
#   apb_read_paddr     integral    9     'h1d7
#   apb_write_data     integral    8     'hd1 
#   transfer           integral    1     'h1  
#   READ_WRITE         integral    1     'h0  
#   apb_read_data_out  integral    8     'h0  
# --------------------------------------------
# ----------------------------------------------OUTPUT MONITOR-------------------------------------------------------
# FOR COMPARING : WRITE DATA =d1 READ DATA OUT =xx
# -------------------------------------------------------------------WRITE--PASS---------------------------------------------------------------------
# UVM_INFO ApbScoreboard.sv(84) @ 1345: uvm_test_top.env_h.scb_h [COMPARE] WRITE PASS | EXPECTED WDATA = d1  ACTUAL WDATA =d1 |EXPECTED  WRITE ADDR = 11b ACTUAL WRITE ADDR =11b
# WRITE_ADDRESS_VALIDITY: ASSERTION PASS
# TRANSFER_VALIDITY: ASSERTION PASS
# ---------------------------------DRIVER-------------------
# ---------------------------------------------------------------------------------------------------
# Name                           Type        Size  Value                                             
# ---------------------------------------------------------------------------------------------------
# txn                            ApbSeqItem  -     @1048                                             
#   apb_write_paddr              integral    9     'h147                                             
#   apb_read_paddr               integral    9     'h67                                              
#   apb_write_data               integral    8     'h45                                              
#   transfer                     integral    1     'h1                                               
#   READ_WRITE                   integral    1     'h0                                               
#   apb_read_data_out            integral    8     'h0                                               
#   begin_time                   time        64    1345                                              
#   end_time                     time        64    1345                                              
#   depth                        int         32    'd2                                               
#   parent sequence (name)       string      18    continuouswrseq2_h                                
#   parent sequence (full name)  string      50    uvm_test_top.env_h.act_h.seqr_h.continuouswrseq2_h
#   sequencer                    string      31    uvm_test_top.env_h.act_h.seqr_h                   
# ---------------------------------------------------------------------------------------------------
# --------------------------------------DRIVER----------------------------------
# UVM_INFO ApbScoreboard.sv(39) @ 1355: uvm_test_top.env_h.scb_h [SB] EXPECTED TRANSACTION: size = 68 | TRANSFER = 1 | RW = 0 | WDATA = 45 | WPADDR = 147 | RPADDR = 1d7
# ----------------------------------------------INPUT MONITOR-------------------------------------------------------
# --------------------------------------------
# Name                 Type        Size  Value
# --------------------------------------------
# ip_mon_h             ApbSeqItem  -     @709 
#   apb_write_paddr    integral    9     'h147
#   apb_read_paddr     integral    9     'h1d7
#   apb_write_data     integral    8     'h45 
#   transfer           integral    1     'h1  
#   READ_WRITE         integral    1     'h0  
#   apb_read_data_out  integral    8     'h0  
# --------------------------------------------
# WRITE ADDRESS = 101000111  READ ADDRESS =111010111 || WRITE DATA =45
# THE RESET IS 1
# ----------------------------------------------INPUT MONITOR-------------------------------------------------------
# WRITE_ADDRESS_VALIDITY: ASSERTION PASS
# TRANSFER_VALIDITY: ASSERTION PASS
# ---------------------------------DRIVER-------------------
# ---------------------------------------------------------------------------------------------------
# Name                           Type        Size  Value                                             
# ---------------------------------------------------------------------------------------------------
# txn                            ApbSeqItem  -     @1052                                             
#   apb_write_paddr              integral    9     'h169                                             
#   apb_read_paddr               integral    9     'h147                                             
#   apb_write_data               integral    8     'h87                                              
#   transfer                     integral    1     'h1                                               
#   READ_WRITE                   integral    1     'h1                                               
#   apb_read_data_out            integral    8     'h0                                               
#   begin_time                   time        64    1355                                              
#   depth                        int         32    'd2                                               
#   parent sequence (name)       string      18    continuouswrseq2_h                                
#   parent sequence (full name)  string      50    uvm_test_top.env_h.act_h.seqr_h.continuouswrseq2_h
#   sequencer                    string      31    uvm_test_top.env_h.act_h.seqr_h                   
# ---------------------------------------------------------------------------------------------------
# --------------------------------------DRIVER----------------------------------
# UVM_INFO ApbScoreboard.sv(39) @ 1365: uvm_test_top.env_h.scb_h [SB] EXPECTED TRANSACTION: size = 69 | TRANSFER = 1 | RW = 0 | WDATA = 45 | WPADDR = 147 | RPADDR = 1d7
# ----------------------------------------------INPUT MONITOR-------------------------------------------------------
# --------------------------------------------
# Name                 Type        Size  Value
# --------------------------------------------
# ip_mon_h             ApbSeqItem  -     @709 
#   apb_write_paddr    integral    9     'h147
#   apb_read_paddr     integral    9     'h1d7
#   apb_write_data     integral    8     'h45 
#   transfer           integral    1     'h1  
#   READ_WRITE         integral    1     'h0  
#   apb_read_data_out  integral    8     'h0  
# --------------------------------------------
# WRITE ADDRESS = 101000111  READ ADDRESS =111010111 || WRITE DATA =45
# THE RESET IS 1
# ----------------------------------------------INPUT MONITOR-------------------------------------------------------
# UVM_INFO ApbScoreboard.sv(46) @ 1365: uvm_test_top.env_h.scb_h [SB] ACTUAL TRANSACTION: size = 1 | TRANSFER = 1 | RW = 0 | WPADDR = 147 | WDATA = 45 | RDATA = 0 | RPADDR = 1d7
# ----------------------------------------------OUTPUT MONITOR-------------------------------------------------------
# --------------------------------------------
# Name                 Type        Size  Value
# --------------------------------------------
# op_mon_h             ApbSeqItem  -     @734 
#   apb_write_paddr    integral    9     'h147
#   apb_read_paddr     integral    9     'h1d7
#   apb_write_data     integral    8     'h45 
#   transfer           integral    1     'h1  
#   READ_WRITE         integral    1     'h0  
#   apb_read_data_out  integral    8     'h0  
# --------------------------------------------
# ----------------------------------------------OUTPUT MONITOR-------------------------------------------------------
# FOR COMPARING : WRITE DATA =45 READ DATA OUT =xx
# -------------------------------------------------------------------WRITE--PASS---------------------------------------------------------------------
# UVM_INFO ApbScoreboard.sv(84) @ 1365: uvm_test_top.env_h.scb_h [COMPARE] WRITE PASS | EXPECTED WDATA = 45  ACTUAL WDATA =45 |EXPECTED  WRITE ADDR = 147 ACTUAL WRITE ADDR =147
# WRITE_ADDRESS_VALIDITY: ASSERTION PASS
# TRANSFER_VALIDITY: ASSERTION PASS
# ---------------------------------DRIVER-------------------
# ---------------------------------------------------------------------------------------------------
# Name                           Type        Size  Value                                             
# ---------------------------------------------------------------------------------------------------
# txn                            ApbSeqItem  -     @1052                                             
#   apb_write_paddr              integral    9     'h169                                             
#   apb_read_paddr               integral    9     'h147                                             
#   apb_write_data               integral    8     'h87                                              
#   transfer                     integral    1     'h1                                               
#   READ_WRITE                   integral    1     'h1                                               
#   apb_read_data_out            integral    8     'h0                                               
#   begin_time                   time        64    1365                                              
#   end_time                     time        64    1365                                              
#   depth                        int         32    'd2                                               
#   parent sequence (name)       string      18    continuouswrseq2_h                                
#   parent sequence (full name)  string      50    uvm_test_top.env_h.act_h.seqr_h.continuouswrseq2_h
#   sequencer                    string      31    uvm_test_top.env_h.act_h.seqr_h                   
# ---------------------------------------------------------------------------------------------------
# --------------------------------------DRIVER----------------------------------
# UVM_INFO ApbScoreboard.sv(39) @ 1375: uvm_test_top.env_h.scb_h [SB] EXPECTED TRANSACTION: size = 69 | TRANSFER = 1 | RW = 1 | WDATA = 45 | WPADDR = 147 | RPADDR = 147
# ----------------------------------------------INPUT MONITOR-------------------------------------------------------
# --------------------------------------------
# Name                 Type        Size  Value
# --------------------------------------------
# ip_mon_h             ApbSeqItem  -     @709 
#   apb_write_paddr    integral    9     'h147
#   apb_read_paddr     integral    9     'h147
#   apb_write_data     integral    8     'h45 
#   transfer           integral    1     'h1  
#   READ_WRITE         integral    1     'h1  
#   apb_read_data_out  integral    8     'h0  
# --------------------------------------------
# WRITE ADDRESS = 101000111  READ ADDRESS =101000111 || WRITE DATA =45
# THE RESET IS 1
# ----------------------------------------------INPUT MONITOR-------------------------------------------------------
# READ_ADDRESS_VALIDITY: ASSERTION PASS
# TRANSFER_VALIDITY: ASSERTION PASS
# ---------------------------------DRIVER-------------------
# ---------------------------------------------------------------------------------------------------
# Name                           Type        Size  Value                                             
# ---------------------------------------------------------------------------------------------------
# txn                            ApbSeqItem  -     @1056                                             
#   apb_write_paddr              integral    9     'h12f                                             
#   apb_read_paddr               integral    9     'h3b                                              
#   apb_write_data               integral    8     'h29                                              
#   transfer                     integral    1     'h1                                               
#   READ_WRITE                   integral    1     'h0                                               
#   apb_read_data_out            integral    8     'h0                                               
#   begin_time                   time        64    1375                                              
#   depth                        int         32    'd2                                               
#   parent sequence (name)       string      18    continuouswrseq2_h                                
#   parent sequence (full name)  string      50    uvm_test_top.env_h.act_h.seqr_h.continuouswrseq2_h
#   sequencer                    string      31    uvm_test_top.env_h.act_h.seqr_h                   
# ---------------------------------------------------------------------------------------------------
# --------------------------------------DRIVER----------------------------------
# UVM_INFO ApbScoreboard.sv(39) @ 1385: uvm_test_top.env_h.scb_h [SB] EXPECTED TRANSACTION: size = 70 | TRANSFER = 1 | RW = 1 | WDATA = 45 | WPADDR = 147 | RPADDR = 147
# ----------------------------------------------INPUT MONITOR-------------------------------------------------------
# --------------------------------------------
# Name                 Type        Size  Value
# --------------------------------------------
# ip_mon_h             ApbSeqItem  -     @709 
#   apb_write_paddr    integral    9     'h147
#   apb_read_paddr     integral    9     'h147
#   apb_write_data     integral    8     'h45 
#   transfer           integral    1     'h1  
#   READ_WRITE         integral    1     'h1  
#   apb_read_data_out  integral    8     'h0  
# --------------------------------------------
# WRITE ADDRESS = 101000111  READ ADDRESS =101000111 || WRITE DATA =45
# THE RESET IS 1
# ----------------------------------------------INPUT MONITOR-------------------------------------------------------
# UVM_INFO ApbScoreboard.sv(46) @ 1385: uvm_test_top.env_h.scb_h [SB] ACTUAL TRANSACTION: size = 1 | TRANSFER = 1 | RW = 1 | WPADDR = 147 | WDATA = 45 | RDATA = 0 | RPADDR = 147
# ----------------------------------------------OUTPUT MONITOR-------------------------------------------------------
# --------------------------------------------
# Name                 Type        Size  Value
# --------------------------------------------
# op_mon_h             ApbSeqItem  -     @734 
#   apb_write_paddr    integral    9     'h147
#   apb_read_paddr     integral    9     'h147
#   apb_write_data     integral    8     'h45 
#   transfer           integral    1     'h1  
#   READ_WRITE         integral    1     'h1  
#   apb_read_data_out  integral    8     'h0  
# --------------------------------------------
# ----------------------------------------------OUTPUT MONITOR-------------------------------------------------------
# FOR COMPARING : WRITE DATA =45 READ DATA OUT =xx
# -------------------------------------------------------------------------READ PASS---------------------------------------------------------------------
# UVM_INFO ApbScoreboard.sv(103) @ 1385: uvm_test_top.env_h.scb_h [COMPARE] READ PASS | EXPECTED RDATA = 0  ACTUAL RDATA =0 |EXPECTED  READ ADDR = 147 ACTUAL READ ADDR =147
# READ_ADDRESS_VALIDITY: ASSERTION PASS
# TRANSFER_VALIDITY: ASSERTION PASS
# ---------------------------------DRIVER-------------------
# ---------------------------------------------------------------------------------------------------
# Name                           Type        Size  Value                                             
# ---------------------------------------------------------------------------------------------------
# txn                            ApbSeqItem  -     @1056                                             
#   apb_write_paddr              integral    9     'h12f                                             
#   apb_read_paddr               integral    9     'h3b                                              
#   apb_write_data               integral    8     'h29                                              
#   transfer                     integral    1     'h1                                               
#   READ_WRITE                   integral    1     'h0                                               
#   apb_read_data_out            integral    8     'h0                                               
#   begin_time                   time        64    1385                                              
#   end_time                     time        64    1385                                              
#   depth                        int         32    'd2                                               
#   parent sequence (name)       string      18    continuouswrseq2_h                                
#   parent sequence (full name)  string      50    uvm_test_top.env_h.act_h.seqr_h.continuouswrseq2_h
#   sequencer                    string      31    uvm_test_top.env_h.act_h.seqr_h                   
# ---------------------------------------------------------------------------------------------------
# --------------------------------------DRIVER----------------------------------
# UVM_INFO ApbScoreboard.sv(39) @ 1395: uvm_test_top.env_h.scb_h [SB] EXPECTED TRANSACTION: size = 70 | TRANSFER = 1 | RW = 0 | WDATA = 29 | WPADDR = 12f | RPADDR = 147
# ----------------------------------------------INPUT MONITOR-------------------------------------------------------
# --------------------------------------------
# Name                 Type        Size  Value
# --------------------------------------------
# ip_mon_h             ApbSeqItem  -     @709 
#   apb_write_paddr    integral    9     'h12f
#   apb_read_paddr     integral    9     'h147
#   apb_write_data     integral    8     'h29 
#   transfer           integral    1     'h1  
#   READ_WRITE         integral    1     'h0  
#   apb_read_data_out  integral    8     'h0  
# --------------------------------------------
# WRITE ADDRESS = 100101111  READ ADDRESS =101000111 || WRITE DATA =29
# THE RESET IS 1
# ----------------------------------------------INPUT MONITOR-------------------------------------------------------
# WRITE_ADDRESS_VALIDITY: ASSERTION PASS
# TRANSFER_VALIDITY: ASSERTION PASS
# ---------------------------------DRIVER-------------------
# ---------------------------------------------------------------------------------------------------
# Name                           Type        Size  Value                                             
# ---------------------------------------------------------------------------------------------------
# txn                            ApbSeqItem  -     @1060                                             
#   apb_write_paddr              integral    9     'h1cf                                             
#   apb_read_paddr               integral    9     'h15d                                             
#   apb_write_data               integral    8     'h21                                              
#   transfer                     integral    1     'h1                                               
#   READ_WRITE                   integral    1     'h0                                               
#   apb_read_data_out            integral    8     'h0                                               
#   begin_time                   time        64    1395                                              
#   depth                        int         32    'd2                                               
#   parent sequence (name)       string      18    continuouswrseq2_h                                
#   parent sequence (full name)  string      50    uvm_test_top.env_h.act_h.seqr_h.continuouswrseq2_h
#   sequencer                    string      31    uvm_test_top.env_h.act_h.seqr_h                   
# ---------------------------------------------------------------------------------------------------
# --------------------------------------DRIVER----------------------------------
# UVM_INFO ApbScoreboard.sv(39) @ 1405: uvm_test_top.env_h.scb_h [SB] EXPECTED TRANSACTION: size = 71 | TRANSFER = 1 | RW = 0 | WDATA = 29 | WPADDR = 12f | RPADDR = 147
# ----------------------------------------------INPUT MONITOR-------------------------------------------------------
# --------------------------------------------
# Name                 Type        Size  Value
# --------------------------------------------
# ip_mon_h             ApbSeqItem  -     @709 
#   apb_write_paddr    integral    9     'h12f
#   apb_read_paddr     integral    9     'h147
#   apb_write_data     integral    8     'h29 
#   transfer           integral    1     'h1  
#   READ_WRITE         integral    1     'h0  
#   apb_read_data_out  integral    8     'h0  
# --------------------------------------------
# WRITE ADDRESS = 100101111  READ ADDRESS =101000111 || WRITE DATA =29
# THE RESET IS 1
# ----------------------------------------------INPUT MONITOR-------------------------------------------------------
# UVM_INFO ApbScoreboard.sv(46) @ 1405: uvm_test_top.env_h.scb_h [SB] ACTUAL TRANSACTION: size = 1 | TRANSFER = 1 | RW = 0 | WPADDR = 12f | WDATA = 29 | RDATA = 0 | RPADDR = 147
# ----------------------------------------------OUTPUT MONITOR-------------------------------------------------------
# --------------------------------------------
# Name                 Type        Size  Value
# --------------------------------------------
# op_mon_h             ApbSeqItem  -     @734 
#   apb_write_paddr    integral    9     'h12f
#   apb_read_paddr     integral    9     'h147
#   apb_write_data     integral    8     'h29 
#   transfer           integral    1     'h1  
#   READ_WRITE         integral    1     'h0  
#   apb_read_data_out  integral    8     'h0  
# --------------------------------------------
# ----------------------------------------------OUTPUT MONITOR-------------------------------------------------------
# FOR COMPARING : WRITE DATA =29 READ DATA OUT =xx
# -------------------------------------------------------------------WRITE--PASS---------------------------------------------------------------------
# UVM_INFO ApbScoreboard.sv(84) @ 1405: uvm_test_top.env_h.scb_h [COMPARE] WRITE PASS | EXPECTED WDATA = 29  ACTUAL WDATA =29 |EXPECTED  WRITE ADDR = 12f ACTUAL WRITE ADDR =12f
# WRITE_ADDRESS_VALIDITY: ASSERTION PASS
# TRANSFER_VALIDITY: ASSERTION PASS
# ---------------------------------DRIVER-------------------
# ---------------------------------------------------------------------------------------------------
# Name                           Type        Size  Value                                             
# ---------------------------------------------------------------------------------------------------
# txn                            ApbSeqItem  -     @1060                                             
#   apb_write_paddr              integral    9     'h1cf                                             
#   apb_read_paddr               integral    9     'h15d                                             
#   apb_write_data               integral    8     'h21                                              
#   transfer                     integral    1     'h1                                               
#   READ_WRITE                   integral    1     'h0                                               
#   apb_read_data_out            integral    8     'h0                                               
#   begin_time                   time        64    1405                                              
#   end_time                     time        64    1405                                              
#   depth                        int         32    'd2                                               
#   parent sequence (name)       string      18    continuouswrseq2_h                                
#   parent sequence (full name)  string      50    uvm_test_top.env_h.act_h.seqr_h.continuouswrseq2_h
#   sequencer                    string      31    uvm_test_top.env_h.act_h.seqr_h                   
# ---------------------------------------------------------------------------------------------------
# --------------------------------------DRIVER----------------------------------
# UVM_INFO ApbScoreboard.sv(39) @ 1415: uvm_test_top.env_h.scb_h [SB] EXPECTED TRANSACTION: size = 71 | TRANSFER = 1 | RW = 0 | WDATA = 21 | WPADDR = 1cf | RPADDR = 147
# ----------------------------------------------INPUT MONITOR-------------------------------------------------------
# --------------------------------------------
# Name                 Type        Size  Value
# --------------------------------------------
# ip_mon_h             ApbSeqItem  -     @709 
#   apb_write_paddr    integral    9     'h1cf
#   apb_read_paddr     integral    9     'h147
#   apb_write_data     integral    8     'h21 
#   transfer           integral    1     'h1  
#   READ_WRITE         integral    1     'h0  
#   apb_read_data_out  integral    8     'h0  
# --------------------------------------------
# WRITE ADDRESS = 111001111  READ ADDRESS =101000111 || WRITE DATA =21
# THE RESET IS 1
# ----------------------------------------------INPUT MONITOR-------------------------------------------------------
# WRITE_ADDRESS_VALIDITY: ASSERTION PASS
# TRANSFER_VALIDITY: ASSERTION PASS
# ---------------------------------DRIVER-------------------
# ---------------------------------------------------------------------------------------------------
# Name                           Type        Size  Value                                             
# ---------------------------------------------------------------------------------------------------
# txn                            ApbSeqItem  -     @1064                                             
#   apb_write_paddr              integral    9     'h14c                                             
#   apb_read_paddr               integral    9     'h116                                             
#   apb_write_data               integral    8     'hc7                                              
#   transfer                     integral    1     'h1                                               
#   READ_WRITE                   integral    1     'h0                                               
#   apb_read_data_out            integral    8     'h0                                               
#   begin_time                   time        64    1415                                              
#   depth                        int         32    'd2                                               
#   parent sequence (name)       string      18    continuouswrseq2_h                                
#   parent sequence (full name)  string      50    uvm_test_top.env_h.act_h.seqr_h.continuouswrseq2_h
#   sequencer                    string      31    uvm_test_top.env_h.act_h.seqr_h                   
# ---------------------------------------------------------------------------------------------------
# --------------------------------------DRIVER----------------------------------
# UVM_INFO ApbScoreboard.sv(39) @ 1425: uvm_test_top.env_h.scb_h [SB] EXPECTED TRANSACTION: size = 72 | TRANSFER = 1 | RW = 0 | WDATA = 21 | WPADDR = 1cf | RPADDR = 147
# ----------------------------------------------INPUT MONITOR-------------------------------------------------------
# --------------------------------------------
# Name                 Type        Size  Value
# --------------------------------------------
# ip_mon_h             ApbSeqItem  -     @709 
#   apb_write_paddr    integral    9     'h1cf
#   apb_read_paddr     integral    9     'h147
#   apb_write_data     integral    8     'h21 
#   transfer           integral    1     'h1  
#   READ_WRITE         integral    1     'h0  
#   apb_read_data_out  integral    8     'h0  
# --------------------------------------------
# WRITE ADDRESS = 111001111  READ ADDRESS =101000111 || WRITE DATA =21
# THE RESET IS 1
# ----------------------------------------------INPUT MONITOR-------------------------------------------------------
# UVM_INFO ApbScoreboard.sv(46) @ 1425: uvm_test_top.env_h.scb_h [SB] ACTUAL TRANSACTION: size = 1 | TRANSFER = 1 | RW = 0 | WPADDR = 1cf | WDATA = 21 | RDATA = 0 | RPADDR = 147
# ----------------------------------------------OUTPUT MONITOR-------------------------------------------------------
# --------------------------------------------
# Name                 Type        Size  Value
# --------------------------------------------
# op_mon_h             ApbSeqItem  -     @734 
#   apb_write_paddr    integral    9     'h1cf
#   apb_read_paddr     integral    9     'h147
#   apb_write_data     integral    8     'h21 
#   transfer           integral    1     'h1  
#   READ_WRITE         integral    1     'h0  
#   apb_read_data_out  integral    8     'h0  
# --------------------------------------------
# ----------------------------------------------OUTPUT MONITOR-------------------------------------------------------
# FOR COMPARING : WRITE DATA =21 READ DATA OUT =xx
# -------------------------------------------------------------------WRITE--PASS---------------------------------------------------------------------
# UVM_INFO ApbScoreboard.sv(84) @ 1425: uvm_test_top.env_h.scb_h [COMPARE] WRITE PASS | EXPECTED WDATA = 21  ACTUAL WDATA =21 |EXPECTED  WRITE ADDR = 1cf ACTUAL WRITE ADDR =1cf
# WRITE_ADDRESS_VALIDITY: ASSERTION PASS
# TRANSFER_VALIDITY: ASSERTION PASS
# ---------------------------------DRIVER-------------------
# ---------------------------------------------------------------------------------------------------
# Name                           Type        Size  Value                                             
# ---------------------------------------------------------------------------------------------------
# txn                            ApbSeqItem  -     @1064                                             
#   apb_write_paddr              integral    9     'h14c                                             
#   apb_read_paddr               integral    9     'h116                                             
#   apb_write_data               integral    8     'hc7                                              
#   transfer                     integral    1     'h1                                               
#   READ_WRITE                   integral    1     'h0                                               
#   apb_read_data_out            integral    8     'h0                                               
#   begin_time                   time        64    1425                                              
#   end_time                     time        64    1425                                              
#   depth                        int         32    'd2                                               
#   parent sequence (name)       string      18    continuouswrseq2_h                                
#   parent sequence (full name)  string      50    uvm_test_top.env_h.act_h.seqr_h.continuouswrseq2_h
#   sequencer                    string      31    uvm_test_top.env_h.act_h.seqr_h                   
# ---------------------------------------------------------------------------------------------------
# --------------------------------------DRIVER----------------------------------
# UVM_INFO ApbScoreboard.sv(39) @ 1435: uvm_test_top.env_h.scb_h [SB] EXPECTED TRANSACTION: size = 72 | TRANSFER = 1 | RW = 0 | WDATA = c7 | WPADDR = 14c | RPADDR = 147
# ----------------------------------------------INPUT MONITOR-------------------------------------------------------
# --------------------------------------------
# Name                 Type        Size  Value
# --------------------------------------------
# ip_mon_h             ApbSeqItem  -     @709 
#   apb_write_paddr    integral    9     'h14c
#   apb_read_paddr     integral    9     'h147
#   apb_write_data     integral    8     'hc7 
#   transfer           integral    1     'h1  
#   READ_WRITE         integral    1     'h0  
#   apb_read_data_out  integral    8     'h0  
# --------------------------------------------
# WRITE ADDRESS = 101001100  READ ADDRESS =101000111 || WRITE DATA =c7
# THE RESET IS 1
# ----------------------------------------------INPUT MONITOR-------------------------------------------------------
# WRITE_ADDRESS_VALIDITY: ASSERTION PASS
# TRANSFER_VALIDITY: ASSERTION PASS
# ---------------------------------DRIVER-------------------
# ---------------------------------------------------------------------------------------------------
# Name                           Type        Size  Value                                             
# ---------------------------------------------------------------------------------------------------
# txn                            ApbSeqItem  -     @1068                                             
#   apb_write_paddr              integral    9     'h192                                             
#   apb_read_paddr               integral    9     'h14c                                             
#   apb_write_data               integral    8     'h3a                                              
#   transfer                     integral    1     'h1                                               
#   READ_WRITE                   integral    1     'h1                                               
#   apb_read_data_out            integral    8     'h0                                               
#   begin_time                   time        64    1435                                              
#   depth                        int         32    'd2                                               
#   parent sequence (name)       string      18    continuouswrseq2_h                                
#   parent sequence (full name)  string      50    uvm_test_top.env_h.act_h.seqr_h.continuouswrseq2_h
#   sequencer                    string      31    uvm_test_top.env_h.act_h.seqr_h                   
# ---------------------------------------------------------------------------------------------------
# --------------------------------------DRIVER----------------------------------
# UVM_INFO ApbScoreboard.sv(39) @ 1445: uvm_test_top.env_h.scb_h [SB] EXPECTED TRANSACTION: size = 73 | TRANSFER = 1 | RW = 0 | WDATA = c7 | WPADDR = 14c | RPADDR = 147
# ----------------------------------------------INPUT MONITOR-------------------------------------------------------
# --------------------------------------------
# Name                 Type        Size  Value
# --------------------------------------------
# ip_mon_h             ApbSeqItem  -     @709 
#   apb_write_paddr    integral    9     'h14c
#   apb_read_paddr     integral    9     'h147
#   apb_write_data     integral    8     'hc7 
#   transfer           integral    1     'h1  
#   READ_WRITE         integral    1     'h0  
#   apb_read_data_out  integral    8     'h0  
# --------------------------------------------
# WRITE ADDRESS = 101001100  READ ADDRESS =101000111 || WRITE DATA =c7
# THE RESET IS 1
# ----------------------------------------------INPUT MONITOR-------------------------------------------------------
# UVM_INFO ApbScoreboard.sv(46) @ 1445: uvm_test_top.env_h.scb_h [SB] ACTUAL TRANSACTION: size = 1 | TRANSFER = 1 | RW = 0 | WPADDR = 14c | WDATA = c7 | RDATA = 0 | RPADDR = 147
# ----------------------------------------------OUTPUT MONITOR-------------------------------------------------------
# --------------------------------------------
# Name                 Type        Size  Value
# --------------------------------------------
# op_mon_h             ApbSeqItem  -     @734 
#   apb_write_paddr    integral    9     'h14c
#   apb_read_paddr     integral    9     'h147
#   apb_write_data     integral    8     'hc7 
#   transfer           integral    1     'h1  
#   READ_WRITE         integral    1     'h0  
#   apb_read_data_out  integral    8     'h0  
# --------------------------------------------
# ----------------------------------------------OUTPUT MONITOR-------------------------------------------------------
# FOR COMPARING : WRITE DATA =c7 READ DATA OUT =xx
# -------------------------------------------------------------------WRITE--PASS---------------------------------------------------------------------
# UVM_INFO ApbScoreboard.sv(84) @ 1445: uvm_test_top.env_h.scb_h [COMPARE] WRITE PASS | EXPECTED WDATA = c7  ACTUAL WDATA =c7 |EXPECTED  WRITE ADDR = 14c ACTUAL WRITE ADDR =14c
# WRITE_ADDRESS_VALIDITY: ASSERTION PASS
# TRANSFER_VALIDITY: ASSERTION PASS
# ---------------------------------DRIVER-------------------
# ---------------------------------------------------------------------------------------------------
# Name                           Type        Size  Value                                             
# ---------------------------------------------------------------------------------------------------
# txn                            ApbSeqItem  -     @1068                                             
#   apb_write_paddr              integral    9     'h192                                             
#   apb_read_paddr               integral    9     'h14c                                             
#   apb_write_data               integral    8     'h3a                                              
#   transfer                     integral    1     'h1                                               
#   READ_WRITE                   integral    1     'h1                                               
#   apb_read_data_out            integral    8     'h0                                               
#   begin_time                   time        64    1445                                              
#   end_time                     time        64    1445                                              
#   depth                        int         32    'd2                                               
#   parent sequence (name)       string      18    continuouswrseq2_h                                
#   parent sequence (full name)  string      50    uvm_test_top.env_h.act_h.seqr_h.continuouswrseq2_h
#   sequencer                    string      31    uvm_test_top.env_h.act_h.seqr_h                   
# ---------------------------------------------------------------------------------------------------
# --------------------------------------DRIVER----------------------------------
# UVM_INFO ApbScoreboard.sv(39) @ 1455: uvm_test_top.env_h.scb_h [SB] EXPECTED TRANSACTION: size = 73 | TRANSFER = 1 | RW = 1 | WDATA = c7 | WPADDR = 14c | RPADDR = 14c
# ----------------------------------------------INPUT MONITOR-------------------------------------------------------
# --------------------------------------------
# Name                 Type        Size  Value
# --------------------------------------------
# ip_mon_h             ApbSeqItem  -     @709 
#   apb_write_paddr    integral    9     'h14c
#   apb_read_paddr     integral    9     'h14c
#   apb_write_data     integral    8     'hc7 
#   transfer           integral    1     'h1  
#   READ_WRITE         integral    1     'h1  
#   apb_read_data_out  integral    8     'h0  
# --------------------------------------------
# WRITE ADDRESS = 101001100  READ ADDRESS =101001100 || WRITE DATA =c7
# THE RESET IS 1
# ----------------------------------------------INPUT MONITOR-------------------------------------------------------
# READ_ADDRESS_VALIDITY: ASSERTION PASS
# TRANSFER_VALIDITY: ASSERTION PASS
# ---------------------------------DRIVER-------------------
# --------------------------------------------------------------------------------------------
# Name                           Type        Size  Value                                      
# --------------------------------------------------------------------------------------------
# txn                            ApbSeqItem  -     @1076                                      
#   apb_write_paddr              integral    9     'h9                                        
#   apb_read_paddr               integral    9     'h3                                        
#   apb_write_data               integral    8     'h95                                       
#   transfer                     integral    1     'h1                                        
#   READ_WRITE                   integral    1     'h0                                        
#   apb_read_data_out            integral    8     'h0                                        
#   begin_time                   time        64    1455                                       
#   depth                        int         32    'd2                                        
#   parent sequence (name)       string      11    writeseq1_h                                
#   parent sequence (full name)  string      43    uvm_test_top.env_h.act_h.seqr_h.writeseq1_h
#   sequencer                    string      31    uvm_test_top.env_h.act_h.seqr_h            
# --------------------------------------------------------------------------------------------
# --------------------------------------DRIVER----------------------------------
# UVM_INFO ApbScoreboard.sv(39) @ 1465: uvm_test_top.env_h.scb_h [SB] EXPECTED TRANSACTION: size = 74 | TRANSFER = 1 | RW = 1 | WDATA = c7 | WPADDR = 14c | RPADDR = 14c
# ----------------------------------------------INPUT MONITOR-------------------------------------------------------
# --------------------------------------------
# Name                 Type        Size  Value
# --------------------------------------------
# ip_mon_h             ApbSeqItem  -     @709 
#   apb_write_paddr    integral    9     'h14c
#   apb_read_paddr     integral    9     'h14c
#   apb_write_data     integral    8     'hc7 
#   transfer           integral    1     'h1  
#   READ_WRITE         integral    1     'h1  
#   apb_read_data_out  integral    8     'h0  
# --------------------------------------------
# WRITE ADDRESS = 101001100  READ ADDRESS =101001100 || WRITE DATA =c7
# THE RESET IS 1
# ----------------------------------------------INPUT MONITOR-------------------------------------------------------
# UVM_INFO ApbScoreboard.sv(46) @ 1465: uvm_test_top.env_h.scb_h [SB] ACTUAL TRANSACTION: size = 1 | TRANSFER = 1 | RW = 1 | WPADDR = 14c | WDATA = c7 | RDATA = 0 | RPADDR = 14c
# ----------------------------------------------OUTPUT MONITOR-------------------------------------------------------
# --------------------------------------------
# Name                 Type        Size  Value
# --------------------------------------------
# op_mon_h             ApbSeqItem  -     @734 
#   apb_write_paddr    integral    9     'h14c
#   apb_read_paddr     integral    9     'h14c
#   apb_write_data     integral    8     'hc7 
#   transfer           integral    1     'h1  
#   READ_WRITE         integral    1     'h1  
#   apb_read_data_out  integral    8     'h0  
# --------------------------------------------
# ----------------------------------------------OUTPUT MONITOR-------------------------------------------------------
# FOR COMPARING : WRITE DATA =c7 READ DATA OUT =xx
# -------------------------------------------------------------------------READ PASS---------------------------------------------------------------------
# UVM_INFO ApbScoreboard.sv(103) @ 1465: uvm_test_top.env_h.scb_h [COMPARE] READ PASS | EXPECTED RDATA = 0  ACTUAL RDATA =0 |EXPECTED  READ ADDR = 14c ACTUAL READ ADDR =14c
# READ_ADDRESS_VALIDITY: ASSERTION PASS
# TRANSFER_VALIDITY: ASSERTION PASS
# ---------------------------------DRIVER-------------------
# --------------------------------------------------------------------------------------------
# Name                           Type        Size  Value                                      
# --------------------------------------------------------------------------------------------
# txn                            ApbSeqItem  -     @1076                                      
#   apb_write_paddr              integral    9     'h9                                        
#   apb_read_paddr               integral    9     'h3                                        
#   apb_write_data               integral    8     'h95                                       
#   transfer                     integral    1     'h1                                        
#   READ_WRITE                   integral    1     'h0                                        
#   apb_read_data_out            integral    8     'h0                                        
#   begin_time                   time        64    1465                                       
#   end_time                     time        64    1465                                       
#   depth                        int         32    'd2                                        
#   parent sequence (name)       string      11    writeseq1_h                                
#   parent sequence (full name)  string      43    uvm_test_top.env_h.act_h.seqr_h.writeseq1_h
#   sequencer                    string      31    uvm_test_top.env_h.act_h.seqr_h            
# --------------------------------------------------------------------------------------------
# --------------------------------------DRIVER----------------------------------
# UVM_INFO ApbScoreboard.sv(39) @ 1475: uvm_test_top.env_h.scb_h [SB] EXPECTED TRANSACTION: size = 74 | TRANSFER = 1 | RW = 0 | WDATA = 95 | WPADDR = 9 | RPADDR = 14c
# ----------------------------------------------INPUT MONITOR-------------------------------------------------------
# --------------------------------------------
# Name                 Type        Size  Value
# --------------------------------------------
# ip_mon_h             ApbSeqItem  -     @709 
#   apb_write_paddr    integral    9     'h9  
#   apb_read_paddr     integral    9     'h14c
#   apb_write_data     integral    8     'h95 
#   transfer           integral    1     'h1  
#   READ_WRITE         integral    1     'h0  
#   apb_read_data_out  integral    8     'h0  
# --------------------------------------------
# WRITE ADDRESS = 000001001  READ ADDRESS =101001100 || WRITE DATA =95
# THE RESET IS 1
# ----------------------------------------------INPUT MONITOR-------------------------------------------------------
# WRITE ADDRESS == 000001001
# SLAVE 1
# WRITE_ADDRESS_VALIDITY: ASSERTION PASS
# TRANSFER_VALIDITY: ASSERTION PASS
# ---------------------------------DRIVER-------------------
# --------------------------------------------------------------------------------------------
# Name                           Type        Size  Value                                      
# --------------------------------------------------------------------------------------------
# txn                            ApbSeqItem  -     @1080                                      
#   apb_write_paddr              integral    9     'h0                                        
#   apb_read_paddr               integral    9     'h1c7                                      
#   apb_write_data               integral    8     'h32                                       
#   transfer                     integral    1     'h1                                        
#   READ_WRITE                   integral    1     'h0                                        
#   apb_read_data_out            integral    8     'h0                                        
#   begin_time                   time        64    1475                                       
#   depth                        int         32    'd2                                        
#   parent sequence (name)       string      11    writeseq1_h                                
#   parent sequence (full name)  string      43    uvm_test_top.env_h.act_h.seqr_h.writeseq1_h
#   sequencer                    string      31    uvm_test_top.env_h.act_h.seqr_h            
# --------------------------------------------------------------------------------------------
# --------------------------------------DRIVER----------------------------------
# UVM_INFO ApbScoreboard.sv(39) @ 1485: uvm_test_top.env_h.scb_h [SB] EXPECTED TRANSACTION: size = 75 | TRANSFER = 1 | RW = 0 | WDATA = 95 | WPADDR = 9 | RPADDR = 14c
# ----------------------------------------------INPUT MONITOR-------------------------------------------------------
# --------------------------------------------
# Name                 Type        Size  Value
# --------------------------------------------
# ip_mon_h             ApbSeqItem  -     @709 
#   apb_write_paddr    integral    9     'h9  
#   apb_read_paddr     integral    9     'h14c
#   apb_write_data     integral    8     'h95 
#   transfer           integral    1     'h1  
#   READ_WRITE         integral    1     'h0  
#   apb_read_data_out  integral    8     'h0  
# --------------------------------------------
# WRITE ADDRESS = 000001001  READ ADDRESS =101001100 || WRITE DATA =95
# THE RESET IS 1
# ----------------------------------------------INPUT MONITOR-------------------------------------------------------
# UVM_INFO ApbScoreboard.sv(46) @ 1485: uvm_test_top.env_h.scb_h [SB] ACTUAL TRANSACTION: size = 1 | TRANSFER = 1 | RW = 0 | WPADDR = 9 | WDATA = 95 | RDATA = 0 | RPADDR = 14c
# ----------------------------------------------OUTPUT MONITOR-------------------------------------------------------
# --------------------------------------------
# Name                 Type        Size  Value
# --------------------------------------------
# op_mon_h             ApbSeqItem  -     @734 
#   apb_write_paddr    integral    9     'h9  
#   apb_read_paddr     integral    9     'h14c
#   apb_write_data     integral    8     'h95 
#   transfer           integral    1     'h1  
#   READ_WRITE         integral    1     'h0  
#   apb_read_data_out  integral    8     'h0  
# --------------------------------------------
# ----------------------------------------------OUTPUT MONITOR-------------------------------------------------------
# FOR COMPARING : WRITE DATA =95 READ DATA OUT =xx
# -------------------------------------------------------------------WRITE--PASS---------------------------------------------------------------------
# UVM_INFO ApbScoreboard.sv(84) @ 1485: uvm_test_top.env_h.scb_h [COMPARE] WRITE PASS | EXPECTED WDATA = 95  ACTUAL WDATA =95 |EXPECTED  WRITE ADDR = 9 ACTUAL WRITE ADDR =9
# WRITE_ADDRESS_VALIDITY: ASSERTION PASS
# TRANSFER_VALIDITY: ASSERTION PASS
# ---------------------------------DRIVER-------------------
# --------------------------------------------------------------------------------------------
# Name                           Type        Size  Value                                      
# --------------------------------------------------------------------------------------------
# txn                            ApbSeqItem  -     @1080                                      
#   apb_write_paddr              integral    9     'h0                                        
#   apb_read_paddr               integral    9     'h1c7                                      
#   apb_write_data               integral    8     'h32                                       
#   transfer                     integral    1     'h1                                        
#   READ_WRITE                   integral    1     'h0                                        
#   apb_read_data_out            integral    8     'h0                                        
#   begin_time                   time        64    1485                                       
#   end_time                     time        64    1485                                       
#   depth                        int         32    'd2                                        
#   parent sequence (name)       string      11    writeseq1_h                                
#   parent sequence (full name)  string      43    uvm_test_top.env_h.act_h.seqr_h.writeseq1_h
#   sequencer                    string      31    uvm_test_top.env_h.act_h.seqr_h            
# --------------------------------------------------------------------------------------------
# --------------------------------------DRIVER----------------------------------
# UVM_INFO ApbScoreboard.sv(39) @ 1495: uvm_test_top.env_h.scb_h [SB] EXPECTED TRANSACTION: size = 75 | TRANSFER = 1 | RW = 0 | WDATA = 32 | WPADDR = 0 | RPADDR = 14c
# ----------------------------------------------INPUT MONITOR-------------------------------------------------------
# --------------------------------------------
# Name                 Type        Size  Value
# --------------------------------------------
# ip_mon_h             ApbSeqItem  -     @709 
#   apb_write_paddr    integral    9     'h0  
#   apb_read_paddr     integral    9     'h14c
#   apb_write_data     integral    8     'h32 
#   transfer           integral    1     'h1  
#   READ_WRITE         integral    1     'h0  
#   apb_read_data_out  integral    8     'h0  
# --------------------------------------------
# WRITE ADDRESS = 000000000  READ ADDRESS =101001100 || WRITE DATA =32
# THE RESET IS 1
# ----------------------------------------------INPUT MONITOR-------------------------------------------------------
# WRITE ADDRESS == 000000000
# SLAVE 1
# WRITE_ADDRESS_VALIDITY: ASSERTION PASS
# TRANSFER_VALIDITY: ASSERTION PASS
# ---------------------------------DRIVER-------------------
# --------------------------------------------------------------------------------------------
# Name                           Type        Size  Value                                      
# --------------------------------------------------------------------------------------------
# txn                            ApbSeqItem  -     @1084                                      
#   apb_write_paddr              integral    9     'h7                                        
#   apb_read_paddr               integral    9     'h36                                       
#   apb_write_data               integral    8     'hb4                                       
#   transfer                     integral    1     'h1                                        
#   READ_WRITE                   integral    1     'h0                                        
#   apb_read_data_out            integral    8     'h0                                        
#   begin_time                   time        64    1495                                       
#   depth                        int         32    'd2                                        
#   parent sequence (name)       string      11    writeseq1_h                                
#   parent sequence (full name)  string      43    uvm_test_top.env_h.act_h.seqr_h.writeseq1_h
#   sequencer                    string      31    uvm_test_top.env_h.act_h.seqr_h            
# --------------------------------------------------------------------------------------------
# --------------------------------------DRIVER----------------------------------
# UVM_INFO ApbScoreboard.sv(39) @ 1505: uvm_test_top.env_h.scb_h [SB] EXPECTED TRANSACTION: size = 76 | TRANSFER = 1 | RW = 0 | WDATA = 32 | WPADDR = 0 | RPADDR = 14c
# ----------------------------------------------INPUT MONITOR-------------------------------------------------------
# --------------------------------------------
# Name                 Type        Size  Value
# --------------------------------------------
# ip_mon_h             ApbSeqItem  -     @709 
#   apb_write_paddr    integral    9     'h0  
#   apb_read_paddr     integral    9     'h14c
#   apb_write_data     integral    8     'h32 
#   transfer           integral    1     'h1  
#   READ_WRITE         integral    1     'h0  
#   apb_read_data_out  integral    8     'h0  
# --------------------------------------------
# WRITE ADDRESS = 000000000  READ ADDRESS =101001100 || WRITE DATA =32
# THE RESET IS 1
# ----------------------------------------------INPUT MONITOR-------------------------------------------------------
# UVM_INFO ApbScoreboard.sv(46) @ 1505: uvm_test_top.env_h.scb_h [SB] ACTUAL TRANSACTION: size = 1 | TRANSFER = 1 | RW = 0 | WPADDR = 0 | WDATA = 32 | RDATA = 0 | RPADDR = 14c
# ----------------------------------------------OUTPUT MONITOR-------------------------------------------------------
# --------------------------------------------
# Name                 Type        Size  Value
# --------------------------------------------
# op_mon_h             ApbSeqItem  -     @734 
#   apb_write_paddr    integral    9     'h0  
#   apb_read_paddr     integral    9     'h14c
#   apb_write_data     integral    8     'h32 
#   transfer           integral    1     'h1  
#   READ_WRITE         integral    1     'h0  
#   apb_read_data_out  integral    8     'h0  
# --------------------------------------------
# ----------------------------------------------OUTPUT MONITOR-------------------------------------------------------
# FOR COMPARING : WRITE DATA =32 READ DATA OUT =xx
# -------------------------------------------------------------------WRITE--PASS---------------------------------------------------------------------
# UVM_INFO ApbScoreboard.sv(84) @ 1505: uvm_test_top.env_h.scb_h [COMPARE] WRITE PASS | EXPECTED WDATA = 32  ACTUAL WDATA =32 |EXPECTED  WRITE ADDR = 0 ACTUAL WRITE ADDR =0
# WRITE_ADDRESS_VALIDITY: ASSERTION PASS
# TRANSFER_VALIDITY: ASSERTION PASS
# ---------------------------------DRIVER-------------------
# --------------------------------------------------------------------------------------------
# Name                           Type        Size  Value                                      
# --------------------------------------------------------------------------------------------
# txn                            ApbSeqItem  -     @1084                                      
#   apb_write_paddr              integral    9     'h7                                        
#   apb_read_paddr               integral    9     'h36                                       
#   apb_write_data               integral    8     'hb4                                       
#   transfer                     integral    1     'h1                                        
#   READ_WRITE                   integral    1     'h0                                        
#   apb_read_data_out            integral    8     'h0                                        
#   begin_time                   time        64    1505                                       
#   end_time                     time        64    1505                                       
#   depth                        int         32    'd2                                        
#   parent sequence (name)       string      11    writeseq1_h                                
#   parent sequence (full name)  string      43    uvm_test_top.env_h.act_h.seqr_h.writeseq1_h
#   sequencer                    string      31    uvm_test_top.env_h.act_h.seqr_h            
# --------------------------------------------------------------------------------------------
# --------------------------------------DRIVER----------------------------------
# UVM_INFO ApbScoreboard.sv(39) @ 1515: uvm_test_top.env_h.scb_h [SB] EXPECTED TRANSACTION: size = 76 | TRANSFER = 1 | RW = 0 | WDATA = b4 | WPADDR = 7 | RPADDR = 14c
# ----------------------------------------------INPUT MONITOR-------------------------------------------------------
# --------------------------------------------
# Name                 Type        Size  Value
# --------------------------------------------
# ip_mon_h             ApbSeqItem  -     @709 
#   apb_write_paddr    integral    9     'h7  
#   apb_read_paddr     integral    9     'h14c
#   apb_write_data     integral    8     'hb4 
#   transfer           integral    1     'h1  
#   READ_WRITE         integral    1     'h0  
#   apb_read_data_out  integral    8     'h0  
# --------------------------------------------
# WRITE ADDRESS = 000000111  READ ADDRESS =101001100 || WRITE DATA =b4
# THE RESET IS 1
# ----------------------------------------------INPUT MONITOR-------------------------------------------------------
# WRITE ADDRESS == 000000111
# SLAVE 1
# WRITE_ADDRESS_VALIDITY: ASSERTION PASS
# TRANSFER_VALIDITY: ASSERTION PASS
# ---------------------------------DRIVER-------------------
# --------------------------------------------------------------------------------------------
# Name                           Type        Size  Value                                      
# --------------------------------------------------------------------------------------------
# txn                            ApbSeqItem  -     @1088                                      
#   apb_write_paddr              integral    9     'h5                                        
#   apb_read_paddr               integral    9     'h1ec                                      
#   apb_write_data               integral    8     'h38                                       
#   transfer                     integral    1     'h1                                        
#   READ_WRITE                   integral    1     'h0                                        
#   apb_read_data_out            integral    8     'h0                                        
#   begin_time                   time        64    1515                                       
#   depth                        int         32    'd2                                        
#   parent sequence (name)       string      11    writeseq1_h                                
#   parent sequence (full name)  string      43    uvm_test_top.env_h.act_h.seqr_h.writeseq1_h
#   sequencer                    string      31    uvm_test_top.env_h.act_h.seqr_h            
# --------------------------------------------------------------------------------------------
# --------------------------------------DRIVER----------------------------------
# UVM_INFO ApbScoreboard.sv(39) @ 1525: uvm_test_top.env_h.scb_h [SB] EXPECTED TRANSACTION: size = 77 | TRANSFER = 1 | RW = 0 | WDATA = b4 | WPADDR = 7 | RPADDR = 14c
# ----------------------------------------------INPUT MONITOR-------------------------------------------------------
# --------------------------------------------
# Name                 Type        Size  Value
# --------------------------------------------
# ip_mon_h             ApbSeqItem  -     @709 
#   apb_write_paddr    integral    9     'h7  
#   apb_read_paddr     integral    9     'h14c
#   apb_write_data     integral    8     'hb4 
#   transfer           integral    1     'h1  
#   READ_WRITE         integral    1     'h0  
#   apb_read_data_out  integral    8     'h0  
# --------------------------------------------
# WRITE ADDRESS = 000000111  READ ADDRESS =101001100 || WRITE DATA =b4
# THE RESET IS 1
# ----------------------------------------------INPUT MONITOR-------------------------------------------------------
# UVM_INFO ApbScoreboard.sv(46) @ 1525: uvm_test_top.env_h.scb_h [SB] ACTUAL TRANSACTION: size = 1 | TRANSFER = 1 | RW = 0 | WPADDR = 7 | WDATA = b4 | RDATA = 0 | RPADDR = 14c
# ----------------------------------------------OUTPUT MONITOR-------------------------------------------------------
# --------------------------------------------
# Name                 Type        Size  Value
# --------------------------------------------
# op_mon_h             ApbSeqItem  -     @734 
#   apb_write_paddr    integral    9     'h7  
#   apb_read_paddr     integral    9     'h14c
#   apb_write_data     integral    8     'hb4 
#   transfer           integral    1     'h1  
#   READ_WRITE         integral    1     'h0  
#   apb_read_data_out  integral    8     'h0  
# --------------------------------------------
# ----------------------------------------------OUTPUT MONITOR-------------------------------------------------------
# FOR COMPARING : WRITE DATA =b4 READ DATA OUT =xx
# -------------------------------------------------------------------WRITE--PASS---------------------------------------------------------------------
# UVM_INFO ApbScoreboard.sv(84) @ 1525: uvm_test_top.env_h.scb_h [COMPARE] WRITE PASS | EXPECTED WDATA = b4  ACTUAL WDATA =b4 |EXPECTED  WRITE ADDR = 7 ACTUAL WRITE ADDR =7
# WRITE_ADDRESS_VALIDITY: ASSERTION PASS
# TRANSFER_VALIDITY: ASSERTION PASS
# ---------------------------------DRIVER-------------------
# --------------------------------------------------------------------------------------------
# Name                           Type        Size  Value                                      
# --------------------------------------------------------------------------------------------
# txn                            ApbSeqItem  -     @1088                                      
#   apb_write_paddr              integral    9     'h5                                        
#   apb_read_paddr               integral    9     'h1ec                                      
#   apb_write_data               integral    8     'h38                                       
#   transfer                     integral    1     'h1                                        
#   READ_WRITE                   integral    1     'h0                                        
#   apb_read_data_out            integral    8     'h0                                        
#   begin_time                   time        64    1525                                       
#   end_time                     time        64    1525                                       
#   depth                        int         32    'd2                                        
#   parent sequence (name)       string      11    writeseq1_h                                
#   parent sequence (full name)  string      43    uvm_test_top.env_h.act_h.seqr_h.writeseq1_h
#   sequencer                    string      31    uvm_test_top.env_h.act_h.seqr_h            
# --------------------------------------------------------------------------------------------
# --------------------------------------DRIVER----------------------------------
# UVM_INFO ApbScoreboard.sv(39) @ 1535: uvm_test_top.env_h.scb_h [SB] EXPECTED TRANSACTION: size = 77 | TRANSFER = 1 | RW = 0 | WDATA = 38 | WPADDR = 5 | RPADDR = 14c
# ----------------------------------------------INPUT MONITOR-------------------------------------------------------
# --------------------------------------------
# Name                 Type        Size  Value
# --------------------------------------------
# ip_mon_h             ApbSeqItem  -     @709 
#   apb_write_paddr    integral    9     'h5  
#   apb_read_paddr     integral    9     'h14c
#   apb_write_data     integral    8     'h38 
#   transfer           integral    1     'h1  
#   READ_WRITE         integral    1     'h0  
#   apb_read_data_out  integral    8     'h0  
# --------------------------------------------
# WRITE ADDRESS = 000000101  READ ADDRESS =101001100 || WRITE DATA =38
# THE RESET IS 1
# ----------------------------------------------INPUT MONITOR-------------------------------------------------------
# WRITE ADDRESS == 000000101
# SLAVE 1
# WRITE_ADDRESS_VALIDITY: ASSERTION PASS
# TRANSFER_VALIDITY: ASSERTION PASS
# ---------------------------------DRIVER-------------------
# --------------------------------------------------------------------------------------------
# Name                           Type        Size  Value                                      
# --------------------------------------------------------------------------------------------
# txn                            ApbSeqItem  -     @1092                                      
#   apb_write_paddr              integral    9     'ha                                        
#   apb_read_paddr               integral    9     'h9f                                       
#   apb_write_data               integral    8     'hd3                                       
#   transfer                     integral    1     'h1                                        
#   READ_WRITE                   integral    1     'h0                                        
#   apb_read_data_out            integral    8     'h0                                        
#   begin_time                   time        64    1535                                       
#   depth                        int         32    'd2                                        
#   parent sequence (name)       string      11    writeseq1_h                                
#   parent sequence (full name)  string      43    uvm_test_top.env_h.act_h.seqr_h.writeseq1_h
#   sequencer                    string      31    uvm_test_top.env_h.act_h.seqr_h            
# --------------------------------------------------------------------------------------------
# --------------------------------------DRIVER----------------------------------
# UVM_INFO ApbScoreboard.sv(39) @ 1545: uvm_test_top.env_h.scb_h [SB] EXPECTED TRANSACTION: size = 78 | TRANSFER = 1 | RW = 0 | WDATA = 38 | WPADDR = 5 | RPADDR = 14c
# ----------------------------------------------INPUT MONITOR-------------------------------------------------------
# --------------------------------------------
# Name                 Type        Size  Value
# --------------------------------------------
# ip_mon_h             ApbSeqItem  -     @709 
#   apb_write_paddr    integral    9     'h5  
#   apb_read_paddr     integral    9     'h14c
#   apb_write_data     integral    8     'h38 
#   transfer           integral    1     'h1  
#   READ_WRITE         integral    1     'h0  
#   apb_read_data_out  integral    8     'h0  
# --------------------------------------------
# WRITE ADDRESS = 000000101  READ ADDRESS =101001100 || WRITE DATA =38
# THE RESET IS 1
# ----------------------------------------------INPUT MONITOR-------------------------------------------------------
# UVM_INFO ApbScoreboard.sv(46) @ 1545: uvm_test_top.env_h.scb_h [SB] ACTUAL TRANSACTION: size = 1 | TRANSFER = 1 | RW = 0 | WPADDR = 5 | WDATA = 38 | RDATA = 0 | RPADDR = 14c
# ----------------------------------------------OUTPUT MONITOR-------------------------------------------------------
# --------------------------------------------
# Name                 Type        Size  Value
# --------------------------------------------
# op_mon_h             ApbSeqItem  -     @734 
#   apb_write_paddr    integral    9     'h5  
#   apb_read_paddr     integral    9     'h14c
#   apb_write_data     integral    8     'h38 
#   transfer           integral    1     'h1  
#   READ_WRITE         integral    1     'h0  
#   apb_read_data_out  integral    8     'h0  
# --------------------------------------------
# ----------------------------------------------OUTPUT MONITOR-------------------------------------------------------
# FOR COMPARING : WRITE DATA =38 READ DATA OUT =xx
# -------------------------------------------------------------------WRITE--PASS---------------------------------------------------------------------
# UVM_INFO ApbScoreboard.sv(84) @ 1545: uvm_test_top.env_h.scb_h [COMPARE] WRITE PASS | EXPECTED WDATA = 38  ACTUAL WDATA =38 |EXPECTED  WRITE ADDR = 5 ACTUAL WRITE ADDR =5
# WRITE_ADDRESS_VALIDITY: ASSERTION PASS
# TRANSFER_VALIDITY: ASSERTION PASS
# ---------------------------------DRIVER-------------------
# --------------------------------------------------------------------------------------------
# Name                           Type        Size  Value                                      
# --------------------------------------------------------------------------------------------
# txn                            ApbSeqItem  -     @1092                                      
#   apb_write_paddr              integral    9     'ha                                        
#   apb_read_paddr               integral    9     'h9f                                       
#   apb_write_data               integral    8     'hd3                                       
#   transfer                     integral    1     'h1                                        
#   READ_WRITE                   integral    1     'h0                                        
#   apb_read_data_out            integral    8     'h0                                        
#   begin_time                   time        64    1545                                       
#   end_time                     time        64    1545                                       
#   depth                        int         32    'd2                                        
#   parent sequence (name)       string      11    writeseq1_h                                
#   parent sequence (full name)  string      43    uvm_test_top.env_h.act_h.seqr_h.writeseq1_h
#   sequencer                    string      31    uvm_test_top.env_h.act_h.seqr_h            
# --------------------------------------------------------------------------------------------
# --------------------------------------DRIVER----------------------------------
# UVM_INFO ApbScoreboard.sv(39) @ 1555: uvm_test_top.env_h.scb_h [SB] EXPECTED TRANSACTION: size = 78 | TRANSFER = 1 | RW = 0 | WDATA = d3 | WPADDR = a | RPADDR = 14c
# ----------------------------------------------INPUT MONITOR-------------------------------------------------------
# --------------------------------------------
# Name                 Type        Size  Value
# --------------------------------------------
# ip_mon_h             ApbSeqItem  -     @709 
#   apb_write_paddr    integral    9     'ha  
#   apb_read_paddr     integral    9     'h14c
#   apb_write_data     integral    8     'hd3 
#   transfer           integral    1     'h1  
#   READ_WRITE         integral    1     'h0  
#   apb_read_data_out  integral    8     'h0  
# --------------------------------------------
# WRITE ADDRESS = 000001010  READ ADDRESS =101001100 || WRITE DATA =d3
# THE RESET IS 1
# ----------------------------------------------INPUT MONITOR-------------------------------------------------------
# WRITE ADDRESS == 000001010
# SLAVE 1
# WRITE_ADDRESS_VALIDITY: ASSERTION PASS
# TRANSFER_VALIDITY: ASSERTION PASS
# ---------------------------------DRIVER-------------------
# --------------------------------------------------------------------------------------------
# Name                           Type        Size  Value                                      
# --------------------------------------------------------------------------------------------
# txn                            ApbSeqItem  -     @1096                                      
#   apb_write_paddr              integral    9     'h8                                        
#   apb_read_paddr               integral    9     'h1e1                                      
#   apb_write_data               integral    8     'hb0                                       
#   transfer                     integral    1     'h1                                        
#   READ_WRITE                   integral    1     'h0                                        
#   apb_read_data_out            integral    8     'h0                                        
#   begin_time                   time        64    1555                                       
#   depth                        int         32    'd2                                        
#   parent sequence (name)       string      11    writeseq1_h                                
#   parent sequence (full name)  string      43    uvm_test_top.env_h.act_h.seqr_h.writeseq1_h
#   sequencer                    string      31    uvm_test_top.env_h.act_h.seqr_h            
# --------------------------------------------------------------------------------------------
# --------------------------------------DRIVER----------------------------------
# UVM_INFO ApbScoreboard.sv(39) @ 1565: uvm_test_top.env_h.scb_h [SB] EXPECTED TRANSACTION: size = 79 | TRANSFER = 1 | RW = 0 | WDATA = d3 | WPADDR = a | RPADDR = 14c
# ----------------------------------------------INPUT MONITOR-------------------------------------------------------
# --------------------------------------------
# Name                 Type        Size  Value
# --------------------------------------------
# ip_mon_h             ApbSeqItem  -     @709 
#   apb_write_paddr    integral    9     'ha  
#   apb_read_paddr     integral    9     'h14c
#   apb_write_data     integral    8     'hd3 
#   transfer           integral    1     'h1  
#   READ_WRITE         integral    1     'h0  
#   apb_read_data_out  integral    8     'h0  
# --------------------------------------------
# WRITE ADDRESS = 000001010  READ ADDRESS =101001100 || WRITE DATA =d3
# THE RESET IS 1
# ----------------------------------------------INPUT MONITOR-------------------------------------------------------
# UVM_INFO ApbScoreboard.sv(46) @ 1565: uvm_test_top.env_h.scb_h [SB] ACTUAL TRANSACTION: size = 1 | TRANSFER = 1 | RW = 0 | WPADDR = a | WDATA = d3 | RDATA = 0 | RPADDR = 14c
# ----------------------------------------------OUTPUT MONITOR-------------------------------------------------------
# --------------------------------------------
# Name                 Type        Size  Value
# --------------------------------------------
# op_mon_h             ApbSeqItem  -     @734 
#   apb_write_paddr    integral    9     'ha  
#   apb_read_paddr     integral    9     'h14c
#   apb_write_data     integral    8     'hd3 
#   transfer           integral    1     'h1  
#   READ_WRITE         integral    1     'h0  
#   apb_read_data_out  integral    8     'h0  
# --------------------------------------------
# ----------------------------------------------OUTPUT MONITOR-------------------------------------------------------
# FOR COMPARING : WRITE DATA =d3 READ DATA OUT =xx
# -------------------------------------------------------------------WRITE--PASS---------------------------------------------------------------------
# UVM_INFO ApbScoreboard.sv(84) @ 1565: uvm_test_top.env_h.scb_h [COMPARE] WRITE PASS | EXPECTED WDATA = d3  ACTUAL WDATA =d3 |EXPECTED  WRITE ADDR = a ACTUAL WRITE ADDR =a
# WRITE_ADDRESS_VALIDITY: ASSERTION PASS
# TRANSFER_VALIDITY: ASSERTION PASS
# ---------------------------------DRIVER-------------------
# --------------------------------------------------------------------------------------------
# Name                           Type        Size  Value                                      
# --------------------------------------------------------------------------------------------
# txn                            ApbSeqItem  -     @1096                                      
#   apb_write_paddr              integral    9     'h8                                        
#   apb_read_paddr               integral    9     'h1e1                                      
#   apb_write_data               integral    8     'hb0                                       
#   transfer                     integral    1     'h1                                        
#   READ_WRITE                   integral    1     'h0                                        
#   apb_read_data_out            integral    8     'h0                                        
#   begin_time                   time        64    1565                                       
#   end_time                     time        64    1565                                       
#   depth                        int         32    'd2                                        
#   parent sequence (name)       string      11    writeseq1_h                                
#   parent sequence (full name)  string      43    uvm_test_top.env_h.act_h.seqr_h.writeseq1_h
#   sequencer                    string      31    uvm_test_top.env_h.act_h.seqr_h            
# --------------------------------------------------------------------------------------------
# --------------------------------------DRIVER----------------------------------
# UVM_INFO ApbScoreboard.sv(39) @ 1575: uvm_test_top.env_h.scb_h [SB] EXPECTED TRANSACTION: size = 79 | TRANSFER = 1 | RW = 0 | WDATA = b0 | WPADDR = 8 | RPADDR = 14c
# ----------------------------------------------INPUT MONITOR-------------------------------------------------------
# --------------------------------------------
# Name                 Type        Size  Value
# --------------------------------------------
# ip_mon_h             ApbSeqItem  -     @709 
#   apb_write_paddr    integral    9     'h8  
#   apb_read_paddr     integral    9     'h14c
#   apb_write_data     integral    8     'hb0 
#   transfer           integral    1     'h1  
#   READ_WRITE         integral    1     'h0  
#   apb_read_data_out  integral    8     'h0  
# --------------------------------------------
# WRITE ADDRESS = 000001000  READ ADDRESS =101001100 || WRITE DATA =b0
# THE RESET IS 1
# ----------------------------------------------INPUT MONITOR-------------------------------------------------------
# WRITE ADDRESS == 000001000
# SLAVE 1
# WRITE_ADDRESS_VALIDITY: ASSERTION PASS
# TRANSFER_VALIDITY: ASSERTION PASS
# ---------------------------------DRIVER-------------------
# --------------------------------------------------------------------------------------------
# Name                           Type        Size  Value                                      
# --------------------------------------------------------------------------------------------
# txn                            ApbSeqItem  -     @1100                                      
#   apb_write_paddr              integral    9     'h9                                        
#   apb_read_paddr               integral    9     'h124                                      
#   apb_write_data               integral    8     'h12                                       
#   transfer                     integral    1     'h1                                        
#   READ_WRITE                   integral    1     'h0                                        
#   apb_read_data_out            integral    8     'h0                                        
#   begin_time                   time        64    1575                                       
#   depth                        int         32    'd2                                        
#   parent sequence (name)       string      11    writeseq1_h                                
#   parent sequence (full name)  string      43    uvm_test_top.env_h.act_h.seqr_h.writeseq1_h
#   sequencer                    string      31    uvm_test_top.env_h.act_h.seqr_h            
# --------------------------------------------------------------------------------------------
# --------------------------------------DRIVER----------------------------------
# UVM_INFO ApbScoreboard.sv(39) @ 1585: uvm_test_top.env_h.scb_h [SB] EXPECTED TRANSACTION: size = 80 | TRANSFER = 1 | RW = 0 | WDATA = b0 | WPADDR = 8 | RPADDR = 14c
# ----------------------------------------------INPUT MONITOR-------------------------------------------------------
# --------------------------------------------
# Name                 Type        Size  Value
# --------------------------------------------
# ip_mon_h             ApbSeqItem  -     @709 
#   apb_write_paddr    integral    9     'h8  
#   apb_read_paddr     integral    9     'h14c
#   apb_write_data     integral    8     'hb0 
#   transfer           integral    1     'h1  
#   READ_WRITE         integral    1     'h0  
#   apb_read_data_out  integral    8     'h0  
# --------------------------------------------
# WRITE ADDRESS = 000001000  READ ADDRESS =101001100 || WRITE DATA =b0
# THE RESET IS 1
# ----------------------------------------------INPUT MONITOR-------------------------------------------------------
# UVM_INFO ApbScoreboard.sv(46) @ 1585: uvm_test_top.env_h.scb_h [SB] ACTUAL TRANSACTION: size = 1 | TRANSFER = 1 | RW = 0 | WPADDR = 8 | WDATA = b0 | RDATA = 0 | RPADDR = 14c
# ----------------------------------------------OUTPUT MONITOR-------------------------------------------------------
# --------------------------------------------
# Name                 Type        Size  Value
# --------------------------------------------
# op_mon_h             ApbSeqItem  -     @734 
#   apb_write_paddr    integral    9     'h8  
#   apb_read_paddr     integral    9     'h14c
#   apb_write_data     integral    8     'hb0 
#   transfer           integral    1     'h1  
#   READ_WRITE         integral    1     'h0  
#   apb_read_data_out  integral    8     'h0  
# --------------------------------------------
# ----------------------------------------------OUTPUT MONITOR-------------------------------------------------------
# FOR COMPARING : WRITE DATA =b0 READ DATA OUT =xx
# -------------------------------------------------------------------WRITE--PASS---------------------------------------------------------------------
# UVM_INFO ApbScoreboard.sv(84) @ 1585: uvm_test_top.env_h.scb_h [COMPARE] WRITE PASS | EXPECTED WDATA = b0  ACTUAL WDATA =b0 |EXPECTED  WRITE ADDR = 8 ACTUAL WRITE ADDR =8
# WRITE_ADDRESS_VALIDITY: ASSERTION PASS
# TRANSFER_VALIDITY: ASSERTION PASS
# ---------------------------------DRIVER-------------------
# --------------------------------------------------------------------------------------------
# Name                           Type        Size  Value                                      
# --------------------------------------------------------------------------------------------
# txn                            ApbSeqItem  -     @1100                                      
#   apb_write_paddr              integral    9     'h9                                        
#   apb_read_paddr               integral    9     'h124                                      
#   apb_write_data               integral    8     'h12                                       
#   transfer                     integral    1     'h1                                        
#   READ_WRITE                   integral    1     'h0                                        
#   apb_read_data_out            integral    8     'h0                                        
#   begin_time                   time        64    1585                                       
#   end_time                     time        64    1585                                       
#   depth                        int         32    'd2                                        
#   parent sequence (name)       string      11    writeseq1_h                                
#   parent sequence (full name)  string      43    uvm_test_top.env_h.act_h.seqr_h.writeseq1_h
#   sequencer                    string      31    uvm_test_top.env_h.act_h.seqr_h            
# --------------------------------------------------------------------------------------------
# --------------------------------------DRIVER----------------------------------
# UVM_INFO ApbScoreboard.sv(39) @ 1595: uvm_test_top.env_h.scb_h [SB] EXPECTED TRANSACTION: size = 80 | TRANSFER = 1 | RW = 0 | WDATA = 12 | WPADDR = 9 | RPADDR = 14c
# ----------------------------------------------INPUT MONITOR-------------------------------------------------------
# --------------------------------------------
# Name                 Type        Size  Value
# --------------------------------------------
# ip_mon_h             ApbSeqItem  -     @709 
#   apb_write_paddr    integral    9     'h9  
#   apb_read_paddr     integral    9     'h14c
#   apb_write_data     integral    8     'h12 
#   transfer           integral    1     'h1  
#   READ_WRITE         integral    1     'h0  
#   apb_read_data_out  integral    8     'h0  
# --------------------------------------------
# WRITE ADDRESS = 000001001  READ ADDRESS =101001100 || WRITE DATA =12
# THE RESET IS 1
# ----------------------------------------------INPUT MONITOR-------------------------------------------------------
# WRITE ADDRESS == 000001001
# SLAVE 1
# WRITE_ADDRESS_VALIDITY: ASSERTION PASS
# TRANSFER_VALIDITY: ASSERTION PASS
# ---------------------------------DRIVER-------------------
# --------------------------------------------------------------------------------------------
# Name                           Type        Size  Value                                      
# --------------------------------------------------------------------------------------------
# txn                            ApbSeqItem  -     @1104                                      
#   apb_write_paddr              integral    9     'h2                                        
#   apb_read_paddr               integral    9     'h10c                                      
#   apb_write_data               integral    8     'h6d                                       
#   transfer                     integral    1     'h1                                        
#   READ_WRITE                   integral    1     'h0                                        
#   apb_read_data_out            integral    8     'h0                                        
#   begin_time                   time        64    1595                                       
#   depth                        int         32    'd2                                        
#   parent sequence (name)       string      11    writeseq1_h                                
#   parent sequence (full name)  string      43    uvm_test_top.env_h.act_h.seqr_h.writeseq1_h
#   sequencer                    string      31    uvm_test_top.env_h.act_h.seqr_h            
# --------------------------------------------------------------------------------------------
# --------------------------------------DRIVER----------------------------------
# UVM_INFO ApbScoreboard.sv(39) @ 1605: uvm_test_top.env_h.scb_h [SB] EXPECTED TRANSACTION: size = 81 | TRANSFER = 1 | RW = 0 | WDATA = 12 | WPADDR = 9 | RPADDR = 14c
# ----------------------------------------------INPUT MONITOR-------------------------------------------------------
# --------------------------------------------
# Name                 Type        Size  Value
# --------------------------------------------
# ip_mon_h             ApbSeqItem  -     @709 
#   apb_write_paddr    integral    9     'h9  
#   apb_read_paddr     integral    9     'h14c
#   apb_write_data     integral    8     'h12 
#   transfer           integral    1     'h1  
#   READ_WRITE         integral    1     'h0  
#   apb_read_data_out  integral    8     'h0  
# --------------------------------------------
# WRITE ADDRESS = 000001001  READ ADDRESS =101001100 || WRITE DATA =12
# THE RESET IS 1
# ----------------------------------------------INPUT MONITOR-------------------------------------------------------
# UVM_INFO ApbScoreboard.sv(46) @ 1605: uvm_test_top.env_h.scb_h [SB] ACTUAL TRANSACTION: size = 1 | TRANSFER = 1 | RW = 0 | WPADDR = 9 | WDATA = 12 | RDATA = 0 | RPADDR = 14c
# ----------------------------------------------OUTPUT MONITOR-------------------------------------------------------
# --------------------------------------------
# Name                 Type        Size  Value
# --------------------------------------------
# op_mon_h             ApbSeqItem  -     @734 
#   apb_write_paddr    integral    9     'h9  
#   apb_read_paddr     integral    9     'h14c
#   apb_write_data     integral    8     'h12 
#   transfer           integral    1     'h1  
#   READ_WRITE         integral    1     'h0  
#   apb_read_data_out  integral    8     'h0  
# --------------------------------------------
# ----------------------------------------------OUTPUT MONITOR-------------------------------------------------------
# FOR COMPARING : WRITE DATA =12 READ DATA OUT =xx
# -------------------------------------------------------------------WRITE--PASS---------------------------------------------------------------------
# UVM_INFO ApbScoreboard.sv(84) @ 1605: uvm_test_top.env_h.scb_h [COMPARE] WRITE PASS | EXPECTED WDATA = 12  ACTUAL WDATA =12 |EXPECTED  WRITE ADDR = 9 ACTUAL WRITE ADDR =9
# WRITE_ADDRESS_VALIDITY: ASSERTION PASS
# TRANSFER_VALIDITY: ASSERTION PASS
# ---------------------------------DRIVER-------------------
# --------------------------------------------------------------------------------------------
# Name                           Type        Size  Value                                      
# --------------------------------------------------------------------------------------------
# txn                            ApbSeqItem  -     @1104                                      
#   apb_write_paddr              integral    9     'h2                                        
#   apb_read_paddr               integral    9     'h10c                                      
#   apb_write_data               integral    8     'h6d                                       
#   transfer                     integral    1     'h1                                        
#   READ_WRITE                   integral    1     'h0                                        
#   apb_read_data_out            integral    8     'h0                                        
#   begin_time                   time        64    1605                                       
#   end_time                     time        64    1605                                       
#   depth                        int         32    'd2                                        
#   parent sequence (name)       string      11    writeseq1_h                                
#   parent sequence (full name)  string      43    uvm_test_top.env_h.act_h.seqr_h.writeseq1_h
#   sequencer                    string      31    uvm_test_top.env_h.act_h.seqr_h            
# --------------------------------------------------------------------------------------------
# --------------------------------------DRIVER----------------------------------
# UVM_INFO ApbScoreboard.sv(39) @ 1615: uvm_test_top.env_h.scb_h [SB] EXPECTED TRANSACTION: size = 81 | TRANSFER = 1 | RW = 0 | WDATA = 6d | WPADDR = 2 | RPADDR = 14c
# ----------------------------------------------INPUT MONITOR-------------------------------------------------------
# --------------------------------------------
# Name                 Type        Size  Value
# --------------------------------------------
# ip_mon_h             ApbSeqItem  -     @709 
#   apb_write_paddr    integral    9     'h2  
#   apb_read_paddr     integral    9     'h14c
#   apb_write_data     integral    8     'h6d 
#   transfer           integral    1     'h1  
#   READ_WRITE         integral    1     'h0  
#   apb_read_data_out  integral    8     'h0  
# --------------------------------------------
# WRITE ADDRESS = 000000010  READ ADDRESS =101001100 || WRITE DATA =6d
# THE RESET IS 1
# ----------------------------------------------INPUT MONITOR-------------------------------------------------------
# WRITE ADDRESS == 000000010
# SLAVE 1
# WRITE_ADDRESS_VALIDITY: ASSERTION PASS
# TRANSFER_VALIDITY: ASSERTION PASS
# ---------------------------------DRIVER-------------------
# --------------------------------------------------------------------------------------------
# Name                           Type        Size  Value                                      
# --------------------------------------------------------------------------------------------
# txn                            ApbSeqItem  -     @1108                                      
#   apb_write_paddr              integral    9     'h1                                        
#   apb_read_paddr               integral    9     'h1c6                                      
#   apb_write_data               integral    8     'h1a                                       
#   transfer                     integral    1     'h1                                        
#   READ_WRITE                   integral    1     'h0                                        
#   apb_read_data_out            integral    8     'h0                                        
#   begin_time                   time        64    1615                                       
#   depth                        int         32    'd2                                        
#   parent sequence (name)       string      11    writeseq1_h                                
#   parent sequence (full name)  string      43    uvm_test_top.env_h.act_h.seqr_h.writeseq1_h
#   sequencer                    string      31    uvm_test_top.env_h.act_h.seqr_h            
# --------------------------------------------------------------------------------------------
# --------------------------------------DRIVER----------------------------------
# UVM_INFO ApbScoreboard.sv(39) @ 1625: uvm_test_top.env_h.scb_h [SB] EXPECTED TRANSACTION: size = 82 | TRANSFER = 1 | RW = 0 | WDATA = 6d | WPADDR = 2 | RPADDR = 14c
# ----------------------------------------------INPUT MONITOR-------------------------------------------------------
# --------------------------------------------
# Name                 Type        Size  Value
# --------------------------------------------
# ip_mon_h             ApbSeqItem  -     @709 
#   apb_write_paddr    integral    9     'h2  
#   apb_read_paddr     integral    9     'h14c
#   apb_write_data     integral    8     'h6d 
#   transfer           integral    1     'h1  
#   READ_WRITE         integral    1     'h0  
#   apb_read_data_out  integral    8     'h0  
# --------------------------------------------
# WRITE ADDRESS = 000000010  READ ADDRESS =101001100 || WRITE DATA =6d
# THE RESET IS 1
# ----------------------------------------------INPUT MONITOR-------------------------------------------------------
# UVM_INFO ApbScoreboard.sv(46) @ 1625: uvm_test_top.env_h.scb_h [SB] ACTUAL TRANSACTION: size = 1 | TRANSFER = 1 | RW = 0 | WPADDR = 2 | WDATA = 6d | RDATA = 0 | RPADDR = 14c
# ----------------------------------------------OUTPUT MONITOR-------------------------------------------------------
# --------------------------------------------
# Name                 Type        Size  Value
# --------------------------------------------
# op_mon_h             ApbSeqItem  -     @734 
#   apb_write_paddr    integral    9     'h2  
#   apb_read_paddr     integral    9     'h14c
#   apb_write_data     integral    8     'h6d 
#   transfer           integral    1     'h1  
#   READ_WRITE         integral    1     'h0  
#   apb_read_data_out  integral    8     'h0  
# --------------------------------------------
# ----------------------------------------------OUTPUT MONITOR-------------------------------------------------------
# FOR COMPARING : WRITE DATA =6d READ DATA OUT =xx
# -------------------------------------------------------------------WRITE--PASS---------------------------------------------------------------------
# UVM_INFO ApbScoreboard.sv(84) @ 1625: uvm_test_top.env_h.scb_h [COMPARE] WRITE PASS | EXPECTED WDATA = 6d  ACTUAL WDATA =6d |EXPECTED  WRITE ADDR = 2 ACTUAL WRITE ADDR =2
# WRITE_ADDRESS_VALIDITY: ASSERTION PASS
# TRANSFER_VALIDITY: ASSERTION PASS
# ---------------------------------DRIVER-------------------
# --------------------------------------------------------------------------------------------
# Name                           Type        Size  Value                                      
# --------------------------------------------------------------------------------------------
# txn                            ApbSeqItem  -     @1108                                      
#   apb_write_paddr              integral    9     'h1                                        
#   apb_read_paddr               integral    9     'h1c6                                      
#   apb_write_data               integral    8     'h1a                                       
#   transfer                     integral    1     'h1                                        
#   READ_WRITE                   integral    1     'h0                                        
#   apb_read_data_out            integral    8     'h0                                        
#   begin_time                   time        64    1625                                       
#   end_time                     time        64    1625                                       
#   depth                        int         32    'd2                                        
#   parent sequence (name)       string      11    writeseq1_h                                
#   parent sequence (full name)  string      43    uvm_test_top.env_h.act_h.seqr_h.writeseq1_h
#   sequencer                    string      31    uvm_test_top.env_h.act_h.seqr_h            
# --------------------------------------------------------------------------------------------
# --------------------------------------DRIVER----------------------------------
# UVM_INFO ApbScoreboard.sv(39) @ 1635: uvm_test_top.env_h.scb_h [SB] EXPECTED TRANSACTION: size = 82 | TRANSFER = 1 | RW = 0 | WDATA = 1a | WPADDR = 1 | RPADDR = 14c
# ----------------------------------------------INPUT MONITOR-------------------------------------------------------
# --------------------------------------------
# Name                 Type        Size  Value
# --------------------------------------------
# ip_mon_h             ApbSeqItem  -     @709 
#   apb_write_paddr    integral    9     'h1  
#   apb_read_paddr     integral    9     'h14c
#   apb_write_data     integral    8     'h1a 
#   transfer           integral    1     'h1  
#   READ_WRITE         integral    1     'h0  
#   apb_read_data_out  integral    8     'h0  
# --------------------------------------------
# WRITE ADDRESS = 000000001  READ ADDRESS =101001100 || WRITE DATA =1a
# THE RESET IS 1
# ----------------------------------------------INPUT MONITOR-------------------------------------------------------
# WRITE ADDRESS == 000000001
# SLAVE 1
# WRITE_ADDRESS_VALIDITY: ASSERTION PASS
# TRANSFER_VALIDITY: ASSERTION PASS
# ---------------------------------DRIVER-------------------
# --------------------------------------------------------------------------------------------
# Name                           Type        Size  Value                                      
# --------------------------------------------------------------------------------------------
# txn                            ApbSeqItem  -     @1112                                      
#   apb_write_paddr              integral    9     'h9                                        
#   apb_read_paddr               integral    9     'h1fd                                      
#   apb_write_data               integral    8     'h7d                                       
#   transfer                     integral    1     'h1                                        
#   READ_WRITE                   integral    1     'h0                                        
#   apb_read_data_out            integral    8     'h0                                        
#   begin_time                   time        64    1635                                       
#   depth                        int         32    'd2                                        
#   parent sequence (name)       string      11    writeseq1_h                                
#   parent sequence (full name)  string      43    uvm_test_top.env_h.act_h.seqr_h.writeseq1_h
#   sequencer                    string      31    uvm_test_top.env_h.act_h.seqr_h            
# --------------------------------------------------------------------------------------------
# --------------------------------------DRIVER----------------------------------
# UVM_INFO ApbScoreboard.sv(39) @ 1645: uvm_test_top.env_h.scb_h [SB] EXPECTED TRANSACTION: size = 83 | TRANSFER = 1 | RW = 0 | WDATA = 1a | WPADDR = 1 | RPADDR = 14c
# ----------------------------------------------INPUT MONITOR-------------------------------------------------------
# --------------------------------------------
# Name                 Type        Size  Value
# --------------------------------------------
# ip_mon_h             ApbSeqItem  -     @709 
#   apb_write_paddr    integral    9     'h1  
#   apb_read_paddr     integral    9     'h14c
#   apb_write_data     integral    8     'h1a 
#   transfer           integral    1     'h1  
#   READ_WRITE         integral    1     'h0  
#   apb_read_data_out  integral    8     'h0  
# --------------------------------------------
# WRITE ADDRESS = 000000001  READ ADDRESS =101001100 || WRITE DATA =1a
# THE RESET IS 1
# ----------------------------------------------INPUT MONITOR-------------------------------------------------------
# UVM_INFO ApbScoreboard.sv(46) @ 1645: uvm_test_top.env_h.scb_h [SB] ACTUAL TRANSACTION: size = 1 | TRANSFER = 1 | RW = 0 | WPADDR = 1 | WDATA = 1a | RDATA = 0 | RPADDR = 14c
# ----------------------------------------------OUTPUT MONITOR-------------------------------------------------------
# --------------------------------------------
# Name                 Type        Size  Value
# --------------------------------------------
# op_mon_h             ApbSeqItem  -     @734 
#   apb_write_paddr    integral    9     'h1  
#   apb_read_paddr     integral    9     'h14c
#   apb_write_data     integral    8     'h1a 
#   transfer           integral    1     'h1  
#   READ_WRITE         integral    1     'h0  
#   apb_read_data_out  integral    8     'h0  
# --------------------------------------------
# ----------------------------------------------OUTPUT MONITOR-------------------------------------------------------
# FOR COMPARING : WRITE DATA =1a READ DATA OUT =xx
# -------------------------------------------------------------------WRITE--PASS---------------------------------------------------------------------
# UVM_INFO ApbScoreboard.sv(84) @ 1645: uvm_test_top.env_h.scb_h [COMPARE] WRITE PASS | EXPECTED WDATA = 1a  ACTUAL WDATA =1a |EXPECTED  WRITE ADDR = 1 ACTUAL WRITE ADDR =1
# WRITE_ADDRESS_VALIDITY: ASSERTION PASS
# TRANSFER_VALIDITY: ASSERTION PASS
# ---------------------------------DRIVER-------------------
# --------------------------------------------------------------------------------------------
# Name                           Type        Size  Value                                      
# --------------------------------------------------------------------------------------------
# txn                            ApbSeqItem  -     @1112                                      
#   apb_write_paddr              integral    9     'h9                                        
#   apb_read_paddr               integral    9     'h1fd                                      
#   apb_write_data               integral    8     'h7d                                       
#   transfer                     integral    1     'h1                                        
#   READ_WRITE                   integral    1     'h0                                        
#   apb_read_data_out            integral    8     'h0                                        
#   begin_time                   time        64    1645                                       
#   end_time                     time        64    1645                                       
#   depth                        int         32    'd2                                        
#   parent sequence (name)       string      11    writeseq1_h                                
#   parent sequence (full name)  string      43    uvm_test_top.env_h.act_h.seqr_h.writeseq1_h
#   sequencer                    string      31    uvm_test_top.env_h.act_h.seqr_h            
# --------------------------------------------------------------------------------------------
# --------------------------------------DRIVER----------------------------------
# UVM_INFO ApbScoreboard.sv(39) @ 1655: uvm_test_top.env_h.scb_h [SB] EXPECTED TRANSACTION: size = 83 | TRANSFER = 1 | RW = 0 | WDATA = 7d | WPADDR = 9 | RPADDR = 14c
# ----------------------------------------------INPUT MONITOR-------------------------------------------------------
# --------------------------------------------
# Name                 Type        Size  Value
# --------------------------------------------
# ip_mon_h             ApbSeqItem  -     @709 
#   apb_write_paddr    integral    9     'h9  
#   apb_read_paddr     integral    9     'h14c
#   apb_write_data     integral    8     'h7d 
#   transfer           integral    1     'h1  
#   READ_WRITE         integral    1     'h0  
#   apb_read_data_out  integral    8     'h0  
# --------------------------------------------
# WRITE ADDRESS = 000001001  READ ADDRESS =101001100 || WRITE DATA =7d
# THE RESET IS 1
# ----------------------------------------------INPUT MONITOR-------------------------------------------------------
# WRITE ADDRESS == 000001001
# SLAVE 1
# WRITE_ADDRESS_VALIDITY: ASSERTION PASS
# TRANSFER_VALIDITY: ASSERTION PASS
# ---------------------------------DRIVER-------------------
# --------------------------------------------------------------------------------------------
# Name                           Type        Size  Value                                      
# --------------------------------------------------------------------------------------------
# txn                            ApbSeqItem  -     @1120                                      
#   apb_write_paddr              integral    9     'h172                                      
#   apb_read_paddr               integral    9     'h180                                      
#   apb_write_data               integral    8     'haa                                       
#   transfer                     integral    1     'h1                                        
#   READ_WRITE                   integral    1     'h0                                        
#   apb_read_data_out            integral    8     'h0                                        
#   begin_time                   time        64    1655                                       
#   depth                        int         32    'd2                                        
#   parent sequence (name)       string      11    writeseq2_h                                
#   parent sequence (full name)  string      43    uvm_test_top.env_h.act_h.seqr_h.writeseq2_h
#   sequencer                    string      31    uvm_test_top.env_h.act_h.seqr_h            
# --------------------------------------------------------------------------------------------
# --------------------------------------DRIVER----------------------------------
# UVM_INFO ApbScoreboard.sv(39) @ 1665: uvm_test_top.env_h.scb_h [SB] EXPECTED TRANSACTION: size = 84 | TRANSFER = 1 | RW = 0 | WDATA = 7d | WPADDR = 9 | RPADDR = 14c
# ----------------------------------------------INPUT MONITOR-------------------------------------------------------
# --------------------------------------------
# Name                 Type        Size  Value
# --------------------------------------------
# ip_mon_h             ApbSeqItem  -     @709 
#   apb_write_paddr    integral    9     'h9  
#   apb_read_paddr     integral    9     'h14c
#   apb_write_data     integral    8     'h7d 
#   transfer           integral    1     'h1  
#   READ_WRITE         integral    1     'h0  
#   apb_read_data_out  integral    8     'h0  
# --------------------------------------------
# WRITE ADDRESS = 000001001  READ ADDRESS =101001100 || WRITE DATA =7d
# THE RESET IS 1
# ----------------------------------------------INPUT MONITOR-------------------------------------------------------
# UVM_INFO ApbScoreboard.sv(46) @ 1665: uvm_test_top.env_h.scb_h [SB] ACTUAL TRANSACTION: size = 1 | TRANSFER = 1 | RW = 0 | WPADDR = 9 | WDATA = 7d | RDATA = 0 | RPADDR = 14c
# ----------------------------------------------OUTPUT MONITOR-------------------------------------------------------
# --------------------------------------------
# Name                 Type        Size  Value
# --------------------------------------------
# op_mon_h             ApbSeqItem  -     @734 
#   apb_write_paddr    integral    9     'h9  
#   apb_read_paddr     integral    9     'h14c
#   apb_write_data     integral    8     'h7d 
#   transfer           integral    1     'h1  
#   READ_WRITE         integral    1     'h0  
#   apb_read_data_out  integral    8     'h0  
# --------------------------------------------
# ----------------------------------------------OUTPUT MONITOR-------------------------------------------------------
# FOR COMPARING : WRITE DATA =7d READ DATA OUT =xx
# -------------------------------------------------------------------WRITE--PASS---------------------------------------------------------------------
# UVM_INFO ApbScoreboard.sv(84) @ 1665: uvm_test_top.env_h.scb_h [COMPARE] WRITE PASS | EXPECTED WDATA = 7d  ACTUAL WDATA =7d |EXPECTED  WRITE ADDR = 9 ACTUAL WRITE ADDR =9
# WRITE_ADDRESS_VALIDITY: ASSERTION PASS
# TRANSFER_VALIDITY: ASSERTION PASS
# ---------------------------------DRIVER-------------------
# --------------------------------------------------------------------------------------------
# Name                           Type        Size  Value                                      
# --------------------------------------------------------------------------------------------
# txn                            ApbSeqItem  -     @1120                                      
#   apb_write_paddr              integral    9     'h172                                      
#   apb_read_paddr               integral    9     'h180                                      
#   apb_write_data               integral    8     'haa                                       
#   transfer                     integral    1     'h1                                        
#   READ_WRITE                   integral    1     'h0                                        
#   apb_read_data_out            integral    8     'h0                                        
#   begin_time                   time        64    1665                                       
#   end_time                     time        64    1665                                       
#   depth                        int         32    'd2                                        
#   parent sequence (name)       string      11    writeseq2_h                                
#   parent sequence (full name)  string      43    uvm_test_top.env_h.act_h.seqr_h.writeseq2_h
#   sequencer                    string      31    uvm_test_top.env_h.act_h.seqr_h            
# --------------------------------------------------------------------------------------------
# --------------------------------------DRIVER----------------------------------
# UVM_INFO ApbScoreboard.sv(39) @ 1675: uvm_test_top.env_h.scb_h [SB] EXPECTED TRANSACTION: size = 84 | TRANSFER = 1 | RW = 0 | WDATA = aa | WPADDR = 172 | RPADDR = 14c
# ----------------------------------------------INPUT MONITOR-------------------------------------------------------
# --------------------------------------------
# Name                 Type        Size  Value
# --------------------------------------------
# ip_mon_h             ApbSeqItem  -     @709 
#   apb_write_paddr    integral    9     'h172
#   apb_read_paddr     integral    9     'h14c
#   apb_write_data     integral    8     'haa 
#   transfer           integral    1     'h1  
#   READ_WRITE         integral    1     'h0  
#   apb_read_data_out  integral    8     'h0  
# --------------------------------------------
# WRITE ADDRESS = 101110010  READ ADDRESS =101001100 || WRITE DATA =aa
# THE RESET IS 1
# ----------------------------------------------INPUT MONITOR-------------------------------------------------------
# WRITE ADDRESS == 101110010
# SLAVE 2 
# WRITE_ADDRESS_VALIDITY: ASSERTION PASS
# TRANSFER_VALIDITY: ASSERTION PASS
# ---------------------------------DRIVER-------------------
# --------------------------------------------------------------------------------------------
# Name                           Type        Size  Value                                      
# --------------------------------------------------------------------------------------------
# txn                            ApbSeqItem  -     @1124                                      
#   apb_write_paddr              integral    9     'h1a1                                      
#   apb_read_paddr               integral    9     'h78                                       
#   apb_write_data               integral    8     'haa                                       
#   transfer                     integral    1     'h1                                        
#   READ_WRITE                   integral    1     'h0                                        
#   apb_read_data_out            integral    8     'h0                                        
#   begin_time                   time        64    1675                                       
#   depth                        int         32    'd2                                        
#   parent sequence (name)       string      11    writeseq2_h                                
#   parent sequence (full name)  string      43    uvm_test_top.env_h.act_h.seqr_h.writeseq2_h
#   sequencer                    string      31    uvm_test_top.env_h.act_h.seqr_h            
# --------------------------------------------------------------------------------------------
# --------------------------------------DRIVER----------------------------------
# UVM_INFO ApbScoreboard.sv(39) @ 1685: uvm_test_top.env_h.scb_h [SB] EXPECTED TRANSACTION: size = 85 | TRANSFER = 1 | RW = 0 | WDATA = aa | WPADDR = 172 | RPADDR = 14c
# ----------------------------------------------INPUT MONITOR-------------------------------------------------------
# --------------------------------------------
# Name                 Type        Size  Value
# --------------------------------------------
# ip_mon_h             ApbSeqItem  -     @709 
#   apb_write_paddr    integral    9     'h172
#   apb_read_paddr     integral    9     'h14c
#   apb_write_data     integral    8     'haa 
#   transfer           integral    1     'h1  
#   READ_WRITE         integral    1     'h0  
#   apb_read_data_out  integral    8     'h0  
# --------------------------------------------
# WRITE ADDRESS = 101110010  READ ADDRESS =101001100 || WRITE DATA =aa
# THE RESET IS 1
# ----------------------------------------------INPUT MONITOR-------------------------------------------------------
# UVM_INFO ApbScoreboard.sv(46) @ 1685: uvm_test_top.env_h.scb_h [SB] ACTUAL TRANSACTION: size = 1 | TRANSFER = 1 | RW = 0 | WPADDR = 172 | WDATA = aa | RDATA = 0 | RPADDR = 14c
# ----------------------------------------------OUTPUT MONITOR-------------------------------------------------------
# --------------------------------------------
# Name                 Type        Size  Value
# --------------------------------------------
# op_mon_h             ApbSeqItem  -     @734 
#   apb_write_paddr    integral    9     'h172
#   apb_read_paddr     integral    9     'h14c
#   apb_write_data     integral    8     'haa 
#   transfer           integral    1     'h1  
#   READ_WRITE         integral    1     'h0  
#   apb_read_data_out  integral    8     'h0  
# --------------------------------------------
# ----------------------------------------------OUTPUT MONITOR-------------------------------------------------------
# FOR COMPARING : WRITE DATA =aa READ DATA OUT =xx
# -------------------------------------------------------------------WRITE--PASS---------------------------------------------------------------------
# UVM_INFO ApbScoreboard.sv(84) @ 1685: uvm_test_top.env_h.scb_h [COMPARE] WRITE PASS | EXPECTED WDATA = aa  ACTUAL WDATA =aa |EXPECTED  WRITE ADDR = 172 ACTUAL WRITE ADDR =172
# WRITE_ADDRESS_VALIDITY: ASSERTION PASS
# TRANSFER_VALIDITY: ASSERTION PASS
# ---------------------------------DRIVER-------------------
# --------------------------------------------------------------------------------------------
# Name                           Type        Size  Value                                      
# --------------------------------------------------------------------------------------------
# txn                            ApbSeqItem  -     @1124                                      
#   apb_write_paddr              integral    9     'h1a1                                      
#   apb_read_paddr               integral    9     'h78                                       
#   apb_write_data               integral    8     'haa                                       
#   transfer                     integral    1     'h1                                        
#   READ_WRITE                   integral    1     'h0                                        
#   apb_read_data_out            integral    8     'h0                                        
#   begin_time                   time        64    1685                                       
#   end_time                     time        64    1685                                       
#   depth                        int         32    'd2                                        
#   parent sequence (name)       string      11    writeseq2_h                                
#   parent sequence (full name)  string      43    uvm_test_top.env_h.act_h.seqr_h.writeseq2_h
#   sequencer                    string      31    uvm_test_top.env_h.act_h.seqr_h            
# --------------------------------------------------------------------------------------------
# --------------------------------------DRIVER----------------------------------
# UVM_INFO ApbScoreboard.sv(39) @ 1695: uvm_test_top.env_h.scb_h [SB] EXPECTED TRANSACTION: size = 85 | TRANSFER = 1 | RW = 0 | WDATA = aa | WPADDR = 1a1 | RPADDR = 14c
# ----------------------------------------------INPUT MONITOR-------------------------------------------------------
# --------------------------------------------
# Name                 Type        Size  Value
# --------------------------------------------
# ip_mon_h             ApbSeqItem  -     @709 
#   apb_write_paddr    integral    9     'h1a1
#   apb_read_paddr     integral    9     'h14c
#   apb_write_data     integral    8     'haa 
#   transfer           integral    1     'h1  
#   READ_WRITE         integral    1     'h0  
#   apb_read_data_out  integral    8     'h0  
# --------------------------------------------
# WRITE ADDRESS = 110100001  READ ADDRESS =101001100 || WRITE DATA =aa
# THE RESET IS 1
# ----------------------------------------------INPUT MONITOR-------------------------------------------------------
# WRITE ADDRESS == 110100001
# SLAVE 2 
# WRITE_ADDRESS_VALIDITY: ASSERTION PASS
# TRANSFER_VALIDITY: ASSERTION PASS
# ---------------------------------DRIVER-------------------
# --------------------------------------------------------------------------------------------
# Name                           Type        Size  Value                                      
# --------------------------------------------------------------------------------------------
# txn                            ApbSeqItem  -     @1128                                      
#   apb_write_paddr              integral    9     'h1c5                                      
#   apb_read_paddr               integral    9     'h122                                      
#   apb_write_data               integral    8     'h2a                                       
#   transfer                     integral    1     'h1                                        
#   READ_WRITE                   integral    1     'h0                                        
#   apb_read_data_out            integral    8     'h0                                        
#   begin_time                   time        64    1695                                       
#   depth                        int         32    'd2                                        
#   parent sequence (name)       string      11    writeseq2_h                                
#   parent sequence (full name)  string      43    uvm_test_top.env_h.act_h.seqr_h.writeseq2_h
#   sequencer                    string      31    uvm_test_top.env_h.act_h.seqr_h            
# --------------------------------------------------------------------------------------------
# --------------------------------------DRIVER----------------------------------
# UVM_INFO ApbScoreboard.sv(39) @ 1705: uvm_test_top.env_h.scb_h [SB] EXPECTED TRANSACTION: size = 86 | TRANSFER = 1 | RW = 0 | WDATA = aa | WPADDR = 1a1 | RPADDR = 14c
# ----------------------------------------------INPUT MONITOR-------------------------------------------------------
# --------------------------------------------
# Name                 Type        Size  Value
# --------------------------------------------
# ip_mon_h             ApbSeqItem  -     @709 
#   apb_write_paddr    integral    9     'h1a1
#   apb_read_paddr     integral    9     'h14c
#   apb_write_data     integral    8     'haa 
#   transfer           integral    1     'h1  
#   READ_WRITE         integral    1     'h0  
#   apb_read_data_out  integral    8     'h0  
# --------------------------------------------
# WRITE ADDRESS = 110100001  READ ADDRESS =101001100 || WRITE DATA =aa
# THE RESET IS 1
# ----------------------------------------------INPUT MONITOR-------------------------------------------------------
# UVM_INFO ApbScoreboard.sv(46) @ 1705: uvm_test_top.env_h.scb_h [SB] ACTUAL TRANSACTION: size = 1 | TRANSFER = 1 | RW = 0 | WPADDR = 1a1 | WDATA = aa | RDATA = 0 | RPADDR = 14c
# ----------------------------------------------OUTPUT MONITOR-------------------------------------------------------
# --------------------------------------------
# Name                 Type        Size  Value
# --------------------------------------------
# op_mon_h             ApbSeqItem  -     @734 
#   apb_write_paddr    integral    9     'h1a1
#   apb_read_paddr     integral    9     'h14c
#   apb_write_data     integral    8     'haa 
#   transfer           integral    1     'h1  
#   READ_WRITE         integral    1     'h0  
#   apb_read_data_out  integral    8     'h0  
# --------------------------------------------
# ----------------------------------------------OUTPUT MONITOR-------------------------------------------------------
# FOR COMPARING : WRITE DATA =aa READ DATA OUT =xx
# -------------------------------------------------------------------WRITE--PASS---------------------------------------------------------------------
# UVM_INFO ApbScoreboard.sv(84) @ 1705: uvm_test_top.env_h.scb_h [COMPARE] WRITE PASS | EXPECTED WDATA = aa  ACTUAL WDATA =aa |EXPECTED  WRITE ADDR = 1a1 ACTUAL WRITE ADDR =1a1
# WRITE_ADDRESS_VALIDITY: ASSERTION PASS
# TRANSFER_VALIDITY: ASSERTION PASS
# ---------------------------------DRIVER-------------------
# --------------------------------------------------------------------------------------------
# Name                           Type        Size  Value                                      
# --------------------------------------------------------------------------------------------
# txn                            ApbSeqItem  -     @1128                                      
#   apb_write_paddr              integral    9     'h1c5                                      
#   apb_read_paddr               integral    9     'h122                                      
#   apb_write_data               integral    8     'h2a                                       
#   transfer                     integral    1     'h1                                        
#   READ_WRITE                   integral    1     'h0                                        
#   apb_read_data_out            integral    8     'h0                                        
#   begin_time                   time        64    1705                                       
#   end_time                     time        64    1705                                       
#   depth                        int         32    'd2                                        
#   parent sequence (name)       string      11    writeseq2_h                                
#   parent sequence (full name)  string      43    uvm_test_top.env_h.act_h.seqr_h.writeseq2_h
#   sequencer                    string      31    uvm_test_top.env_h.act_h.seqr_h            
# --------------------------------------------------------------------------------------------
# --------------------------------------DRIVER----------------------------------
# UVM_INFO ApbScoreboard.sv(39) @ 1715: uvm_test_top.env_h.scb_h [SB] EXPECTED TRANSACTION: size = 86 | TRANSFER = 1 | RW = 0 | WDATA = 2a | WPADDR = 1c5 | RPADDR = 14c
# ----------------------------------------------INPUT MONITOR-------------------------------------------------------
# --------------------------------------------
# Name                 Type        Size  Value
# --------------------------------------------
# ip_mon_h             ApbSeqItem  -     @709 
#   apb_write_paddr    integral    9     'h1c5
#   apb_read_paddr     integral    9     'h14c
#   apb_write_data     integral    8     'h2a 
#   transfer           integral    1     'h1  
#   READ_WRITE         integral    1     'h0  
#   apb_read_data_out  integral    8     'h0  
# --------------------------------------------
# WRITE ADDRESS = 111000101  READ ADDRESS =101001100 || WRITE DATA =2a
# THE RESET IS 1
# ----------------------------------------------INPUT MONITOR-------------------------------------------------------
# WRITE ADDRESS == 111000101
# SLAVE 2 
# WRITE_ADDRESS_VALIDITY: ASSERTION PASS
# TRANSFER_VALIDITY: ASSERTION PASS
# ---------------------------------DRIVER-------------------
# --------------------------------------------------------------------------------------------
# Name                           Type        Size  Value                                      
# --------------------------------------------------------------------------------------------
# txn                            ApbSeqItem  -     @1132                                      
#   apb_write_paddr              integral    9     'h1d6                                      
#   apb_read_paddr               integral    9     'hfe                                       
#   apb_write_data               integral    8     'h41                                       
#   transfer                     integral    1     'h1                                        
#   READ_WRITE                   integral    1     'h0                                        
#   apb_read_data_out            integral    8     'h0                                        
#   begin_time                   time        64    1715                                       
#   depth                        int         32    'd2                                        
#   parent sequence (name)       string      11    writeseq2_h                                
#   parent sequence (full name)  string      43    uvm_test_top.env_h.act_h.seqr_h.writeseq2_h
#   sequencer                    string      31    uvm_test_top.env_h.act_h.seqr_h            
# --------------------------------------------------------------------------------------------
# --------------------------------------DRIVER----------------------------------
# UVM_INFO ApbScoreboard.sv(39) @ 1725: uvm_test_top.env_h.scb_h [SB] EXPECTED TRANSACTION: size = 87 | TRANSFER = 1 | RW = 0 | WDATA = 2a | WPADDR = 1c5 | RPADDR = 14c
# ----------------------------------------------INPUT MONITOR-------------------------------------------------------
# --------------------------------------------
# Name                 Type        Size  Value
# --------------------------------------------
# ip_mon_h             ApbSeqItem  -     @709 
#   apb_write_paddr    integral    9     'h1c5
#   apb_read_paddr     integral    9     'h14c
#   apb_write_data     integral    8     'h2a 
#   transfer           integral    1     'h1  
#   READ_WRITE         integral    1     'h0  
#   apb_read_data_out  integral    8     'h0  
# --------------------------------------------
# WRITE ADDRESS = 111000101  READ ADDRESS =101001100 || WRITE DATA =2a
# THE RESET IS 1
# ----------------------------------------------INPUT MONITOR-------------------------------------------------------
# UVM_INFO ApbScoreboard.sv(46) @ 1725: uvm_test_top.env_h.scb_h [SB] ACTUAL TRANSACTION: size = 1 | TRANSFER = 1 | RW = 0 | WPADDR = 1c5 | WDATA = 2a | RDATA = 0 | RPADDR = 14c
# ----------------------------------------------OUTPUT MONITOR-------------------------------------------------------
# --------------------------------------------
# Name                 Type        Size  Value
# --------------------------------------------
# op_mon_h             ApbSeqItem  -     @734 
#   apb_write_paddr    integral    9     'h1c5
#   apb_read_paddr     integral    9     'h14c
#   apb_write_data     integral    8     'h2a 
#   transfer           integral    1     'h1  
#   READ_WRITE         integral    1     'h0  
#   apb_read_data_out  integral    8     'h0  
# --------------------------------------------
# ----------------------------------------------OUTPUT MONITOR-------------------------------------------------------
# FOR COMPARING : WRITE DATA =2a READ DATA OUT =xx
# -------------------------------------------------------------------WRITE--PASS---------------------------------------------------------------------
# UVM_INFO ApbScoreboard.sv(84) @ 1725: uvm_test_top.env_h.scb_h [COMPARE] WRITE PASS | EXPECTED WDATA = 2a  ACTUAL WDATA =2a |EXPECTED  WRITE ADDR = 1c5 ACTUAL WRITE ADDR =1c5
# WRITE_ADDRESS_VALIDITY: ASSERTION PASS
# TRANSFER_VALIDITY: ASSERTION PASS
# ---------------------------------DRIVER-------------------
# --------------------------------------------------------------------------------------------
# Name                           Type        Size  Value                                      
# --------------------------------------------------------------------------------------------
# txn                            ApbSeqItem  -     @1132                                      
#   apb_write_paddr              integral    9     'h1d6                                      
#   apb_read_paddr               integral    9     'hfe                                       
#   apb_write_data               integral    8     'h41                                       
#   transfer                     integral    1     'h1                                        
#   READ_WRITE                   integral    1     'h0                                        
#   apb_read_data_out            integral    8     'h0                                        
#   begin_time                   time        64    1725                                       
#   end_time                     time        64    1725                                       
#   depth                        int         32    'd2                                        
#   parent sequence (name)       string      11    writeseq2_h                                
#   parent sequence (full name)  string      43    uvm_test_top.env_h.act_h.seqr_h.writeseq2_h
#   sequencer                    string      31    uvm_test_top.env_h.act_h.seqr_h            
# --------------------------------------------------------------------------------------------
# --------------------------------------DRIVER----------------------------------
# UVM_INFO ApbScoreboard.sv(39) @ 1735: uvm_test_top.env_h.scb_h [SB] EXPECTED TRANSACTION: size = 87 | TRANSFER = 1 | RW = 0 | WDATA = 41 | WPADDR = 1d6 | RPADDR = 14c
# ----------------------------------------------INPUT MONITOR-------------------------------------------------------
# --------------------------------------------
# Name                 Type        Size  Value
# --------------------------------------------
# ip_mon_h             ApbSeqItem  -     @709 
#   apb_write_paddr    integral    9     'h1d6
#   apb_read_paddr     integral    9     'h14c
#   apb_write_data     integral    8     'h41 
#   transfer           integral    1     'h1  
#   READ_WRITE         integral    1     'h0  
#   apb_read_data_out  integral    8     'h0  
# --------------------------------------------
# WRITE ADDRESS = 111010110  READ ADDRESS =101001100 || WRITE DATA =41
# THE RESET IS 1
# ----------------------------------------------INPUT MONITOR-------------------------------------------------------
# WRITE ADDRESS == 111010110
# SLAVE 2 
# WRITE_ADDRESS_VALIDITY: ASSERTION PASS
# TRANSFER_VALIDITY: ASSERTION PASS
# ---------------------------------DRIVER-------------------
# --------------------------------------------------------------------------------------------
# Name                           Type        Size  Value                                      
# --------------------------------------------------------------------------------------------
# txn                            ApbSeqItem  -     @1136                                      
#   apb_write_paddr              integral    9     'h176                                      
#   apb_read_paddr               integral    9     'h13c                                      
#   apb_write_data               integral    8     'h79                                       
#   transfer                     integral    1     'h1                                        
#   READ_WRITE                   integral    1     'h0                                        
#   apb_read_data_out            integral    8     'h0                                        
#   begin_time                   time        64    1735                                       
#   depth                        int         32    'd2                                        
#   parent sequence (name)       string      11    writeseq2_h                                
#   parent sequence (full name)  string      43    uvm_test_top.env_h.act_h.seqr_h.writeseq2_h
#   sequencer                    string      31    uvm_test_top.env_h.act_h.seqr_h            
# --------------------------------------------------------------------------------------------
# --------------------------------------DRIVER----------------------------------
# UVM_INFO ApbScoreboard.sv(39) @ 1745: uvm_test_top.env_h.scb_h [SB] EXPECTED TRANSACTION: size = 88 | TRANSFER = 1 | RW = 0 | WDATA = 41 | WPADDR = 1d6 | RPADDR = 14c
# ----------------------------------------------INPUT MONITOR-------------------------------------------------------
# --------------------------------------------
# Name                 Type        Size  Value
# --------------------------------------------
# ip_mon_h             ApbSeqItem  -     @709 
#   apb_write_paddr    integral    9     'h1d6
#   apb_read_paddr     integral    9     'h14c
#   apb_write_data     integral    8     'h41 
#   transfer           integral    1     'h1  
#   READ_WRITE         integral    1     'h0  
#   apb_read_data_out  integral    8     'h0  
# --------------------------------------------
# WRITE ADDRESS = 111010110  READ ADDRESS =101001100 || WRITE DATA =41
# THE RESET IS 1
# ----------------------------------------------INPUT MONITOR-------------------------------------------------------
# UVM_INFO ApbScoreboard.sv(46) @ 1745: uvm_test_top.env_h.scb_h [SB] ACTUAL TRANSACTION: size = 1 | TRANSFER = 1 | RW = 0 | WPADDR = 1d6 | WDATA = 41 | RDATA = 0 | RPADDR = 14c
# ----------------------------------------------OUTPUT MONITOR-------------------------------------------------------
# --------------------------------------------
# Name                 Type        Size  Value
# --------------------------------------------
# op_mon_h             ApbSeqItem  -     @734 
#   apb_write_paddr    integral    9     'h1d6
#   apb_read_paddr     integral    9     'h14c
#   apb_write_data     integral    8     'h41 
#   transfer           integral    1     'h1  
#   READ_WRITE         integral    1     'h0  
#   apb_read_data_out  integral    8     'h0  
# --------------------------------------------
# ----------------------------------------------OUTPUT MONITOR-------------------------------------------------------
# FOR COMPARING : WRITE DATA =41 READ DATA OUT =xx
# -------------------------------------------------------------------WRITE--PASS---------------------------------------------------------------------
# UVM_INFO ApbScoreboard.sv(84) @ 1745: uvm_test_top.env_h.scb_h [COMPARE] WRITE PASS | EXPECTED WDATA = 41  ACTUAL WDATA =41 |EXPECTED  WRITE ADDR = 1d6 ACTUAL WRITE ADDR =1d6
# WRITE_ADDRESS_VALIDITY: ASSERTION PASS
# TRANSFER_VALIDITY: ASSERTION PASS
# ---------------------------------DRIVER-------------------
# --------------------------------------------------------------------------------------------
# Name                           Type        Size  Value                                      
# --------------------------------------------------------------------------------------------
# txn                            ApbSeqItem  -     @1136                                      
#   apb_write_paddr              integral    9     'h176                                      
#   apb_read_paddr               integral    9     'h13c                                      
#   apb_write_data               integral    8     'h79                                       
#   transfer                     integral    1     'h1                                        
#   READ_WRITE                   integral    1     'h0                                        
#   apb_read_data_out            integral    8     'h0                                        
#   begin_time                   time        64    1745                                       
#   end_time                     time        64    1745                                       
#   depth                        int         32    'd2                                        
#   parent sequence (name)       string      11    writeseq2_h                                
#   parent sequence (full name)  string      43    uvm_test_top.env_h.act_h.seqr_h.writeseq2_h
#   sequencer                    string      31    uvm_test_top.env_h.act_h.seqr_h            
# --------------------------------------------------------------------------------------------
# --------------------------------------DRIVER----------------------------------
# UVM_INFO ApbScoreboard.sv(39) @ 1755: uvm_test_top.env_h.scb_h [SB] EXPECTED TRANSACTION: size = 88 | TRANSFER = 1 | RW = 0 | WDATA = 79 | WPADDR = 176 | RPADDR = 14c
# ----------------------------------------------INPUT MONITOR-------------------------------------------------------
# --------------------------------------------
# Name                 Type        Size  Value
# --------------------------------------------
# ip_mon_h             ApbSeqItem  -     @709 
#   apb_write_paddr    integral    9     'h176
#   apb_read_paddr     integral    9     'h14c
#   apb_write_data     integral    8     'h79 
#   transfer           integral    1     'h1  
#   READ_WRITE         integral    1     'h0  
#   apb_read_data_out  integral    8     'h0  
# --------------------------------------------
# WRITE ADDRESS = 101110110  READ ADDRESS =101001100 || WRITE DATA =79
# THE RESET IS 1
# ----------------------------------------------INPUT MONITOR-------------------------------------------------------
# WRITE ADDRESS == 101110110
# SLAVE 2 
# WRITE_ADDRESS_VALIDITY: ASSERTION PASS
# TRANSFER_VALIDITY: ASSERTION PASS
# ---------------------------------DRIVER-------------------
# --------------------------------------------------------------------------------------------
# Name                           Type        Size  Value                                      
# --------------------------------------------------------------------------------------------
# txn                            ApbSeqItem  -     @1140                                      
#   apb_write_paddr              integral    9     'h1ac                                      
#   apb_read_paddr               integral    9     'h99                                       
#   apb_write_data               integral    8     'hc9                                       
#   transfer                     integral    1     'h1                                        
#   READ_WRITE                   integral    1     'h0                                        
#   apb_read_data_out            integral    8     'h0                                        
#   begin_time                   time        64    1755                                       
#   depth                        int         32    'd2                                        
#   parent sequence (name)       string      11    writeseq2_h                                
#   parent sequence (full name)  string      43    uvm_test_top.env_h.act_h.seqr_h.writeseq2_h
#   sequencer                    string      31    uvm_test_top.env_h.act_h.seqr_h            
# --------------------------------------------------------------------------------------------
# --------------------------------------DRIVER----------------------------------
# UVM_INFO ApbScoreboard.sv(39) @ 1765: uvm_test_top.env_h.scb_h [SB] EXPECTED TRANSACTION: size = 89 | TRANSFER = 1 | RW = 0 | WDATA = 79 | WPADDR = 176 | RPADDR = 14c
# ----------------------------------------------INPUT MONITOR-------------------------------------------------------
# --------------------------------------------
# Name                 Type        Size  Value
# --------------------------------------------
# ip_mon_h             ApbSeqItem  -     @709 
#   apb_write_paddr    integral    9     'h176
#   apb_read_paddr     integral    9     'h14c
#   apb_write_data     integral    8     'h79 
#   transfer           integral    1     'h1  
#   READ_WRITE         integral    1     'h0  
#   apb_read_data_out  integral    8     'h0  
# --------------------------------------------
# WRITE ADDRESS = 101110110  READ ADDRESS =101001100 || WRITE DATA =79
# THE RESET IS 1
# ----------------------------------------------INPUT MONITOR-------------------------------------------------------
# UVM_INFO ApbScoreboard.sv(46) @ 1765: uvm_test_top.env_h.scb_h [SB] ACTUAL TRANSACTION: size = 1 | TRANSFER = 1 | RW = 0 | WPADDR = 176 | WDATA = 79 | RDATA = 0 | RPADDR = 14c
# ----------------------------------------------OUTPUT MONITOR-------------------------------------------------------
# --------------------------------------------
# Name                 Type        Size  Value
# --------------------------------------------
# op_mon_h             ApbSeqItem  -     @734 
#   apb_write_paddr    integral    9     'h176
#   apb_read_paddr     integral    9     'h14c
#   apb_write_data     integral    8     'h79 
#   transfer           integral    1     'h1  
#   READ_WRITE         integral    1     'h0  
#   apb_read_data_out  integral    8     'h0  
# --------------------------------------------
# ----------------------------------------------OUTPUT MONITOR-------------------------------------------------------
# FOR COMPARING : WRITE DATA =79 READ DATA OUT =xx
# -------------------------------------------------------------------WRITE--PASS---------------------------------------------------------------------
# UVM_INFO ApbScoreboard.sv(84) @ 1765: uvm_test_top.env_h.scb_h [COMPARE] WRITE PASS | EXPECTED WDATA = 79  ACTUAL WDATA =79 |EXPECTED  WRITE ADDR = 176 ACTUAL WRITE ADDR =176
# WRITE_ADDRESS_VALIDITY: ASSERTION PASS
# TRANSFER_VALIDITY: ASSERTION PASS
# ---------------------------------DRIVER-------------------
# --------------------------------------------------------------------------------------------
# Name                           Type        Size  Value                                      
# --------------------------------------------------------------------------------------------
# txn                            ApbSeqItem  -     @1140                                      
#   apb_write_paddr              integral    9     'h1ac                                      
#   apb_read_paddr               integral    9     'h99                                       
#   apb_write_data               integral    8     'hc9                                       
#   transfer                     integral    1     'h1                                        
#   READ_WRITE                   integral    1     'h0                                        
#   apb_read_data_out            integral    8     'h0                                        
#   begin_time                   time        64    1765                                       
#   end_time                     time        64    1765                                       
#   depth                        int         32    'd2                                        
#   parent sequence (name)       string      11    writeseq2_h                                
#   parent sequence (full name)  string      43    uvm_test_top.env_h.act_h.seqr_h.writeseq2_h
#   sequencer                    string      31    uvm_test_top.env_h.act_h.seqr_h            
# --------------------------------------------------------------------------------------------
# --------------------------------------DRIVER----------------------------------
# UVM_INFO ApbScoreboard.sv(39) @ 1775: uvm_test_top.env_h.scb_h [SB] EXPECTED TRANSACTION: size = 89 | TRANSFER = 1 | RW = 0 | WDATA = c9 | WPADDR = 1ac | RPADDR = 14c
# ----------------------------------------------INPUT MONITOR-------------------------------------------------------
# --------------------------------------------
# Name                 Type        Size  Value
# --------------------------------------------
# ip_mon_h             ApbSeqItem  -     @709 
#   apb_write_paddr    integral    9     'h1ac
#   apb_read_paddr     integral    9     'h14c
#   apb_write_data     integral    8     'hc9 
#   transfer           integral    1     'h1  
#   READ_WRITE         integral    1     'h0  
#   apb_read_data_out  integral    8     'h0  
# --------------------------------------------
# WRITE ADDRESS = 110101100  READ ADDRESS =101001100 || WRITE DATA =c9
# THE RESET IS 1
# ----------------------------------------------INPUT MONITOR-------------------------------------------------------
# WRITE ADDRESS == 110101100
# SLAVE 2 
# WRITE_ADDRESS_VALIDITY: ASSERTION PASS
# TRANSFER_VALIDITY: ASSERTION PASS
# ---------------------------------DRIVER-------------------
# --------------------------------------------------------------------------------------------
# Name                           Type        Size  Value                                      
# --------------------------------------------------------------------------------------------
# txn                            ApbSeqItem  -     @1144                                      
#   apb_write_paddr              integral    9     'h1bc                                      
#   apb_read_paddr               integral    9     'h45                                       
#   apb_write_data               integral    8     'h96                                       
#   transfer                     integral    1     'h1                                        
#   READ_WRITE                   integral    1     'h0                                        
#   apb_read_data_out            integral    8     'h0                                        
#   begin_time                   time        64    1775                                       
#   depth                        int         32    'd2                                        
#   parent sequence (name)       string      11    writeseq2_h                                
#   parent sequence (full name)  string      43    uvm_test_top.env_h.act_h.seqr_h.writeseq2_h
#   sequencer                    string      31    uvm_test_top.env_h.act_h.seqr_h            
# --------------------------------------------------------------------------------------------
# --------------------------------------DRIVER----------------------------------
# UVM_INFO ApbScoreboard.sv(39) @ 1785: uvm_test_top.env_h.scb_h [SB] EXPECTED TRANSACTION: size = 90 | TRANSFER = 1 | RW = 0 | WDATA = c9 | WPADDR = 1ac | RPADDR = 14c
# ----------------------------------------------INPUT MONITOR-------------------------------------------------------
# --------------------------------------------
# Name                 Type        Size  Value
# --------------------------------------------
# ip_mon_h             ApbSeqItem  -     @709 
#   apb_write_paddr    integral    9     'h1ac
#   apb_read_paddr     integral    9     'h14c
#   apb_write_data     integral    8     'hc9 
#   transfer           integral    1     'h1  
#   READ_WRITE         integral    1     'h0  
#   apb_read_data_out  integral    8     'h0  
# --------------------------------------------
# WRITE ADDRESS = 110101100  READ ADDRESS =101001100 || WRITE DATA =c9
# THE RESET IS 1
# ----------------------------------------------INPUT MONITOR-------------------------------------------------------
# UVM_INFO ApbScoreboard.sv(46) @ 1785: uvm_test_top.env_h.scb_h [SB] ACTUAL TRANSACTION: size = 1 | TRANSFER = 1 | RW = 0 | WPADDR = 1ac | WDATA = c9 | RDATA = 0 | RPADDR = 14c
# ----------------------------------------------OUTPUT MONITOR-------------------------------------------------------
# --------------------------------------------
# Name                 Type        Size  Value
# --------------------------------------------
# op_mon_h             ApbSeqItem  -     @734 
#   apb_write_paddr    integral    9     'h1ac
#   apb_read_paddr     integral    9     'h14c
#   apb_write_data     integral    8     'hc9 
#   transfer           integral    1     'h1  
#   READ_WRITE         integral    1     'h0  
#   apb_read_data_out  integral    8     'h0  
# --------------------------------------------
# ----------------------------------------------OUTPUT MONITOR-------------------------------------------------------
# FOR COMPARING : WRITE DATA =c9 READ DATA OUT =xx
# -------------------------------------------------------------------WRITE--PASS---------------------------------------------------------------------
# UVM_INFO ApbScoreboard.sv(84) @ 1785: uvm_test_top.env_h.scb_h [COMPARE] WRITE PASS | EXPECTED WDATA = c9  ACTUAL WDATA =c9 |EXPECTED  WRITE ADDR = 1ac ACTUAL WRITE ADDR =1ac
# WRITE_ADDRESS_VALIDITY: ASSERTION PASS
# TRANSFER_VALIDITY: ASSERTION PASS
# ---------------------------------DRIVER-------------------
# --------------------------------------------------------------------------------------------
# Name                           Type        Size  Value                                      
# --------------------------------------------------------------------------------------------
# txn                            ApbSeqItem  -     @1144                                      
#   apb_write_paddr              integral    9     'h1bc                                      
#   apb_read_paddr               integral    9     'h45                                       
#   apb_write_data               integral    8     'h96                                       
#   transfer                     integral    1     'h1                                        
#   READ_WRITE                   integral    1     'h0                                        
#   apb_read_data_out            integral    8     'h0                                        
#   begin_time                   time        64    1785                                       
#   end_time                     time        64    1785                                       
#   depth                        int         32    'd2                                        
#   parent sequence (name)       string      11    writeseq2_h                                
#   parent sequence (full name)  string      43    uvm_test_top.env_h.act_h.seqr_h.writeseq2_h
#   sequencer                    string      31    uvm_test_top.env_h.act_h.seqr_h            
# --------------------------------------------------------------------------------------------
# --------------------------------------DRIVER----------------------------------
# UVM_INFO ApbScoreboard.sv(39) @ 1795: uvm_test_top.env_h.scb_h [SB] EXPECTED TRANSACTION: size = 90 | TRANSFER = 1 | RW = 0 | WDATA = 96 | WPADDR = 1bc | RPADDR = 14c
# ----------------------------------------------INPUT MONITOR-------------------------------------------------------
# --------------------------------------------
# Name                 Type        Size  Value
# --------------------------------------------
# ip_mon_h             ApbSeqItem  -     @709 
#   apb_write_paddr    integral    9     'h1bc
#   apb_read_paddr     integral    9     'h14c
#   apb_write_data     integral    8     'h96 
#   transfer           integral    1     'h1  
#   READ_WRITE         integral    1     'h0  
#   apb_read_data_out  integral    8     'h0  
# --------------------------------------------
# WRITE ADDRESS = 110111100  READ ADDRESS =101001100 || WRITE DATA =96
# THE RESET IS 1
# ----------------------------------------------INPUT MONITOR-------------------------------------------------------
# WRITE ADDRESS == 110111100
# SLAVE 2 
# WRITE_ADDRESS_VALIDITY: ASSERTION PASS
# TRANSFER_VALIDITY: ASSERTION PASS
# ---------------------------------DRIVER-------------------
# --------------------------------------------------------------------------------------------
# Name                           Type        Size  Value                                      
# --------------------------------------------------------------------------------------------
# txn                            ApbSeqItem  -     @1148                                      
#   apb_write_paddr              integral    9     'h17c                                      
#   apb_read_paddr               integral    9     'heb                                       
#   apb_write_data               integral    8     'h4a                                       
#   transfer                     integral    1     'h1                                        
#   READ_WRITE                   integral    1     'h0                                        
#   apb_read_data_out            integral    8     'h0                                        
#   begin_time                   time        64    1795                                       
#   depth                        int         32    'd2                                        
#   parent sequence (name)       string      11    writeseq2_h                                
#   parent sequence (full name)  string      43    uvm_test_top.env_h.act_h.seqr_h.writeseq2_h
#   sequencer                    string      31    uvm_test_top.env_h.act_h.seqr_h            
# --------------------------------------------------------------------------------------------
# --------------------------------------DRIVER----------------------------------
# UVM_INFO ApbScoreboard.sv(39) @ 1805: uvm_test_top.env_h.scb_h [SB] EXPECTED TRANSACTION: size = 91 | TRANSFER = 1 | RW = 0 | WDATA = 96 | WPADDR = 1bc | RPADDR = 14c
# ----------------------------------------------INPUT MONITOR-------------------------------------------------------
# --------------------------------------------
# Name                 Type        Size  Value
# --------------------------------------------
# ip_mon_h             ApbSeqItem  -     @709 
#   apb_write_paddr    integral    9     'h1bc
#   apb_read_paddr     integral    9     'h14c
#   apb_write_data     integral    8     'h96 
#   transfer           integral    1     'h1  
#   READ_WRITE         integral    1     'h0  
#   apb_read_data_out  integral    8     'h0  
# --------------------------------------------
# WRITE ADDRESS = 110111100  READ ADDRESS =101001100 || WRITE DATA =96
# THE RESET IS 1
# ----------------------------------------------INPUT MONITOR-------------------------------------------------------
# UVM_INFO ApbScoreboard.sv(46) @ 1805: uvm_test_top.env_h.scb_h [SB] ACTUAL TRANSACTION: size = 1 | TRANSFER = 1 | RW = 0 | WPADDR = 1bc | WDATA = 96 | RDATA = 0 | RPADDR = 14c
# ----------------------------------------------OUTPUT MONITOR-------------------------------------------------------
# --------------------------------------------
# Name                 Type        Size  Value
# --------------------------------------------
# op_mon_h             ApbSeqItem  -     @734 
#   apb_write_paddr    integral    9     'h1bc
#   apb_read_paddr     integral    9     'h14c
#   apb_write_data     integral    8     'h96 
#   transfer           integral    1     'h1  
#   READ_WRITE         integral    1     'h0  
#   apb_read_data_out  integral    8     'h0  
# --------------------------------------------
# ----------------------------------------------OUTPUT MONITOR-------------------------------------------------------
# FOR COMPARING : WRITE DATA =96 READ DATA OUT =xx
# -------------------------------------------------------------------WRITE--PASS---------------------------------------------------------------------
# UVM_INFO ApbScoreboard.sv(84) @ 1805: uvm_test_top.env_h.scb_h [COMPARE] WRITE PASS | EXPECTED WDATA = 96  ACTUAL WDATA =96 |EXPECTED  WRITE ADDR = 1bc ACTUAL WRITE ADDR =1bc
# WRITE_ADDRESS_VALIDITY: ASSERTION PASS
# TRANSFER_VALIDITY: ASSERTION PASS
# ---------------------------------DRIVER-------------------
# --------------------------------------------------------------------------------------------
# Name                           Type        Size  Value                                      
# --------------------------------------------------------------------------------------------
# txn                            ApbSeqItem  -     @1148                                      
#   apb_write_paddr              integral    9     'h17c                                      
#   apb_read_paddr               integral    9     'heb                                       
#   apb_write_data               integral    8     'h4a                                       
#   transfer                     integral    1     'h1                                        
#   READ_WRITE                   integral    1     'h0                                        
#   apb_read_data_out            integral    8     'h0                                        
#   begin_time                   time        64    1805                                       
#   end_time                     time        64    1805                                       
#   depth                        int         32    'd2                                        
#   parent sequence (name)       string      11    writeseq2_h                                
#   parent sequence (full name)  string      43    uvm_test_top.env_h.act_h.seqr_h.writeseq2_h
#   sequencer                    string      31    uvm_test_top.env_h.act_h.seqr_h            
# --------------------------------------------------------------------------------------------
# --------------------------------------DRIVER----------------------------------
# UVM_INFO ApbScoreboard.sv(39) @ 1815: uvm_test_top.env_h.scb_h [SB] EXPECTED TRANSACTION: size = 91 | TRANSFER = 1 | RW = 0 | WDATA = 4a | WPADDR = 17c | RPADDR = 14c
# ----------------------------------------------INPUT MONITOR-------------------------------------------------------
# --------------------------------------------
# Name                 Type        Size  Value
# --------------------------------------------
# ip_mon_h             ApbSeqItem  -     @709 
#   apb_write_paddr    integral    9     'h17c
#   apb_read_paddr     integral    9     'h14c
#   apb_write_data     integral    8     'h4a 
#   transfer           integral    1     'h1  
#   READ_WRITE         integral    1     'h0  
#   apb_read_data_out  integral    8     'h0  
# --------------------------------------------
# WRITE ADDRESS = 101111100  READ ADDRESS =101001100 || WRITE DATA =4a
# THE RESET IS 1
# ----------------------------------------------INPUT MONITOR-------------------------------------------------------
# WRITE ADDRESS == 101111100
# SLAVE 2 
# WRITE_ADDRESS_VALIDITY: ASSERTION PASS
# TRANSFER_VALIDITY: ASSERTION PASS
# ---------------------------------DRIVER-------------------
# --------------------------------------------------------------------------------------------
# Name                           Type        Size  Value                                      
# --------------------------------------------------------------------------------------------
# txn                            ApbSeqItem  -     @1152                                      
#   apb_write_paddr              integral    9     'h17d                                      
#   apb_read_paddr               integral    9     'hbb                                       
#   apb_write_data               integral    8     'h32                                       
#   transfer                     integral    1     'h1                                        
#   READ_WRITE                   integral    1     'h0                                        
#   apb_read_data_out            integral    8     'h0                                        
#   begin_time                   time        64    1815                                       
#   depth                        int         32    'd2                                        
#   parent sequence (name)       string      11    writeseq2_h                                
#   parent sequence (full name)  string      43    uvm_test_top.env_h.act_h.seqr_h.writeseq2_h
#   sequencer                    string      31    uvm_test_top.env_h.act_h.seqr_h            
# --------------------------------------------------------------------------------------------
# --------------------------------------DRIVER----------------------------------
# UVM_INFO ApbScoreboard.sv(39) @ 1825: uvm_test_top.env_h.scb_h [SB] EXPECTED TRANSACTION: size = 92 | TRANSFER = 1 | RW = 0 | WDATA = 4a | WPADDR = 17c | RPADDR = 14c
# ----------------------------------------------INPUT MONITOR-------------------------------------------------------
# --------------------------------------------
# Name                 Type        Size  Value
# --------------------------------------------
# ip_mon_h             ApbSeqItem  -     @709 
#   apb_write_paddr    integral    9     'h17c
#   apb_read_paddr     integral    9     'h14c
#   apb_write_data     integral    8     'h4a 
#   transfer           integral    1     'h1  
#   READ_WRITE         integral    1     'h0  
#   apb_read_data_out  integral    8     'h0  
# --------------------------------------------
# WRITE ADDRESS = 101111100  READ ADDRESS =101001100 || WRITE DATA =4a
# THE RESET IS 1
# ----------------------------------------------INPUT MONITOR-------------------------------------------------------
# UVM_INFO ApbScoreboard.sv(46) @ 1825: uvm_test_top.env_h.scb_h [SB] ACTUAL TRANSACTION: size = 1 | TRANSFER = 1 | RW = 0 | WPADDR = 17c | WDATA = 4a | RDATA = 0 | RPADDR = 14c
# ----------------------------------------------OUTPUT MONITOR-------------------------------------------------------
# --------------------------------------------
# Name                 Type        Size  Value
# --------------------------------------------
# op_mon_h             ApbSeqItem  -     @734 
#   apb_write_paddr    integral    9     'h17c
#   apb_read_paddr     integral    9     'h14c
#   apb_write_data     integral    8     'h4a 
#   transfer           integral    1     'h1  
#   READ_WRITE         integral    1     'h0  
#   apb_read_data_out  integral    8     'h0  
# --------------------------------------------
# ----------------------------------------------OUTPUT MONITOR-------------------------------------------------------
# FOR COMPARING : WRITE DATA =4a READ DATA OUT =xx
# -------------------------------------------------------------------WRITE--PASS---------------------------------------------------------------------
# UVM_INFO ApbScoreboard.sv(84) @ 1825: uvm_test_top.env_h.scb_h [COMPARE] WRITE PASS | EXPECTED WDATA = 4a  ACTUAL WDATA =4a |EXPECTED  WRITE ADDR = 17c ACTUAL WRITE ADDR =17c
# WRITE_ADDRESS_VALIDITY: ASSERTION PASS
# TRANSFER_VALIDITY: ASSERTION PASS
# ---------------------------------DRIVER-------------------
# --------------------------------------------------------------------------------------------
# Name                           Type        Size  Value                                      
# --------------------------------------------------------------------------------------------
# txn                            ApbSeqItem  -     @1152                                      
#   apb_write_paddr              integral    9     'h17d                                      
#   apb_read_paddr               integral    9     'hbb                                       
#   apb_write_data               integral    8     'h32                                       
#   transfer                     integral    1     'h1                                        
#   READ_WRITE                   integral    1     'h0                                        
#   apb_read_data_out            integral    8     'h0                                        
#   begin_time                   time        64    1825                                       
#   end_time                     time        64    1825                                       
#   depth                        int         32    'd2                                        
#   parent sequence (name)       string      11    writeseq2_h                                
#   parent sequence (full name)  string      43    uvm_test_top.env_h.act_h.seqr_h.writeseq2_h
#   sequencer                    string      31    uvm_test_top.env_h.act_h.seqr_h            
# --------------------------------------------------------------------------------------------
# --------------------------------------DRIVER----------------------------------
# UVM_INFO ApbScoreboard.sv(39) @ 1835: uvm_test_top.env_h.scb_h [SB] EXPECTED TRANSACTION: size = 92 | TRANSFER = 1 | RW = 0 | WDATA = 32 | WPADDR = 17d | RPADDR = 14c
# ----------------------------------------------INPUT MONITOR-------------------------------------------------------
# --------------------------------------------
# Name                 Type        Size  Value
# --------------------------------------------
# ip_mon_h             ApbSeqItem  -     @709 
#   apb_write_paddr    integral    9     'h17d
#   apb_read_paddr     integral    9     'h14c
#   apb_write_data     integral    8     'h32 
#   transfer           integral    1     'h1  
#   READ_WRITE         integral    1     'h0  
#   apb_read_data_out  integral    8     'h0  
# --------------------------------------------
# WRITE ADDRESS = 101111101  READ ADDRESS =101001100 || WRITE DATA =32
# THE RESET IS 1
# ----------------------------------------------INPUT MONITOR-------------------------------------------------------
# WRITE ADDRESS == 101111101
# SLAVE 2 
# WRITE_ADDRESS_VALIDITY: ASSERTION PASS
# TRANSFER_VALIDITY: ASSERTION PASS
# ---------------------------------DRIVER-------------------
# --------------------------------------------------------------------------------------------
# Name                           Type        Size  Value                                      
# --------------------------------------------------------------------------------------------
# txn                            ApbSeqItem  -     @1156                                      
#   apb_write_paddr              integral    9     'h119                                      
#   apb_read_paddr               integral    9     'h181                                      
#   apb_write_data               integral    8     'h37                                       
#   transfer                     integral    1     'h1                                        
#   READ_WRITE                   integral    1     'h0                                        
#   apb_read_data_out            integral    8     'h0                                        
#   begin_time                   time        64    1835                                       
#   depth                        int         32    'd2                                        
#   parent sequence (name)       string      11    writeseq2_h                                
#   parent sequence (full name)  string      43    uvm_test_top.env_h.act_h.seqr_h.writeseq2_h
#   sequencer                    string      31    uvm_test_top.env_h.act_h.seqr_h            
# --------------------------------------------------------------------------------------------
# --------------------------------------DRIVER----------------------------------
# UVM_INFO ApbScoreboard.sv(39) @ 1845: uvm_test_top.env_h.scb_h [SB] EXPECTED TRANSACTION: size = 93 | TRANSFER = 1 | RW = 0 | WDATA = 32 | WPADDR = 17d | RPADDR = 14c
# ----------------------------------------------INPUT MONITOR-------------------------------------------------------
# --------------------------------------------
# Name                 Type        Size  Value
# --------------------------------------------
# ip_mon_h             ApbSeqItem  -     @709 
#   apb_write_paddr    integral    9     'h17d
#   apb_read_paddr     integral    9     'h14c
#   apb_write_data     integral    8     'h32 
#   transfer           integral    1     'h1  
#   READ_WRITE         integral    1     'h0  
#   apb_read_data_out  integral    8     'h0  
# --------------------------------------------
# WRITE ADDRESS = 101111101  READ ADDRESS =101001100 || WRITE DATA =32
# THE RESET IS 1
# ----------------------------------------------INPUT MONITOR-------------------------------------------------------
# UVM_INFO ApbScoreboard.sv(46) @ 1845: uvm_test_top.env_h.scb_h [SB] ACTUAL TRANSACTION: size = 1 | TRANSFER = 1 | RW = 0 | WPADDR = 17d | WDATA = 32 | RDATA = 0 | RPADDR = 14c
# ----------------------------------------------OUTPUT MONITOR-------------------------------------------------------
# --------------------------------------------
# Name                 Type        Size  Value
# --------------------------------------------
# op_mon_h             ApbSeqItem  -     @734 
#   apb_write_paddr    integral    9     'h17d
#   apb_read_paddr     integral    9     'h14c
#   apb_write_data     integral    8     'h32 
#   transfer           integral    1     'h1  
#   READ_WRITE         integral    1     'h0  
#   apb_read_data_out  integral    8     'h0  
# --------------------------------------------
# ----------------------------------------------OUTPUT MONITOR-------------------------------------------------------
# FOR COMPARING : WRITE DATA =32 READ DATA OUT =xx
# -------------------------------------------------------------------WRITE--PASS---------------------------------------------------------------------
# UVM_INFO ApbScoreboard.sv(84) @ 1845: uvm_test_top.env_h.scb_h [COMPARE] WRITE PASS | EXPECTED WDATA = 32  ACTUAL WDATA =32 |EXPECTED  WRITE ADDR = 17d ACTUAL WRITE ADDR =17d
# WRITE_ADDRESS_VALIDITY: ASSERTION PASS
# TRANSFER_VALIDITY: ASSERTION PASS
# ---------------------------------DRIVER-------------------
# --------------------------------------------------------------------------------------------
# Name                           Type        Size  Value                                      
# --------------------------------------------------------------------------------------------
# txn                            ApbSeqItem  -     @1156                                      
#   apb_write_paddr              integral    9     'h119                                      
#   apb_read_paddr               integral    9     'h181                                      
#   apb_write_data               integral    8     'h37                                       
#   transfer                     integral    1     'h1                                        
#   READ_WRITE                   integral    1     'h0                                        
#   apb_read_data_out            integral    8     'h0                                        
#   begin_time                   time        64    1845                                       
#   end_time                     time        64    1845                                       
#   depth                        int         32    'd2                                        
#   parent sequence (name)       string      11    writeseq2_h                                
#   parent sequence (full name)  string      43    uvm_test_top.env_h.act_h.seqr_h.writeseq2_h
#   sequencer                    string      31    uvm_test_top.env_h.act_h.seqr_h            
# --------------------------------------------------------------------------------------------
# --------------------------------------DRIVER----------------------------------
# UVM_INFO ApbScoreboard.sv(39) @ 1855: uvm_test_top.env_h.scb_h [SB] EXPECTED TRANSACTION: size = 93 | TRANSFER = 1 | RW = 0 | WDATA = 37 | WPADDR = 119 | RPADDR = 14c
# ----------------------------------------------INPUT MONITOR-------------------------------------------------------
# --------------------------------------------
# Name                 Type        Size  Value
# --------------------------------------------
# ip_mon_h             ApbSeqItem  -     @709 
#   apb_write_paddr    integral    9     'h119
#   apb_read_paddr     integral    9     'h14c
#   apb_write_data     integral    8     'h37 
#   transfer           integral    1     'h1  
#   READ_WRITE         integral    1     'h0  
#   apb_read_data_out  integral    8     'h0  
# --------------------------------------------
# WRITE ADDRESS = 100011001  READ ADDRESS =101001100 || WRITE DATA =37
# THE RESET IS 1
# ----------------------------------------------INPUT MONITOR-------------------------------------------------------
# WRITE ADDRESS == 100011001
# SLAVE 2 
# WRITE_ADDRESS_VALIDITY: ASSERTION PASS
# TRANSFER_VALIDITY: ASSERTION PASS
# UVM_INFO ApbScoreboard.sv(39) @ 1865: uvm_test_top.env_h.scb_h [SB] EXPECTED TRANSACTION: size = 94 | TRANSFER = 1 | RW = 0 | WDATA = 37 | WPADDR = 119 | RPADDR = 14c
# ----------------------------------------------INPUT MONITOR-------------------------------------------------------
# --------------------------------------------
# Name                 Type        Size  Value
# --------------------------------------------
# ip_mon_h             ApbSeqItem  -     @709 
#   apb_write_paddr    integral    9     'h119
#   apb_read_paddr     integral    9     'h14c
#   apb_write_data     integral    8     'h37 
#   transfer           integral    1     'h1  
#   READ_WRITE         integral    1     'h0  
#   apb_read_data_out  integral    8     'h0  
# --------------------------------------------
# WRITE ADDRESS = 100011001  READ ADDRESS =101001100 || WRITE DATA =37
# THE RESET IS 1
# ----------------------------------------------INPUT MONITOR-------------------------------------------------------
# UVM_INFO ApbScoreboard.sv(46) @ 1865: uvm_test_top.env_h.scb_h [SB] ACTUAL TRANSACTION: size = 1 | TRANSFER = 1 | RW = 0 | WPADDR = 119 | WDATA = 37 | RDATA = 0 | RPADDR = 14c
# ----------------------------------------------OUTPUT MONITOR-------------------------------------------------------
# --------------------------------------------
# Name                 Type        Size  Value
# --------------------------------------------
# op_mon_h             ApbSeqItem  -     @734 
#   apb_write_paddr    integral    9     'h119
#   apb_read_paddr     integral    9     'h14c
#   apb_write_data     integral    8     'h37 
#   transfer           integral    1     'h1  
#   READ_WRITE         integral    1     'h0  
#   apb_read_data_out  integral    8     'h0  
# --------------------------------------------
# ----------------------------------------------OUTPUT MONITOR-------------------------------------------------------
# FOR COMPARING : WRITE DATA =37 READ DATA OUT =xx
# -------------------------------------------------------------------WRITE--PASS---------------------------------------------------------------------
# UVM_INFO ApbScoreboard.sv(84) @ 1865: uvm_test_top.env_h.scb_h [COMPARE] WRITE PASS | EXPECTED WDATA = 37  ACTUAL WDATA =37 |EXPECTED  WRITE ADDR = 119 ACTUAL WRITE ADDR =119
# WRITE_ADDRESS_VALIDITY: ASSERTION PASS
# TRANSFER_VALIDITY: ASSERTION PASS
# UVM_INFO ApbScoreboard.sv(39) @ 1875: uvm_test_top.env_h.scb_h [SB] EXPECTED TRANSACTION: size = 94 | TRANSFER = 1 | RW = 0 | WDATA = 37 | WPADDR = 119 | RPADDR = 14c
# ----------------------------------------------INPUT MONITOR-------------------------------------------------------
# --------------------------------------------
# Name                 Type        Size  Value
# --------------------------------------------
# ip_mon_h             ApbSeqItem  -     @709 
#   apb_write_paddr    integral    9     'h119
#   apb_read_paddr     integral    9     'h14c
#   apb_write_data     integral    8     'h37 
#   transfer           integral    1     'h1  
#   READ_WRITE         integral    1     'h0  
#   apb_read_data_out  integral    8     'h0  
# --------------------------------------------
# WRITE ADDRESS = 100011001  READ ADDRESS =101001100 || WRITE DATA =37
# THE RESET IS 1
# ----------------------------------------------INPUT MONITOR-------------------------------------------------------
# WRITE_ADDRESS_VALIDITY: ASSERTION PASS
# TRANSFER_VALIDITY: ASSERTION PASS
# UVM_INFO ApbScoreboard.sv(39) @ 1885: uvm_test_top.env_h.scb_h [SB] EXPECTED TRANSACTION: size = 95 | TRANSFER = 1 | RW = 0 | WDATA = 37 | WPADDR = 119 | RPADDR = 14c
# ----------------------------------------------INPUT MONITOR-------------------------------------------------------
# --------------------------------------------
# Name                 Type        Size  Value
# --------------------------------------------
# ip_mon_h             ApbSeqItem  -     @709 
#   apb_write_paddr    integral    9     'h119
#   apb_read_paddr     integral    9     'h14c
#   apb_write_data     integral    8     'h37 
#   transfer           integral    1     'h1  
#   READ_WRITE         integral    1     'h0  
#   apb_read_data_out  integral    8     'h0  
# --------------------------------------------
# WRITE ADDRESS = 100011001  READ ADDRESS =101001100 || WRITE DATA =37
# THE RESET IS 1
# ----------------------------------------------INPUT MONITOR-------------------------------------------------------
# UVM_INFO ApbScoreboard.sv(46) @ 1885: uvm_test_top.env_h.scb_h [SB] ACTUAL TRANSACTION: size = 1 | TRANSFER = 1 | RW = 0 | WPADDR = 119 | WDATA = 37 | RDATA = 0 | RPADDR = 14c
# ----------------------------------------------OUTPUT MONITOR-------------------------------------------------------
# --------------------------------------------
# Name                 Type        Size  Value
# --------------------------------------------
# op_mon_h             ApbSeqItem  -     @734 
#   apb_write_paddr    integral    9     'h119
#   apb_read_paddr     integral    9     'h14c
#   apb_write_data     integral    8     'h37 
#   transfer           integral    1     'h1  
#   READ_WRITE         integral    1     'h0  
#   apb_read_data_out  integral    8     'h0  
# --------------------------------------------
# ----------------------------------------------OUTPUT MONITOR-------------------------------------------------------
# FOR COMPARING : WRITE DATA =37 READ DATA OUT =xx
# -------------------------------------------------------------------WRITE--PASS---------------------------------------------------------------------
# UVM_INFO ApbScoreboard.sv(84) @ 1885: uvm_test_top.env_h.scb_h [COMPARE] WRITE PASS | EXPECTED WDATA = 37  ACTUAL WDATA =37 |EXPECTED  WRITE ADDR = 119 ACTUAL WRITE ADDR =119
# WRITE_ADDRESS_VALIDITY: ASSERTION PASS
# TRANSFER_VALIDITY: ASSERTION PASS
# UVM_INFO ApbScoreboard.sv(39) @ 1895: uvm_test_top.env_h.scb_h [SB] EXPECTED TRANSACTION: size = 95 | TRANSFER = 1 | RW = 0 | WDATA = 37 | WPADDR = 119 | RPADDR = 14c
# ----------------------------------------------INPUT MONITOR-------------------------------------------------------
# --------------------------------------------
# Name                 Type        Size  Value
# --------------------------------------------
# ip_mon_h             ApbSeqItem  -     @709 
#   apb_write_paddr    integral    9     'h119
#   apb_read_paddr     integral    9     'h14c
#   apb_write_data     integral    8     'h37 
#   transfer           integral    1     'h1  
#   READ_WRITE         integral    1     'h0  
#   apb_read_data_out  integral    8     'h0  
# --------------------------------------------
# WRITE ADDRESS = 100011001  READ ADDRESS =101001100 || WRITE DATA =37
# THE RESET IS 1
# ----------------------------------------------INPUT MONITOR-------------------------------------------------------
# WRITE_ADDRESS_VALIDITY: ASSERTION PASS
# TRANSFER_VALIDITY: ASSERTION PASS
# UVM_INFO ApbScoreboard.sv(39) @ 1905: uvm_test_top.env_h.scb_h [SB] EXPECTED TRANSACTION: size = 96 | TRANSFER = 1 | RW = 0 | WDATA = 37 | WPADDR = 119 | RPADDR = 14c
# ----------------------------------------------INPUT MONITOR-------------------------------------------------------
# --------------------------------------------
# Name                 Type        Size  Value
# --------------------------------------------
# ip_mon_h             ApbSeqItem  -     @709 
#   apb_write_paddr    integral    9     'h119
#   apb_read_paddr     integral    9     'h14c
#   apb_write_data     integral    8     'h37 
#   transfer           integral    1     'h1  
#   READ_WRITE         integral    1     'h0  
#   apb_read_data_out  integral    8     'h0  
# --------------------------------------------
# WRITE ADDRESS = 100011001  READ ADDRESS =101001100 || WRITE DATA =37
# THE RESET IS 1
# ----------------------------------------------INPUT MONITOR-------------------------------------------------------
# UVM_INFO ApbScoreboard.sv(46) @ 1905: uvm_test_top.env_h.scb_h [SB] ACTUAL TRANSACTION: size = 1 | TRANSFER = 1 | RW = 0 | WPADDR = 119 | WDATA = 37 | RDATA = 0 | RPADDR = 14c
# ----------------------------------------------OUTPUT MONITOR-------------------------------------------------------
# --------------------------------------------
# Name                 Type        Size  Value
# --------------------------------------------
# op_mon_h             ApbSeqItem  -     @734 
#   apb_write_paddr    integral    9     'h119
#   apb_read_paddr     integral    9     'h14c
#   apb_write_data     integral    8     'h37 
#   transfer           integral    1     'h1  
#   READ_WRITE         integral    1     'h0  
#   apb_read_data_out  integral    8     'h0  
# --------------------------------------------
# ----------------------------------------------OUTPUT MONITOR-------------------------------------------------------
# FOR COMPARING : WRITE DATA =37 READ DATA OUT =xx
# -------------------------------------------------------------------WRITE--PASS---------------------------------------------------------------------
# UVM_INFO ApbScoreboard.sv(84) @ 1905: uvm_test_top.env_h.scb_h [COMPARE] WRITE PASS | EXPECTED WDATA = 37  ACTUAL WDATA =37 |EXPECTED  WRITE ADDR = 119 ACTUAL WRITE ADDR =119
# WRITE_ADDRESS_VALIDITY: ASSERTION PASS
# TRANSFER_VALIDITY: ASSERTION PASS
# UVM_INFO ApbScoreboard.sv(39) @ 1915: uvm_test_top.env_h.scb_h [SB] EXPECTED TRANSACTION: size = 96 | TRANSFER = 1 | RW = 0 | WDATA = 37 | WPADDR = 119 | RPADDR = 14c
# ----------------------------------------------INPUT MONITOR-------------------------------------------------------
# --------------------------------------------
# Name                 Type        Size  Value
# --------------------------------------------
# ip_mon_h             ApbSeqItem  -     @709 
#   apb_write_paddr    integral    9     'h119
#   apb_read_paddr     integral    9     'h14c
#   apb_write_data     integral    8     'h37 
#   transfer           integral    1     'h1  
#   READ_WRITE         integral    1     'h0  
#   apb_read_data_out  integral    8     'h0  
# --------------------------------------------
# WRITE ADDRESS = 100011001  READ ADDRESS =101001100 || WRITE DATA =37
# THE RESET IS 1
# ----------------------------------------------INPUT MONITOR-------------------------------------------------------
# WRITE_ADDRESS_VALIDITY: ASSERTION PASS
# TRANSFER_VALIDITY: ASSERTION PASS
# UVM_INFO ApbScoreboard.sv(39) @ 1925: uvm_test_top.env_h.scb_h [SB] EXPECTED TRANSACTION: size = 97 | TRANSFER = 1 | RW = 0 | WDATA = 37 | WPADDR = 119 | RPADDR = 14c
# ----------------------------------------------INPUT MONITOR-------------------------------------------------------
# --------------------------------------------
# Name                 Type        Size  Value
# --------------------------------------------
# ip_mon_h             ApbSeqItem  -     @709 
#   apb_write_paddr    integral    9     'h119
#   apb_read_paddr     integral    9     'h14c
#   apb_write_data     integral    8     'h37 
#   transfer           integral    1     'h1  
#   READ_WRITE         integral    1     'h0  
#   apb_read_data_out  integral    8     'h0  
# --------------------------------------------
# WRITE ADDRESS = 100011001  READ ADDRESS =101001100 || WRITE DATA =37
# THE RESET IS 1
# ----------------------------------------------INPUT MONITOR-------------------------------------------------------
# UVM_INFO ApbScoreboard.sv(46) @ 1925: uvm_test_top.env_h.scb_h [SB] ACTUAL TRANSACTION: size = 1 | TRANSFER = 1 | RW = 0 | WPADDR = 119 | WDATA = 37 | RDATA = 0 | RPADDR = 14c
# ----------------------------------------------OUTPUT MONITOR-------------------------------------------------------
# --------------------------------------------
# Name                 Type        Size  Value
# --------------------------------------------
# op_mon_h             ApbSeqItem  -     @734 
#   apb_write_paddr    integral    9     'h119
#   apb_read_paddr     integral    9     'h14c
#   apb_write_data     integral    8     'h37 
#   transfer           integral    1     'h1  
#   READ_WRITE         integral    1     'h0  
#   apb_read_data_out  integral    8     'h0  
# --------------------------------------------
# ----------------------------------------------OUTPUT MONITOR-------------------------------------------------------
# FOR COMPARING : WRITE DATA =37 READ DATA OUT =xx
# -------------------------------------------------------------------WRITE--PASS---------------------------------------------------------------------
# UVM_INFO ApbScoreboard.sv(84) @ 1925: uvm_test_top.env_h.scb_h [COMPARE] WRITE PASS | EXPECTED WDATA = 37  ACTUAL WDATA =37 |EXPECTED  WRITE ADDR = 119 ACTUAL WRITE ADDR =119
# WRITE_ADDRESS_VALIDITY: ASSERTION PASS
# TRANSFER_VALIDITY: ASSERTION PASS
# UVM_INFO ApbScoreboard.sv(39) @ 1935: uvm_test_top.env_h.scb_h [SB] EXPECTED TRANSACTION: size = 97 | TRANSFER = 1 | RW = 0 | WDATA = 37 | WPADDR = 119 | RPADDR = 14c
# ----------------------------------------------INPUT MONITOR-------------------------------------------------------
# --------------------------------------------
# Name                 Type        Size  Value
# --------------------------------------------
# ip_mon_h             ApbSeqItem  -     @709 
#   apb_write_paddr    integral    9     'h119
#   apb_read_paddr     integral    9     'h14c
#   apb_write_data     integral    8     'h37 
#   transfer           integral    1     'h1  
#   READ_WRITE         integral    1     'h0  
#   apb_read_data_out  integral    8     'h0  
# --------------------------------------------
# WRITE ADDRESS = 100011001  READ ADDRESS =101001100 || WRITE DATA =37
# THE RESET IS 1
# ----------------------------------------------INPUT MONITOR-------------------------------------------------------
# WRITE_ADDRESS_VALIDITY: ASSERTION PASS
# TRANSFER_VALIDITY: ASSERTION PASS
# UVM_INFO ApbScoreboard.sv(39) @ 1945: uvm_test_top.env_h.scb_h [SB] EXPECTED TRANSACTION: size = 98 | TRANSFER = 1 | RW = 0 | WDATA = 37 | WPADDR = 119 | RPADDR = 14c
# ----------------------------------------------INPUT MONITOR-------------------------------------------------------
# --------------------------------------------
# Name                 Type        Size  Value
# --------------------------------------------
# ip_mon_h             ApbSeqItem  -     @709 
#   apb_write_paddr    integral    9     'h119
#   apb_read_paddr     integral    9     'h14c
#   apb_write_data     integral    8     'h37 
#   transfer           integral    1     'h1  
#   READ_WRITE         integral    1     'h0  
#   apb_read_data_out  integral    8     'h0  
# --------------------------------------------
# WRITE ADDRESS = 100011001  READ ADDRESS =101001100 || WRITE DATA =37
# THE RESET IS 1
# ----------------------------------------------INPUT MONITOR-------------------------------------------------------
# UVM_INFO ApbScoreboard.sv(46) @ 1945: uvm_test_top.env_h.scb_h [SB] ACTUAL TRANSACTION: size = 1 | TRANSFER = 1 | RW = 0 | WPADDR = 119 | WDATA = 37 | RDATA = 0 | RPADDR = 14c
# ----------------------------------------------OUTPUT MONITOR-------------------------------------------------------
# --------------------------------------------
# Name                 Type        Size  Value
# --------------------------------------------
# op_mon_h             ApbSeqItem  -     @734 
#   apb_write_paddr    integral    9     'h119
#   apb_read_paddr     integral    9     'h14c
#   apb_write_data     integral    8     'h37 
#   transfer           integral    1     'h1  
#   READ_WRITE         integral    1     'h0  
#   apb_read_data_out  integral    8     'h0  
# --------------------------------------------
# ----------------------------------------------OUTPUT MONITOR-------------------------------------------------------
# FOR COMPARING : WRITE DATA =37 READ DATA OUT =xx
# -------------------------------------------------------------------WRITE--PASS---------------------------------------------------------------------
# UVM_INFO ApbScoreboard.sv(84) @ 1945: uvm_test_top.env_h.scb_h [COMPARE] WRITE PASS | EXPECTED WDATA = 37  ACTUAL WDATA =37 |EXPECTED  WRITE ADDR = 119 ACTUAL WRITE ADDR =119
# WRITE_ADDRESS_VALIDITY: ASSERTION PASS
# TRANSFER_VALIDITY: ASSERTION PASS
# UVM_INFO verilog_src/uvm-1.1d/src/base/uvm_objection.svh(1268) @ 1955: reporter [TEST_DONE] 'run' phase is ready to proceed to the 'extract' phase
# UVM_INFO ApbCoverage.sv(90) @ 1955: uvm_test_top.env_h.cov_h [COVERAGE] 
#  Input coverage is 100.000000 
#  output coverage is 100.000000
# UVM_INFO ApbScoreboard.sv(118) @ 1955: uvm_test_top.env_h.scb_h [SCOREBOARD] -----------------------------
# UVM_INFO ApbScoreboard.sv(119) @ 1955: uvm_test_top.env_h.scb_h [SCOREBOARD] PASSED: 96
# UVM_INFO ApbScoreboard.sv(120) @ 1955: uvm_test_top.env_h.scb_h [SCOREBOARD] FAILED: 0
# UVM_INFO ApbScoreboard.sv(121) @ 1955: uvm_test_top.env_h.scb_h [SCOREBOARD] -----------------------------
# 
# --- UVM Report Summary ---
# 
# ** Report counts by severity
# UVM_INFO :  398
# UVM_WARNING :    0
# UVM_ERROR :    0
# UVM_FATAL :    0
# ** Report counts by id
# [COMPARE]    96
# [COVERAGE]     1
# [Questa UVM]     2
# [RNTST]     1
# [SB]   293
# [SCOREBOARD]     4
# [TEST_DONE]     1
# ** Note: $finish    : /tools/mentor/questasim_10.6c/questasim/linux/../verilog_src/uvm-1.1d/src/base/uvm_root.svh(430)
#    Time: 1955 ns  Iteration: 55  Instance: /top
# Saving coverage database on exit...
# End time: 11:53:44 on May 27,2025, Elapsed time: 0:00:04
# Errors: 0, Warnings: 2
